artikelnummer,typicality,
6039991,0.84755856,
6062701,0.8118934,
6064801,0.744338,
6325134,0.89717156,
6368421,0.48716176,
6389516,0.79299587,
6389517,0.8127551,
6458766,0.8137163,
6471837,0.6468751,
6499893,0.83603823,
6499897,0.84607303,
6506935,0.8002023,
6506941,0.6792715,
6506949,0.8031227,
6515414,0.4063878,
6515416,0.74384576,
6525922,0.22995149,
6537653,0.86298174,
6537654,0.8295973,
6537655,0.83774614,
6537688,0.8355022,
6537715,0.8301979,
6544855,0.8374017,
6544859,0.81207675,
6544860,0.7773598,
6544861,0.7425957,
6544862,0.7777119,
6544866,0.7891919,
6544868,0.8166851,
6544869,0.49887902,
6544870,0.51568997,
6544871,0.52228683,
6544873,0.6580513,
6545685,0.8179155,
6545686,0.77421767,
6560829,0.62529707,
6560830,0.644181,
6560962,0.8426204,
6562264,0.87520015,
6575891,0.70174783,
6577412,0.6924544,
6577413,0.5745739,
6582577,0.72536767,
6582578,0.7148034,
6589909,0.83333844,
6589910,0.775231,
6589915,0.84764236,
6617110,0.66316783,
6617111,0.64051193,
6648057,0.8961536,
6652384,0.8411901,
6656286,0.7928863,
6656492,0.8070283,
6659143,0.7065958,
6659144,0.67824256,
6659146,0.73165447,
6659148,0.613643,
6688180,0.6611207,
6692299,0.87190396,
6692302,0.7913372,
6692667,0.88077,
6692668,0.8345336,
6705950,0.8140935,
6732771,0.82614,
6737610,0.8513642,
6737633,0.8421811,
6737643,0.8802907,
6750718,0.5096138,
6751883,0.86153764,
6757682,0.89213973,
6757683,0.92880774,
6784707,0.82876146,
6795784,0.6722424,
6799603,0.74823016,
6799604,0.76810247,
6799816,0.75770074,
6799817,0.72224265,
6799818,0.7286978,
6799819,0.8092515,
6799820,0.79266036,
6831991,0.74443436,
6831992,0.8222446,
6831993,0.8044033,
6831994,0.81323904,
6833625,0.79921097,
6833626,0.7606173,
6833627,0.9235205,
6836468,0.17862333,
6842741,0.8538511,
6842742,0.8145674,
6842743,0.83625686,
6848990,0.54463273,
6850842,0.81224024,
6850843,0.7919967,
6850844,0.90086925,
6858973,0.7820461,
6858974,0.79603624,
6858975,0.80738455,
6858976,0.84865505,
6858977,0.8204126,
6858978,0.851942,
6863518,0.92327905,
6863521,0.90188515,
6869247,0.69874245,
6869297,0.82321745,
6869298,0.82621807,
6869299,0.8098692,
6879374,0.8045384,
6879396,0.7302082,
6879404,0.79840744,
6879751,0.2013633,
6883687,0.51135933,
6883688,0.6107839,
6883689,0.73418933,
6883690,0.7099621,
6886381,0.5113072,
6886385,0.5192161,
6886386,0.52383286,
6890681,0.70216185,
6892590,0.8467244,
6892593,0.8356216,
6892594,0.785612,
6892596,0.7736053,
6892597,0.7394583,
6892598,0.61653495,
6894173,0.8344852,
6894174,0.8100306,
6939137,0.9087853,
6939144,0.8819056,
6939145,0.9041416,
6939146,0.9041416,
6939147,0.8641517,
6939148,0.8641517,
6939896,0.8046863,
6949258,0.8169621,
6949259,0.85524994,
6949364,0.79005873,
6949365,0.89546305,
6949844,0.77721685,
6949845,0.74548745,
6949846,0.88147783,
6955908,0.8283981,
6965169,0.8616526,
6965170,0.81903255,
6965837,0.89780974,
6968452,0.4788828,
6968453,0.6723813,
6970339,0.5519668,
6970340,0.6739852,
6970341,0.5886323,
6970355,0.82540244,
6970431,0.8318497,
6970462,0.9169895,
6970463,0.92139375,
6972469,0.84055823,
6972470,0.9074765,
6972520,0.90772325,
6974401,0.6979491,
6976333,0.88894236,
6976334,0.8012425,
6976338,0.87966365,
6978929,0.5976806,
6980987,0.93210125,
6984191,0.22258797,
6984192,0.2451362,
6984193,0.2526076,
6984194,0.27277753,
6986785,0.8449048,
6986803,0.8202999,
6988372,0.5999572,
6989102,0.85914284,
6989103,0.82560366,
6990663,0.49231175,
6990664,0.49562198,
6992122,0.8014714,
6992964,0.8461044,
6992965,0.8339307,
6992966,0.81638026,
6992970,0.8542951,
6993398,0.8859435,
6993402,0.8403311,
6994491,0.8031,
6994492,0.87116224,
6994493,0.8858634,
6994494,0.8375814,
6994495,0.83008343,
6994500,0.881935,
6994501,0.8689327,
6994502,0.8564383,
6994503,0.8530331,
6994504,0.8940305,
6994505,0.780559,
6994507,0.7641386,
6994508,0.726866,
6994513,0.72417104,
7001949,0.52131885,
7001953,0.82156247,
7002319,0.70262825,
7002322,0.8986759,
7002323,0.7960306,
7002553,0.73224515,
7002554,0.673009,
7002555,0.76937217,
7003975,0.48611042,
7003977,0.79860395,
7005957,0.52580726,
7006733,0.90760183,
7006736,0.8828052,
7008673,0.8988414,
7008747,0.41937566,
7008748,0.39212897,
7020209,0.42561278,
7022660,0.8184963,
7023368,0.72357327,
7027081,0.8331517,
7027082,0.8331517,
7027298,0.828577,
7027886,0.88824964,
7028328,0.2359795,
7029813,0.50330675,
7029815,0.5026254,
7029817,0.5607156,
7029821,0.5483042,
7029831,0.5724465,
7031611,0.7183902,
7031614,0.6407565,
7033512,0.58229524,
7033513,0.6055731,
7038989,0.82470506,
7039027,0.90821123,
7039028,0.88848525,
7039054,0.88796145,
7039055,0.92997444,
7040049,0.8980836,
7040058,0.8946751,
7040059,0.8795419,
7040472,0.9118695,
7040473,0.90153605,
7042166,0.8044816,
7042167,0.7367275,
7042168,0.7463908,
7045179,0.22949502,
7045180,0.27679038,
7045181,0.22732536,
7045183,0.21017538,
7045184,0.28700435,
7045185,0.26209566,
7046570,0.26106223,
7048566,0.7209595,
7048567,0.71596014,
7048568,0.7312006,
7049095,0.8020329,
7049097,0.78396547,
7054496,0.68027496,
7054867,0.7910451,
7054878,0.8025678,
7061400,0.60923356,
7061401,0.6857028,
7061403,0.5740243,
7061404,0.72287774,
7061914,0.50237787,
7066084,0.7188815,
7066353,0.7425689,
7066354,0.76618075,
7066577,0.49598226,
7066578,0.6712334,
7066595,0.6673695,
7066597,0.71478844,
7066604,0.6210409,
7067326,0.8439307,
7067327,0.8068085,
7067328,0.7767388,
7067329,0.84706765,
7067330,0.82916236,
7067331,0.7541539,
7067882,0.88478994,
7067883,0.88594216,
7068870,0.945133,
7068917,0.8275555,
7068962,0.90139097,
7068963,0.90139097,
7068969,0.87709,
7068970,0.87709,
7069524,0.7682306,
7069525,0.7435231,
7069528,0.8242769,
7069529,0.7652996,
7069530,0.86567867,
7069532,0.8019776,
7069533,0.8220413,
7069535,0.8739617,
7069536,0.8720136,
7070146,0.2709677,
7070152,0.2979274,
7070158,0.32488662,
7070159,0.36647364,
7070160,0.32181028,
7070163,0.31514642,
7070196,0.35214254,
7070249,0.28324026,
7070254,0.4501941,
7070908,0.85611576,
7070909,0.846733,
7070910,0.83484054,
7070911,0.7577386,
7070912,0.81811655,
7070916,0.86586004,
7071211,0.7554298,
7071218,0.7699583,
7071569,0.8513615,
7071570,0.8073609,
7071571,0.84292614,
7071575,0.77561635,
7071576,0.8414582,
7071671,0.55276984,
7071673,0.89234644,
7071674,0.779545,
7071680,0.7694834,
7071681,0.826305,
7071682,0.9084102,
7071683,0.65853924,
7071685,0.56430584,
7071686,0.5876142,
7073808,0.83888656,
7073809,0.8146259,
7073810,0.8220436,
7073811,0.5756892,
7073812,0.68482304,
7073813,0.70367134,
7073814,0.62531173,
7073815,0.91091996,
7073843,0.8837094,
7073844,0.9087853,
7073860,0.2082085,
7073861,0.24520676,
7073866,0.22145328,
7073867,0.22637938,
7075423,0.8138419,
7075443,0.7350272,
7076828,0.8382657,
7076829,0.8467087,
7078526,0.850122,
7079644,0.8416823,
7082061,0.80570894,
7086117,0.67628366,
7086119,0.5747382,
7086120,0.634947,
7086122,0.62266773,
7086125,0.59425545,
7086126,0.7312828,
7086927,0.64738554,
7086936,0.6836659,
7087199,0.63886714,
7087308,0.58402014,
7087309,0.617305,
7087310,0.65475154,
7088747,0.90105563,
7088748,0.7899939,
7089251,0.681678,
7089311,0.5246991,
7089514,0.5703307,
7089515,0.52745044,
7089522,0.53764725,
7089523,0.63068736,
7089524,0.5366812,
7090363,0.74356484,
7090364,0.7026171,
7090365,0.7249363,
7091141,0.7993776,
7091143,0.8413379,
7091147,0.8130235,
7091613,0.90149766,
7091614,0.9033064,
7091857,0.6396939,
7091858,0.69055825,
7092609,0.9073828,
7092611,0.8903716,
7092794,0.6171151,
7093867,0.58511406,
7093936,0.72334,
7093937,0.74447924,
7093940,0.70314544,
7093943,0.7320207,
7093944,0.61732596,
7095098,0.8912931,
7095373,0.7665282,
7095400,0.5894628,
7095409,0.6359668,
7095603,0.7570799,
7095605,0.91418993,
7095608,0.7043126,
7095609,0.6970177,
7095611,0.69585997,
7095635,0.8588922,
7095806,0.8337725,
7095807,0.8422568,
7095808,0.8603938,
7095810,0.87495214,
7095811,0.772836,
7095812,0.7997056,
7095813,0.76692986,
7095814,0.75525427,
7096144,0.6588467,
7096622,0.9052156,
7096645,0.67553556,
7097445,0.8494887,
7097447,0.77929235,
7102681,0.6252894,
7102683,0.6340967,
7102734,0.83680475,
7102735,0.85263294,
7102737,0.7681944,
7102811,0.7772768,
7106338,0.21271469,
7106339,0.2401039,
7106341,0.21596088,
7106489,0.8980772,
7107546,0.2708152,
7107564,0.2524117,
7107579,0.2582306,
7107609,0.26468337,
7107613,0.2560459,
7107616,0.267752,
7108507,0.8709003,
7108988,0.90200007,
7108989,0.9004541,
7109280,0.81399333,
7111243,0.7861499,
7111374,0.6988489,
7112478,0.38714877,
7114437,0.80944484,
7114438,0.8398394,
7114879,0.84782994,
7114880,0.77287185,
7114884,0.7359128,
7114885,0.6542189,
7115360,0.7121378,
7115361,0.916346,
7115521,0.7640429,
7115529,0.7269095,
7115530,0.79404706,
7115534,0.7754799,
7118436,0.7314765,
7120093,0.8622852,
7120094,0.80693966,
7120095,0.8055683,
7120096,0.8184187,
7120097,0.87541837,
7120098,0.88461024,
7120101,0.53533113,
7120102,0.56953454,
7120103,0.68580234,
7120104,0.77398527,
7120105,0.57655877,
7120106,0.7055329,
7120107,0.847108,
7121622,0.8410474,
7121801,0.13014121,
7122271,0.8088566,
7122999,0.79502356,
7123000,0.78528905,
7123001,0.825897,
7123002,0.7889954,
7123003,0.8764779,
7123004,0.89391106,
7123954,0.84293264,
7124752,0.8700469,
7125743,0.92110986,
7125746,0.75795484,
7125838,0.8568161,
7126004,0.6243153,
7126005,0.6307491,
7126039,0.92270744,
7126040,0.5977688,
7126041,0.57811886,
7126052,0.9070986,
7126850,0.7560138,
7126887,0.93357193,
7126888,0.94877106,
7126889,0.88786316,
7127073,0.64042324,
7127159,0.60560644,
7127162,0.55242914,
7127168,0.5288297,
7127372,0.49954316,
7127374,0.48431617,
7127376,0.49953887,
7127378,0.58364344,
7127379,0.44356388,
7127381,0.5232026,
7127382,0.56647295,
7127383,0.60751253,
7127507,0.78539985,
7127831,0.838678,
7128010,0.70054185,
7128071,0.6363042,
7128072,0.8503912,
7128164,0.7834536,
7128165,0.7644551,
7128465,0.84466255,
7128466,0.82300764,
7128488,0.8036364,
7128489,0.709608,
7128490,0.7302791,
7129334,0.75270766,
7129336,0.83575934,
7129352,0.61315054,
7129353,0.66501683,
7129887,0.2699452,
7129888,0.28844628,
7129890,0.27391738,
7129891,0.32237664,
7129892,0.29284683,
7129893,0.2927012,
7129894,0.310134,
7129895,0.3129267,
7129898,0.29814738,
7129904,0.28810272,
7129909,0.3408414,
7129952,0.5343913,
7129953,0.43737617,
7129954,0.44322312,
7130027,0.31246603,
7130031,0.22728622,
7130032,0.25638565,
7130033,0.2668537,
7130034,0.2524267,
7130404,0.7796395,
7130425,0.8882477,
7130429,0.8498495,
7130437,0.7264335,
7131671,0.72088796,
7131693,0.7397742,
7131695,0.59603244,
7131699,0.67316717,
7131701,0.78133434,
7131723,0.7147017,
7131724,0.77149844,
7132012,0.36832094,
7132208,0.8253418,
7132210,0.86765075,
7132390,0.8627745,
7132394,0.8992411,
7132402,0.8968368,
7132410,0.897932,
7133719,0.68567216,
7133725,0.72093326,
7134265,0.81595886,
7134266,0.780354,
7134268,0.7197503,
7134269,0.6533845,
7134270,0.73667216,
7134274,0.82194674,
7136662,0.8139963,
7137535,0.8338535,
7137536,0.91769755,
7137550,0.85271364,
7137612,0.8336169,
7137666,0.82891256,
7137668,0.8811685,
7137672,0.80221003,
7137747,0.8895504,
7137805,0.90927374,
7137831,0.8622436,
7137861,0.7772889,
7137872,0.8492095,
7137873,0.6228418,
7137875,0.8249576,
7137878,0.8358004,
7137879,0.839808,
7137883,0.7523471,
7138873,0.8600022,
7138898,0.809668,
7139480,0.8585005,
7139481,0.8966368,
7139745,0.3155352,
7142421,0.26932356,
7142422,0.2735749,
7142423,0.26104948,
7142424,0.28611025,
7142425,0.2702827,
7142426,0.2636417,
7142427,0.2811866,
7142428,0.25393528,
7142429,0.28879434,
7142472,0.8277565,
7142910,0.77374077,
7143260,0.681358,
7145610,0.64544684,
7145611,0.9146753,
7145612,0.7889492,
7146310,0.6086116,
7146311,0.58948004,
7146312,0.5276082,
7146951,0.56361216,
7147052,0.8485638,
7147053,0.86298937,
7147054,0.46236467,
7147055,0.43801153,
7147056,0.5412614,
7147401,0.62337774,
7148617,0.8774677,
7148653,0.7562974,
7148654,0.79977965,
7148687,0.8542863,
7149336,0.5990431,
7149337,0.5314169,
7149609,0.5313297,
7149610,0.5475982,
7149612,0.5930454,
7149613,0.61117077,
7149614,0.60820585,
7149615,0.58523256,
7149623,0.5841414,
7149624,0.4293297,
7149625,0.60048246,
7149626,0.50107723,
7150062,0.8149691,
7150089,0.8203146,
7150139,0.8512276,
7150149,0.67284775,
7150853,0.91174215,
7150854,0.8808247,
7150855,0.8868434,
7150970,0.5870521,
7150971,0.71389776,
7150980,0.7489297,
7151428,0.44007596,
7151433,0.64041317,
7151445,0.71043164,
7151454,0.7235978,
7151470,0.85106677,
7151491,0.8220633,
7151492,0.8155044,
7151496,0.6838705,
7151498,0.7798172,
7151500,0.65883946,
7151501,0.6381385,
7151503,0.7372438,
7152840,0.70241654,
7152841,0.5237566,
7152842,0.5797,
7152843,0.61428505,
7152844,0.5816965,
7152845,0.68658733,
7152914,0.8156217,
7152916,0.703891,
7152920,0.6118142,
7152922,0.50531155,
7152923,0.7011737,
7152963,0.62757814,
7152964,0.6023716,
7152976,0.5896702,
7152977,0.57144934,
7152978,0.60435754,
7152979,0.6247091,
7152980,0.61694753,
7152981,0.7367447,
7153881,0.71039,
7153951,0.7689313,
7153953,0.53315705,
7154452,0.59008646,
7154586,0.9041731,
7154588,0.9041731,
7155623,0.4161422,
7155693,0.7738906,
7155695,0.691046,
7155696,0.724596,
7155698,0.82766837,
7155725,0.87187284,
7155738,0.8385651,
7155741,0.6895527,
7155764,0.7740732,
7156365,0.8286586,
7156500,0.9496886,
7156502,0.8418551,
7156521,0.9232968,
7156736,0.7689884,
7157235,0.8386163,
7157236,0.7503409,
7157238,0.7700725,
7157254,0.80702585,
7157392,0.8035227,
7158156,0.8630309,
7158157,0.90627676,
7158171,0.88388926,
7158175,0.8179264,
7158176,0.8883558,
7158194,0.9214605,
7158741,0.7888543,
7158764,0.77810717,
7158933,0.8985533,
7158934,0.9029555,
7158935,0.925981,
7158936,0.93265533,
7159120,0.29449263,
7159121,0.26048928,
7159123,0.22086352,
7159125,0.20550118,
7159127,0.27348164,
7159129,0.30852583,
7159136,0.3169151,
7159137,0.37969917,
7159140,0.19305888,
7159148,0.31595576,
7159150,0.3071304,
7159151,0.2652765,
7159152,0.255863,
7159153,0.20391798,
7159154,0.2355022,
7159156,0.3177422,
7159160,0.34666643,
7159162,0.396654,
7159164,0.20783421,
7159177,0.207543,
7159191,0.24675803,
7159980,0.76947427,
7159981,0.84612495,
7160088,0.7680373,
7160178,0.5059446,
7160209,0.9017659,
7160259,0.8728735,
7160390,0.8565724,
7160454,0.79964674,
7160464,0.8087052,
7160466,0.90083826,
7160475,0.8172311,
7160514,0.840778,
7160516,0.8346621,
7160517,0.8176231,
7160518,0.79549396,
7160519,0.8665169,
7160548,0.9192534,
7160593,0.31093577,
7160595,0.30271205,
7160670,0.6070494,
7161467,0.67978084,
7161468,0.8236996,
7161469,0.75733346,
7161470,0.649556,
7161471,0.5569462,
7161472,0.50878876,
7161473,0.36073014,
7161474,0.3904472,
7161475,0.5411871,
7161714,0.7564415,
7161715,0.74537843,
7161716,0.7949459,
7161789,0.82167566,
7161848,0.47871476,
7161849,0.4326743,
7161869,0.41334787,
7161915,0.885329,
7161918,0.864445,
7162301,0.6833491,
7162305,0.72781384,
7162332,0.80253124,
7162335,0.83392316,
7162336,0.81308705,
7162430,0.8475355,
7162592,0.7317773,
7162605,0.8721982,
7162850,0.7123853,
7162853,0.76910716,
7162865,0.771299,
7162867,0.7201918,
7162889,0.6445569,
7162890,0.70413876,
7162916,0.72442245,
7162953,0.72554094,
7165410,0.8226385,
7165411,0.91226584,
7166431,0.21889499,
7168506,0.8497277,
7168507,0.8759471,
7168508,0.8760426,
7168509,0.79865867,
7168510,0.7904723,
7170251,0.5989757,
7170252,0.5398858,
7170253,0.54838246,
7170254,0.5021593,
7171716,0.8092767,
7171717,0.8379646,
7171719,0.7547914,
7171723,0.65531135,
7174979,0.79907936,
7174980,0.75895643,
7174999,0.837326,
7175000,0.70982814,
7175001,0.7005347,
7175002,0.7084555,
7175003,0.5089871,
7175004,0.67056876,
7175528,0.66521263,
7175550,0.7598371,
7175652,0.80570555,
7175653,0.7878908,
7175654,0.79934025,
7175659,0.7000704,
7176189,0.62324387,
7176346,0.9026642,
7176352,0.78057235,
7176353,0.74105513,
7176355,0.8277572,
7176467,0.69279563,
7176470,0.9172802,
7177126,0.8836482,
7177375,0.6787178,
7177501,0.90309453,
7177503,0.7461022,
7177507,0.71058786,
7178496,0.9064757,
7178497,0.75937974,
7178498,0.8777156,
7178499,0.8616194,
7178500,0.83673203,
7178501,0.85056996,
7178502,0.81639266,
7178504,0.8572744,
7178506,0.743355,
7178507,0.7115134,
7178508,0.7781196,
7178509,0.6584037,
7178510,0.5961587,
7178511,0.89994556,
7178512,0.8736638,
7178513,0.8134285,
7178514,0.7655149,
7178515,0.5646693,
7178516,0.6298464,
7178517,0.7992048,
7178518,0.7157769,
7178521,0.5757546,
7178522,0.71000946,
7178525,0.6866076,
7178588,0.8502626,
7178589,0.8386309,
7178590,0.8719609,
7178591,0.83871484,
7178592,0.8434006,
7178593,0.8511206,
7178594,0.84792596,
7178595,0.79307014,
7178596,0.8600837,
7178597,0.8282694,
7178598,0.8312596,
7178600,0.77969944,
7178601,0.85916036,
7178602,0.8167406,
7178603,0.81835663,
7178605,0.84711367,
7178606,0.85915214,
7178607,0.8557079,
7178608,0.81914645,
7178610,0.7834845,
7178611,0.6492388,
7178613,0.5284025,
7178617,0.75788707,
7178618,0.8489995,
7178619,0.7091688,
7178620,0.76934034,
7178621,0.84301704,
7178622,0.66599894,
7178623,0.62838495,
7178624,0.74482465,
7178625,0.7080279,
7178626,0.7534297,
7178627,0.6826065,
7178628,0.8308186,
7178629,0.7701661,
7178630,0.7173458,
7178631,0.6642294,
7178632,0.9028599,
7178633,0.7625862,
7178634,0.79161555,
7178635,0.77402776,
7178636,0.78379524,
7178640,0.81104535,
7178641,0.7167526,
7178642,0.78918713,
7178645,0.6636273,
7178646,0.7211845,
7178647,0.6076212,
7178649,0.8699766,
7178650,0.68664867,
7178651,0.83261895,
7178652,0.76201284,
7178653,0.7170324,
7178654,0.80894226,
7178655,0.77480125,
7178656,0.7176422,
7178657,0.61465216,
7178658,0.7564766,
7178659,0.74856025,
7178660,0.78719866,
7178661,0.7025601,
7178662,0.7860269,
7178663,0.80615157,
7178664,0.86961025,
7178782,0.7638113,
7178783,0.7175753,
7178784,0.7719016,
7178785,0.79189605,
7178786,0.7784247,
7178787,0.7143433,
7178788,0.69105446,
7178789,0.7315721,
7178790,0.5099899,
7178791,0.52879626,
7178792,0.5111315,
7179430,0.901088,
7179434,0.88704586,
7179438,0.7392332,
7179439,0.73957944,
7179441,0.68197054,
7179442,0.75896066,
7179443,0.66198295,
7179445,0.6578156,
7179446,0.7716633,
7179447,0.7589485,
7179448,0.750017,
7179624,0.7263377,
7179625,0.7570605,
7179626,0.69519573,
7179628,0.6925188,
7179629,0.6601064,
7179630,0.7490235,
7179631,0.70144355,
7179632,0.69576997,
7179633,0.6510922,
7179634,0.7194565,
7179681,0.79174286,
7179683,0.9177265,
7179685,0.80243814,
7179686,0.8315089,
7179687,0.7456901,
7180071,0.75466305,
7180072,0.78388894,
7180073,0.75191647,
7180074,0.7153346,
7180076,0.7539416,
7180077,0.55325776,
7180078,0.6143928,
7180079,0.55240136,
7180081,0.4962172,
7180084,0.5614374,
7180085,0.70359147,
7180086,0.6658019,
7180088,0.8238271,
7180089,0.65659744,
7180090,0.7177301,
7180091,0.6246003,
7180092,0.39832672,
7180093,0.7049598,
7180094,0.674932,
7180095,0.6629683,
7180096,0.7592632,
7180287,0.7267972,
7180288,0.56187564,
7180289,0.5670492,
7180290,0.6385334,
7180291,0.5279639,
7180297,0.6034144,
7180298,0.6065739,
7180299,0.5651285,
7180300,0.45108852,
7180301,0.56249225,
7180302,0.5323244,
7180303,0.52736676,
7180304,0.559806,
7180305,0.59307194,
7180306,0.594463,
7180307,0.6003528,
7180309,0.5908101,
7180316,0.63822126,
7180317,0.63217866,
7180318,0.6579122,
7180319,0.60548717,
7180320,0.659489,
7180321,0.6086877,
7180427,0.87344444,
7180429,0.87825876,
7180445,0.7322271,
7180454,0.80400676,
7180485,0.61821526,
7180486,0.5589973,
7180487,0.49680007,
7180692,0.8341797,
7180694,0.82630646,
7180740,0.52933913,
7180741,0.5407159,
7180742,0.5034724,
7180743,0.45894578,
7180744,0.39189377,
7180745,0.4160435,
7180749,0.5266426,
7180750,0.576515,
7180751,0.59372437,
7180752,0.49014276,
7180753,0.5073139,
7180754,0.5461832,
7180755,0.6086432,
7180756,0.5639953,
7180757,0.54603386,
7180758,0.593916,
7180759,0.60870516,
7180761,0.5099246,
7180762,0.52471566,
7180763,0.59439665,
7180764,0.5207827,
7180765,0.5493748,
7180789,0.7670808,
7180790,0.7803827,
7180791,0.7251321,
7180834,0.77673084,
7180835,0.8131208,
7180836,0.7619752,
7180837,0.8100055,
7180838,0.79555476,
7180839,0.7731486,
7180841,0.8532581,
7180842,0.80025464,
7180844,0.8442711,
7180845,0.77837247,
7180846,0.73327845,
7180847,0.68829495,
7180848,0.6626138,
7180849,0.58506984,
7180850,0.7312123,
7180852,0.5264822,
7180855,0.829143,
7180857,0.7914877,
7180859,0.82810724,
7180860,0.80870426,
7180861,0.75687534,
7180862,0.44792363,
7180863,0.7594372,
7180864,0.7518313,
7180865,0.5890691,
7180866,0.62758034,
7180867,0.82261604,
7180868,0.8782066,
7180869,0.77471966,
7180870,0.6836294,
7181055,0.7585065,
7181056,0.83665025,
7181058,0.8163902,
7181059,0.7995763,
7181060,0.7704402,
7181061,0.7571245,
7181064,0.8404471,
7181065,0.8787382,
7181066,0.6552896,
7181068,0.8244299,
7181069,0.4284024,
7181070,0.59641653,
7181072,0.53480124,
7181073,0.6234603,
7181074,0.49341646,
7181075,0.7484752,
7181076,0.6363158,
7181077,0.78379506,
7181080,0.76047987,
7181082,0.4664635,
7181083,0.7920458,
7181084,0.7248779,
7181085,0.51461446,
7181086,0.73508346,
7181087,0.813025,
7181088,0.8437204,
7181089,0.8433532,
7181090,0.6979172,
7181091,0.7253153,
7181092,0.67806125,
7181094,0.70706314,
7181095,0.70290864,
7181151,0.6303888,
7181152,0.7740918,
7181154,0.87463427,
7181155,0.78057545,
7181156,0.74731725,
7181157,0.77475053,
7181158,0.79729587,
7181159,0.53455585,
7181160,0.88984245,
7181162,0.74058586,
7181164,0.8019212,
7181165,0.73526084,
7181170,0.7236088,
7181171,0.70863783,
7181172,0.7287927,
7181173,0.7474069,
7181174,0.8132019,
7181175,0.81925744,
7181176,0.79206955,
7181178,0.6116918,
7181179,0.7503918,
7181487,0.8411501,
7181488,0.7740578,
7181497,0.6712102,
7181498,0.55515444,
7181499,0.5003114,
7181500,0.60879254,
7181501,0.64131874,
7181533,0.78969157,
7181534,0.8809827,
7181535,0.7674808,
7181536,0.67964727,
7181537,0.8036764,
7181538,0.8178896,
7181539,0.85227805,
7181540,0.82604665,
7181541,0.79040724,
7181542,0.83501875,
7181543,0.78938156,
7181544,0.8006409,
7181545,0.7730541,
7181546,0.85630214,
7181547,0.7694385,
7181594,0.64991194,
7181595,0.745063,
7181596,0.62629896,
7181597,0.6750296,
7181598,0.6459186,
7181599,0.7221882,
7181600,0.70474714,
7181601,0.66292953,
7181602,0.6064793,
7181603,0.63595486,
7181604,0.73509824,
7181605,0.70802903,
7181651,0.83772814,
7181652,0.8394107,
7181653,0.8759501,
7181654,0.8094889,
7181655,0.72394836,
7181656,0.8539529,
7181657,0.82913744,
7181658,0.87275493,
7181659,0.71126264,
7181660,0.8181913,
7181661,0.79176193,
7181662,0.8308613,
7181663,0.7025791,
7181664,0.8745108,
7181665,0.83959645,
7181666,0.82364255,
7181667,0.78188235,
7181668,0.7245611,
7181669,0.7544607,
7181670,0.7615074,
7181671,0.81820345,
7181672,0.81696045,
7181673,0.81715006,
7181675,0.7537344,
7181676,0.7711432,
7181677,0.7979653,
7181720,0.76050943,
7181772,0.8671348,
7181773,0.8206607,
7181774,0.86705756,
7181775,0.9024409,
7181779,0.5829165,
7181780,0.62548184,
7181781,0.82537144,
7181787,0.7151139,
7181788,0.78626364,
7181808,0.745845,
7181809,0.71935636,
7181818,0.7531918,
7181819,0.8303496,
7181820,0.89375764,
7181821,0.8476042,
7181822,0.8668994,
7181823,0.8204134,
7181825,0.7592816,
7181915,0.82088447,
7181916,0.8185395,
7181917,0.79613304,
7181918,0.8169694,
7181934,0.71088946,
7181935,0.7443445,
7181936,0.7193103,
7181937,0.8612721,
7181938,0.8974649,
7181939,0.79917115,
7181940,0.9037708,
7181941,0.69540393,
7181942,0.79315174,
7181943,0.8404482,
7181944,0.50015426,
7181945,0.51381826,
7181946,0.4453961,
7181947,0.87617886,
7181948,0.7680195,
7181949,0.8030163,
7182058,0.7661112,
7182061,0.8251508,
7182109,0.78268266,
7182110,0.76755184,
7182111,0.83961654,
7182112,0.8219237,
7182157,0.73897433,
7182158,0.73492515,
7182167,0.88022655,
7182168,0.83907276,
7182169,0.8521873,
7182170,0.90675676,
7182171,0.90675676,
7182175,0.9056938,
7182176,0.9031381,
7182196,0.77958626,
7182214,0.778195,
7182215,0.7754808,
7182216,0.7837825,
7182217,0.712648,
7182218,0.7273525,
7182219,0.8038005,
7182220,0.8586352,
7182221,0.79176664,
7182224,0.8286195,
7182225,0.7796397,
7182226,0.9056726,
7182227,0.8784653,
7182228,0.8738392,
7182229,0.73006314,
7182230,0.7178277,
7182231,0.7845933,
7182232,0.7087505,
7182233,0.8533721,
7182256,0.73196065,
7182333,0.66549635,
7182334,0.67972916,
7182335,0.6860787,
7182336,0.5866221,
7182476,0.64817667,
7182496,0.8974181,
7182528,0.9342333,
7182533,0.8520225,
7182534,0.8520225,
7182582,0.8983731,
7182583,0.8946082,
7182646,0.9065174,
7182647,0.89364845,
7182811,0.8005261,
7182812,0.88969,
7182836,0.49905986,
7182837,0.5277386,
7182929,0.84947914,
7183036,0.55502474,
7183037,0.6524504,
7183038,0.715559,
7183039,0.6701395,
7183040,0.56091744,
7183041,0.63313705,
7183042,0.7559682,
7183043,0.7375942,
7183044,0.8372983,
7183045,0.8383139,
7183046,0.5597617,
7183047,0.4709202,
7183048,0.81306773,
7183052,0.67844266,
7183055,0.5125709,
7183056,0.6062686,
7183057,0.6530479,
7183058,0.6242636,
7183059,0.81547296,
7183060,0.6026768,
7183065,0.7824182,
7183126,0.80192196,
7183719,0.6847222,
7183720,0.842052,
7183721,0.80610466,
7183729,0.5853427,
7183769,0.7282876,
7183771,0.9070172,
7183777,0.8211429,
7183778,0.73980457,
7183780,0.82526517,
7183781,0.9092477,
7183784,0.8052563,
7183791,0.5119226,
7183792,0.7321344,
7183795,0.46900094,
7183796,0.45806262,
7183801,0.4162284,
7184214,0.76057094,
7184217,0.7873366,
7184233,0.7545716,
7184252,0.77333313,
7184253,0.7980583,
7184256,0.7382509,
7184257,0.7163567,
7184258,0.73325753,
7184260,0.7172073,
7184263,0.7013087,
7184516,0.53371847,
7184517,0.6467881,
7184518,0.6616452,
7184535,0.8324819,
7184539,0.72573775,
7184540,0.7637451,
7184807,0.28250778,
7184808,0.24718373,
7184809,0.25172657,
7184810,0.25022733,
7184811,0.33133632,
7184813,0.35520267,
7184816,0.32239118,
7184817,0.28690505,
7184818,0.242749,
7184819,0.2967511,
7184820,0.33106297,
7184821,0.3436143,
7184822,0.28569636,
7184823,0.3250652,
7184824,0.37389952,
7184825,0.2532469,
7184826,0.286088,
7184827,0.3222003,
7184828,0.31115097,
7184829,0.26728317,
7184830,0.34095812,
7184831,0.3107374,
7184832,0.21658735,
7184833,0.2530268,
7184834,0.27540928,
7184835,0.33704463,
7184836,0.2274462,
7184837,0.26020613,
7184838,0.2632019,
7184839,0.22294351,
7184840,0.21708257,
7184841,0.24766108,
7184842,0.35878316,
7184843,0.24729274,
7184844,0.26943678,
7184845,0.25851563,
7184846,0.27586338,
7184847,0.30728775,
7184848,0.26266196,
7184849,0.28185278,
7184850,0.2378648,
7184851,0.33516288,
7184852,0.3097248,
7184853,0.33256072,
7184854,0.2681231,
7184855,0.29667583,
7184856,0.23143095,
7184857,0.28525364,
7184859,0.31815484,
7184860,0.36709926,
7184861,0.29671657,
7184862,0.27242753,
7184863,0.19340576,
7184864,0.18936881,
7184865,0.28826794,
7184866,0.25673127,
7184867,0.23992825,
7184868,0.32820818,
7184869,0.26883203,
7184870,0.24917603,
7184871,0.26829004,
7184872,0.250684,
7184873,0.33881238,
7184874,0.22889437,
7184875,0.19810247,
7184876,0.27411997,
7184877,0.40381402,
7184878,0.35057187,
7184879,0.37393808,
7184880,0.40626377,
7184881,0.25635073,
7184882,0.22769785,
7184883,0.33109364,
7184884,0.2586181,
7184885,0.32110527,
7184886,0.2748362,
7184887,0.22359072,
7184888,0.22944781,
7184889,0.21397348,
7184890,0.20062418,
7184893,0.36545017,
7184896,0.29994848,
7184897,0.23142731,
7184898,0.27020136,
7184954,0.83522344,
7184956,0.7315937,
7184957,0.54015326,
7185305,0.73548657,
7185306,0.7263099,
7185314,0.73693573,
7185315,0.8674666,
7185318,0.92007947,
7185430,0.5036882,
7185453,0.7558262,
7185456,0.8381871,
7185459,0.684559,
7185461,0.6256682,
7185467,0.6695962,
7185470,0.7755233,
7185475,0.80557805,
7186269,0.3615486,
7186270,0.3355735,
7186271,0.31106696,
7186272,0.44861457,
7186273,0.41976446,
7186275,0.27950534,
7186276,0.22180046,
7186277,0.25863615,
7186278,0.24722259,
7186279,0.28393793,
7186280,0.2859778,
7186281,0.2735599,
7186282,0.25904372,
7186284,0.3207273,
7186285,0.18859343,
7186286,0.21321005,
7186384,0.8336353,
7186386,0.4920755,
7186388,0.48816696,
7186389,0.48154935,
7186390,0.4692575,
7186391,0.427084,
7186791,0.51808584,
7186792,0.5458949,
7186793,0.60102606,
7186794,0.5217932,
7186795,0.54243207,
7186796,0.42210755,
7186797,0.4533804,
7186798,0.83461845,
7187077,0.88529783,
7187138,0.84783006,
7187310,0.8495945,
7187363,0.7428556,
7187364,0.8187429,
7187594,0.8428213,
7188065,0.31712908,
7188638,0.88726944,
7188829,0.8966167,
7188830,0.9174113,
7188949,0.79376763,
7188950,0.7578381,
7188951,0.5820405,
7188952,0.83076674,
7188953,0.8395134,
7188954,0.8487789,
7188955,0.7563422,
7188956,0.8195873,
7188957,0.88470703,
7188958,0.7579256,
7188959,0.87784004,
7188960,0.8800796,
7188961,0.8742301,
7188962,0.8500926,
7188963,0.7663487,
7188964,0.76166505,
7188965,0.840893,
7188966,0.6722351,
7188967,0.65485644,
7188968,0.79680127,
7188969,0.6893605,
7188970,0.8523521,
7188971,0.79916215,
7188973,0.7894963,
7188974,0.6754578,
7188975,0.85668755,
7188976,0.8625215,
7188977,0.7061504,
7188978,0.5464485,
7188979,0.8246029,
7188980,0.7728873,
7188981,0.7856174,
7188982,0.93354875,
7188983,0.89527506,
7188984,0.82422096,
7188986,0.88438255,
7188987,0.68458676,
7188988,0.79491293,
7188989,0.8015934,
7188990,0.80709755,
7188991,0.6993877,
7188992,0.64737993,
7188999,0.5388257,
7189000,0.4995667,
7189381,0.90857387,
7189382,0.84231204,
7189383,0.8726511,
7189384,0.91402227,
7189385,0.82660115,
7189387,0.87191904,
7189389,0.9134189,
7189452,0.9277608,
7189706,0.788582,
7189937,0.44647676,
7189938,0.74097335,
7189939,0.7719388,
7189940,0.7652173,
7189941,0.5748818,
7189942,0.77311814,
7189944,0.5727641,
7189948,0.6260086,
7189949,0.7103947,
7189951,0.53668565,
7189952,0.50225186,
7189953,0.72983545,
7189956,0.8054508,
7189957,0.74819815,
7189958,0.73722464,
7189962,0.74339104,
7189963,0.5977713,
7189964,0.7046271,
7189965,0.89567286,
7189977,0.49758688,
7190369,0.67907214,
7190694,0.78464943,
7190695,0.80783737,
7190696,0.7939976,
7190697,0.79399,
7190698,0.7850208,
7190699,0.8212255,
7190700,0.69700223,
7190701,0.7361174,
7190702,0.8140935,
7190703,0.866861,
7190715,0.8868482,
7190716,0.8655079,
7190797,0.71509606,
7190831,0.4487485,
7190833,0.4891489,
7190834,0.7132373,
7190876,0.60358196,
7191083,0.8142412,
7191260,0.6658748,
7191310,0.90592796,
7191808,0.6592762,
7192419,0.78422993,
7192510,0.6925448,
7192511,0.8753218,
7192512,0.8770701,
7192514,0.7257499,
7192515,0.7790095,
7192516,0.80726045,
7192517,0.7516144,
7192518,0.7394012,
7192519,0.7996188,
7192520,0.7492309,
7192521,0.75670326,
7192522,0.7407565,
7192523,0.6595016,
7192524,0.7043365,
7192525,0.80652374,
7192526,0.79257745,
7192527,0.74246836,
7192528,0.8807577,
7192529,0.78842354,
7192530,0.72032624,
7192532,0.61393744,
7192533,0.78605884,
7192534,0.79540163,
7192535,0.8898649,
7192536,0.83182317,
7192537,0.89585495,
7192538,0.7881456,
7192539,0.895961,
7192540,0.71914047,
7192541,0.7546447,
7192542,0.7693805,
7192543,0.7857415,
7192544,0.83900774,
7192545,0.76911527,
7192546,0.78654796,
7192547,0.8174375,
7192548,0.7406145,
7192549,0.7894487,
7192550,0.75703406,
7192551,0.6268756,
7192552,0.685802,
7192553,0.78513217,
7193187,0.85722,
7193189,0.8784288,
7193190,0.83817315,
7193191,0.8601914,
7193192,0.862505,
7193193,0.68739593,
7193194,0.7601005,
7193195,0.9135181,
7193196,0.90687746,
7193197,0.8980997,
7193198,0.86815655,
7193199,0.6854367,
7193200,0.8103292,
7193201,0.8449374,
7193202,0.8725206,
7193203,0.86206055,
7193204,0.7422081,
7193207,0.83140504,
7193208,0.80936337,
7193209,0.7117982,
7193210,0.7174719,
7193211,0.7526823,
7193212,0.7339562,
7193213,0.85273325,
7193214,0.79680175,
7193215,0.8844066,
7193216,0.80120844,
7193217,0.8098474,
7193218,0.79992175,
7193219,0.7471616,
7193220,0.8003958,
7193221,0.7975833,
7193222,0.7600029,
7193223,0.8397102,
7193224,0.85631883,
7193225,0.75082517,
7193226,0.7014773,
7193227,0.8287422,
7193228,0.752812,
7193229,0.61543125,
7193230,0.9244888,
7193232,0.816854,
7193236,0.8047435,
7193238,0.8463612,
7193239,0.882755,
7193240,0.8405683,
7193241,0.70182645,
7193243,0.75964737,
7193244,0.68934196,
7193245,0.68239915,
7193247,0.7012082,
7193248,0.78316236,
7193249,0.89846814,
7193250,0.8433944,
7193251,0.81079686,
7193252,0.7340608,
7193253,0.84824836,
7193254,0.8484059,
7193255,0.77924675,
7193256,0.7540443,
7193258,0.7617518,
7193259,0.7516329,
7193260,0.70611805,
7193261,0.6048234,
7193262,0.56558484,
7193263,0.5671264,
7193264,0.55766517,
7193265,0.5187897,
7193984,0.8893573,
7194037,0.7275249,
7194039,0.48321965,
7194040,0.81144047,
7194042,0.80885655,
7194044,0.73999614,
7194045,0.6738571,
7194046,0.65154505,
7194047,0.6104997,
7194050,0.66369283,
7194052,0.76349044,
7194059,0.818123,
7194060,0.81839186,
7194061,0.81707495,
7194080,0.7674976,
7194081,0.7584713,
7194082,0.7382431,
7194914,0.8590212,
7194944,0.6720328,
7195396,0.68661773,
7195521,0.8386956,
7198111,0.77081364,
7198113,0.813862,
7198114,0.65586275,
7198284,0.697391,
7198298,0.6692465,
7198301,0.7673026,
7198302,0.7422031,
7198303,0.7467336,
7198309,0.6393699,
7198310,0.62025344,
7198311,0.65893203,
7198314,0.58100545,
7198315,0.5853788,
7198370,0.743472,
7198730,0.49796212,
7198993,0.75613034,
7199001,0.72901905,
7199077,0.85035855,
7199078,0.8121161,
7199079,0.8697703,
7199080,0.8620801,
7199081,0.8389628,
7199082,0.74438953,
7199083,0.72466743,
7199084,0.88722175,
7199085,0.8751002,
7199086,0.8173348,
7199087,0.79715365,
7199088,0.8183048,
7199089,0.8233583,
7199090,0.8459434,
7199091,0.789613,
7199092,0.7577673,
7199093,0.70783925,
7199094,0.872221,
7199095,0.8726768,
7199096,0.64305264,
7199097,0.7796182,
7199098,0.81081384,
7199099,0.89860046,
7199345,0.5815884,
7200621,0.7760416,
7200622,0.7388808,
7200623,0.7786324,
7200624,0.7546521,
7200625,0.76941603,
7200626,0.7904689,
7200627,0.6972546,
7200972,0.78087264,
7200973,0.75818306,
7200974,0.80106366,
7200976,0.44008568,
7200984,0.8480053,
7200993,0.9088702,
7201013,0.6315973,
7201018,0.6094953,
7201025,0.7025093,
7201026,0.6508414,
7201135,0.58214647,
7202734,0.7912293,
7202735,0.7716344,
7202736,0.78964883,
7202738,0.7019531,
7202741,0.6766743,
7202933,0.5790188,
7202934,0.47611237,
7202935,0.5621228,
7202936,0.5729266,
7202937,0.5554115,
7202938,0.59607595,
7202939,0.5917208,
7202950,0.56317675,
7202951,0.53622055,
7202952,0.58317626,
7202953,0.52782667,
7202954,0.5496432,
7202956,0.4910818,
7202957,0.54105,
7202958,0.60169363,
7202959,0.79513514,
7202960,0.6827539,
7202961,0.5908326,
7202962,0.86531967,
7202963,0.8592083,
7202964,0.7914942,
7202965,0.60409474,
7202966,0.545686,
7202967,0.7743504,
7202968,0.82897216,
7202969,0.80693334,
7202970,0.7845699,
7202971,0.7193786,
7202972,0.48784548,
7202973,0.77741086,
7202974,0.6642256,
7202975,0.78524685,
7202976,0.7882077,
7202977,0.7450624,
7202978,0.7461794,
7202979,0.86953175,
7202980,0.55716,
7202981,0.7612584,
7202982,0.6522866,
7202983,0.7356685,
7202984,0.5948062,
7202985,0.65403724,
7202986,0.5896614,
7202987,0.755173,
7202988,0.63649654,
7202989,0.83757263,
7202990,0.8490129,
7202991,0.829645,
7202992,0.81282514,
7202993,0.81448376,
7202994,0.8092083,
7202995,0.5727852,
7202996,0.758884,
7202997,0.68389493,
7202998,0.57500225,
7202999,0.8384023,
7203000,0.7155012,
7203188,0.68979865,
7203189,0.62326247,
7203190,0.73798037,
7203191,0.8135348,
7203192,0.7058554,
7203193,0.7317578,
7203281,0.8650814,
7203282,0.8499231,
7203283,0.86502934,
7203284,0.8455355,
7203285,0.87946427,
7203286,0.86886835,
7203287,0.68001175,
7203288,0.85069335,
7203289,0.8371668,
7203290,0.68591076,
7203291,0.8522786,
7203292,0.5965113,
7203293,0.570796,
7203294,0.78079146,
7203295,0.5993979,
7203296,0.8724298,
7203297,0.84927225,
7203298,0.71508074,
7203299,0.87992007,
7203300,0.8724659,
7203301,0.84531945,
7203302,0.83354974,
7203303,0.73474795,
7203304,0.6410443,
7203305,0.84823984,
7203306,0.8408823,
7203307,0.8295458,
7203308,0.7888783,
7203309,0.8143522,
7203310,0.8806175,
7203583,0.80151737,
7203584,0.741582,
7203585,0.60518795,
7203586,0.74148643,
7203587,0.64468646,
7203590,0.73756236,
7203591,0.6955832,
7203592,0.749136,
7203593,0.7159475,
7203594,0.6356515,
7203599,0.5725371,
7203600,0.9222072,
7203601,0.7071027,
7203602,0.81169575,
7203603,0.67023146,
7203604,0.80055183,
7203605,0.6939835,
7203606,0.7623007,
7203607,0.82276905,
7203608,0.6162179,
7203609,0.69214463,
7203610,0.92853844,
7203611,0.68360525,
7203612,0.7344011,
7203613,0.7031361,
7203615,0.76711905,
7203696,0.78817034,
7203697,0.8268562,
7203698,0.78222805,
7203700,0.81449884,
7203701,0.69513583,
7203702,0.6707799,
7203703,0.81242,
7203704,0.8169303,
7203705,0.86012405,
7203706,0.8643351,
7203707,0.9017029,
7203708,0.8155934,
7203709,0.77835196,
7203710,0.72843367,
7203711,0.3748466,
7203712,0.4657529,
7203713,0.8161437,
7203715,0.58676344,
7203716,0.5597497,
7203723,0.5508128,
7203724,0.6760777,
7203725,0.7927565,
7203726,0.7380512,
7203727,0.64035773,
7203728,0.8347881,
7203748,0.8680024,
7204295,0.55296963,
7204297,0.62506545,
7204352,0.664482,
7204356,0.89153475,
7204357,0.8979048,
7204358,0.8589991,
7204359,0.8445194,
7204374,0.85344887,
7204377,0.6551348,
7204378,0.89138967,
7204379,0.5641811,
7204380,0.9220849,
7204381,0.8765424,
7204382,0.9152691,
7204383,0.7486287,
7204384,0.80871063,
7204385,0.74049497,
7204386,0.72809166,
7204387,0.7531681,
7204390,0.8142016,
7204938,0.76902133,
7204942,0.7971153,
7205009,0.60873663,
7205010,0.4880231,
7205038,0.8344283,
7205644,0.831833,
7205645,0.78236264,
7205646,0.81712806,
7205647,0.91114295,
7205648,0.8477633,
7205649,0.7547528,
7205650,0.7380846,
7205651,0.73256993,
7205652,0.7798837,
7205653,0.7739353,
7205655,0.6764314,
7205656,0.8633508,
7205657,0.8018639,
7205658,0.7821083,
7205659,0.7544275,
7205660,0.90898305,
7205662,0.8789571,
7205663,0.7222489,
7205664,0.69122946,
7205665,0.7414337,
7205666,0.6162839,
7205667,0.83247495,
7205668,0.77863353,
7205669,0.821699,
7205670,0.7907615,
7205671,0.86561745,
7205672,0.85704446,
7205673,0.7752106,
7205674,0.8986214,
7205675,0.62227273,
7205676,0.917908,
7205678,0.79083145,
7205679,0.64620346,
7205680,0.6401695,
7205681,0.7646112,
7205683,0.8655318,
7205685,0.8720444,
7205686,0.90448225,
7205690,0.7869294,
7205691,0.81362784,
7205692,0.77390856,
7205693,0.71645343,
7205694,0.8742594,
7205713,0.7125032,
7205714,0.73858345,
7205715,0.8809461,
7205716,0.78597534,
7205717,0.67196035,
7205718,0.66892916,
7205719,0.69797003,
7205720,0.8405766,
7205721,0.7469879,
7205722,0.6849205,
7205723,0.71201456,
7205724,0.69720554,
7205725,0.66928613,
7205726,0.77760947,
7205728,0.71886176,
7205795,0.80277663,
7205796,0.78395975,
7205798,0.80172795,
7205799,0.75872564,
7205801,0.76372015,
7205802,0.84541696,
7205803,0.8231803,
7205804,0.8367235,
7205805,0.8294775,
7205806,0.79413986,
7205807,0.87099564,
7205809,0.83270985,
7205810,0.7813034,
7205811,0.79180086,
7205820,0.8485695,
7205822,0.74082327,
7205823,0.7776889,
7205824,0.7686441,
7205825,0.8159177,
7206158,0.7384146,
7206160,0.7623145,
7206217,0.7767061,
7206219,0.8182255,
7206221,0.890809,
7206223,0.78882265,
7206225,0.87436897,
7206227,0.8879944,
7206229,0.7914902,
7206230,0.8680638,
7206231,0.87592906,
7206232,0.8710137,
7206233,0.79991835,
7206234,0.76258147,
7206235,0.80581677,
7206236,0.6612349,
7206237,0.8934855,
7206238,0.88936156,
7206239,0.84528726,
7206240,0.7196132,
7206242,0.8990021,
7206243,0.8004999,
7206244,0.7276869,
7206245,0.44756618,
7206246,0.82505906,
7206247,0.81672436,
7206248,0.80304384,
7206249,0.714445,
7206250,0.90076303,
7206251,0.64622116,
7206252,0.5488302,
7206290,0.82242525,
7206291,0.7878397,
7206292,0.82792026,
7206293,0.8830842,
7206294,0.8529046,
7206295,0.87120277,
7206296,0.82326037,
7206297,0.85402787,
7206298,0.87059635,
7206299,0.8688269,
7206300,0.9085062,
7206301,0.87538713,
7206302,0.73713624,
7206304,0.7340095,
7206305,0.68751675,
7206306,0.77697915,
7206307,0.86759263,
7206308,0.80366904,
7206309,0.7940595,
7206310,0.77947503,
7206311,0.84088624,
7206312,0.7122248,
7206313,0.69280094,
7206314,0.88704646,
7206315,0.7536433,
7206317,0.8933946,
7206318,0.8375019,
7206319,0.86053294,
7206320,0.77826875,
7206321,0.76054806,
7206322,0.8185018,
7206493,0.7689811,
7206494,0.72723573,
7206495,0.8270651,
7206642,0.7584242,
7206643,0.778218,
7206644,0.53065425,
7206646,0.88439614,
7206650,0.90896565,
7206651,0.8646281,
7206653,0.8398348,
7206654,0.8977301,
7206655,0.9118965,
7206657,0.6392051,
7206658,0.80976295,
7206659,0.8137038,
7206660,0.6347355,
7206661,0.74385977,
7206662,0.7485662,
7206663,0.7594912,
7206664,0.7399782,
7206669,0.47918165,
7206670,0.60522115,
7206671,0.7124635,
7206672,0.6921348,
7206673,0.71462953,
7206674,0.59347486,
7206675,0.6241658,
7206676,0.6559689,
7206677,0.66059065,
7206678,0.5704394,
7206679,0.61537886,
7206681,0.6559573,
7206682,0.6563234,
7206683,0.7105034,
7206684,0.6185856,
7206685,0.6643309,
7206708,0.59938574,
7206709,0.5707546,
7206710,0.66124487,
7206711,0.68176395,
7206712,0.6766303,
7206717,0.52113944,
7206718,0.67115104,
7206719,0.6907389,
7206746,0.6719561,
7206747,0.66010314,
7206748,0.66456234,
7206749,0.5002582,
7206750,0.6461236,
7206751,0.6664146,
7206752,0.6585489,
7206753,0.662251,
7206754,0.7023278,
7206769,0.81666595,
7206770,0.713758,
7206771,0.7744088,
7206772,0.68438834,
7206773,0.6694438,
7206774,0.741843,
7206775,0.746293,
7206776,0.72219217,
7206777,0.7214109,
7206778,0.68513346,
7206779,0.8382837,
7206780,0.84536177,
7206781,0.7494812,
7206782,0.8206905,
7206783,0.7576548,
7206784,0.70224816,
7206785,0.6674106,
7206786,0.8302002,
7206787,0.82284814,
7206788,0.7775836,
7206789,0.858512,
7206790,0.8578354,
7206791,0.9012745,
7206792,0.9172024,
7206793,0.92364246,
7206794,0.91842246,
7206795,0.9077578,
7206796,0.9190559,
7206797,0.89709646,
7206798,0.8969442,
7206799,0.8818032,
7206800,0.9089774,
7206801,0.8876758,
7206802,0.88401705,
7206803,0.8693137,
7206804,0.8565996,
7206805,0.9075935,
7206806,0.8856605,
7206807,0.8981691,
7206808,0.8807396,
7206809,0.8888576,
7206810,0.90549374,
7206811,0.7149951,
7206812,0.890671,
7206813,0.7695277,
7206814,0.7397195,
7206815,0.7042554,
7206816,0.68139684,
7206817,0.7836932,
7206818,0.761001,
7206819,0.6853261,
7206820,0.84127325,
7206821,0.774993,
7206822,0.59468377,
7206823,0.79915595,
7206824,0.71050495,
7206825,0.8065269,
7206826,0.88053226,
7206827,0.8215671,
7206828,0.843409,
7206829,0.6977662,
7206830,0.69554216,
7206831,0.9142655,
7206832,0.9294612,
7206833,0.765017,
7206834,0.6426946,
7206835,0.77795863,
7206836,0.7822743,
7206840,0.7991717,
7206841,0.8541572,
7206842,0.85971445,
7206843,0.89631593,
7206844,0.85008025,
7206845,0.83833516,
7206846,0.8189054,
7206847,0.82402414,
7206848,0.87592137,
7206849,0.84698987,
7206850,0.88160783,
7206851,0.8736467,
7206852,0.9087466,
7206853,0.89163023,
7206854,0.87157303,
7206855,0.9138962,
7206856,0.8998486,
7206857,0.9159228,
7206858,0.84982747,
7206859,0.8094653,
7206860,0.8588395,
7206861,0.91552764,
7206862,0.8028205,
7206863,0.84532535,
7206864,0.75431585,
7206865,0.8215863,
7206866,0.9264326,
7206867,0.913291,
7206868,0.8030882,
7206869,0.82775736,
7206870,0.72803265,
7206871,0.78878486,
7206872,0.849439,
7206873,0.8140992,
7206874,0.76781136,
7206875,0.7749934,
7206876,0.8317968,
7206877,0.8517232,
7206878,0.8107998,
7206879,0.72157407,
7206880,0.91514647,
7206929,0.8157276,
7206930,0.7177988,
7206931,0.8311745,
7206932,0.817136,
7206933,0.8260722,
7206934,0.7923412,
7206935,0.8192761,
7206936,0.7790224,
7206937,0.94684994,
7206939,0.7759362,
7206940,0.7828759,
7206941,0.759737,
7206942,0.7770938,
7206958,0.8085393,
7206959,0.85819274,
7206960,0.70789546,
7206961,0.732141,
7207199,0.51094997,
7207200,0.51363933,
7207201,0.59925044,
7207202,0.59554654,
7207203,0.54418707,
7207204,0.47187978,
7207205,0.6249422,
7207206,0.5889726,
7207207,0.49730796,
7207209,0.60888165,
7207210,0.567552,
7207211,0.53416115,
7207212,0.5910902,
7207213,0.60885864,
7207214,0.6057825,
7207215,0.56723416,
7207216,0.546144,
7207217,0.56552917,
7207218,0.5792295,
7207219,0.51046926,
7207220,0.5043135,
7207221,0.48849955,
7207222,0.5207587,
7207223,0.55378395,
7207228,0.63901037,
7207229,0.65978545,
7207230,0.7754436,
7207231,0.78951657,
7207232,0.7803979,
7207233,0.7981305,
7207234,0.7031075,
7207235,0.73134923,
7207236,0.76948315,
7207237,0.8071665,
7207238,0.6713607,
7207239,0.78925735,
7207240,0.82268417,
7207241,0.8033097,
7207242,0.7944128,
7207243,0.8126397,
7207244,0.72935486,
7207246,0.6851713,
7207247,0.72098523,
7207249,0.749229,
7207250,0.57193774,
7207251,0.44925338,
7207252,0.39699885,
7207253,0.47290245,
7207254,0.42427567,
7207259,0.79988664,
7207260,0.7935861,
7207261,0.7330932,
7207262,0.7602544,
7207263,0.698634,
7207264,0.6953049,
7207265,0.77597827,
7207266,0.7614898,
7207267,0.7882605,
7207268,0.81349516,
7207269,0.81391364,
7207270,0.8515276,
7207271,0.85583824,
7207272,0.8762349,
7207273,0.8690567,
7207274,0.84300685,
7207275,0.7351174,
7207276,0.8943725,
7207277,0.89668316,
7207278,0.87940603,
7207279,0.89153045,
7207280,0.8954332,
7207281,0.92459613,
7207282,0.9156904,
7207283,0.9200573,
7207284,0.88160545,
7207285,0.84871364,
7207286,0.8914477,
7207287,0.8856665,
7207288,0.8830097,
7207289,0.90672886,
7207290,0.85620654,
7207291,0.88057625,
7207292,0.8903812,
7207293,0.9157197,
7207506,0.89692175,
7207507,0.8766644,
7207508,0.8961702,
7207509,0.89285964,
7207510,0.88276315,
7207511,0.93783295,
7207512,0.88868415,
7207513,0.89494944,
7207514,0.90402865,
7207515,0.7754697,
7207516,0.7755231,
7207517,0.7865078,
7207519,0.8276976,
7207520,0.8058235,
7207521,0.7431021,
7207523,0.77658933,
7207524,0.8155725,
7207525,0.8269501,
7207526,0.85381985,
7207527,0.7835099,
7207528,0.8228965,
7207529,0.8495169,
7207530,0.7948938,
7207531,0.80515504,
7207532,0.8718866,
7207533,0.78203034,
7207534,0.8306126,
7207535,0.7630098,
7207536,0.7697401,
7207537,0.77627355,
7207538,0.7927656,
7207935,0.9139419,
7207936,0.9296198,
7207937,0.9109835,
7207938,0.9153236,
7207939,0.86498165,
7207940,0.82726645,
7207941,0.89442635,
7207944,0.79009783,
7207945,0.81115973,
7207946,0.79883116,
7207947,0.7199079,
7207948,0.73892105,
7207949,0.75174,
7207950,0.7551889,
7207951,0.776863,
7207952,0.77442706,
7207953,0.89542043,
7207955,0.8740956,
7207956,0.86895084,
7207957,0.78503495,
7207958,0.87620085,
7207959,0.88512826,
7207960,0.92222005,
7207961,0.9160585,
7207962,0.87731016,
7207963,0.8903701,
7207964,0.8584605,
7207965,0.8375074,
7207966,0.85625046,
7207967,0.863572,
7207968,0.83879215,
7207969,0.9117847,
7207970,0.89181125,
7207971,0.8963588,
7207972,0.9112001,
7207973,0.91811645,
7207974,0.79041094,
7207975,0.73008287,
7207976,0.74992305,
7207977,0.7269954,
7207978,0.7241067,
7207979,0.69681036,
7207980,0.8665393,
7207981,0.9323786,
7207982,0.79635745,
7207983,0.8455302,
7207984,0.67507976,
7207985,0.79775566,
7207986,0.82012224,
7207987,0.89001805,
7207988,0.8946541,
7207989,0.7463474,
7207990,0.770768,
7207992,0.7345657,
7207993,0.6686387,
7207994,0.8798743,
7207996,0.8283219,
7207997,0.79765457,
7207998,0.8609726,
7207999,0.8503919,
7208000,0.6938589,
7208001,0.7559624,
7208002,0.7713509,
7208003,0.7033512,
7208005,0.7673995,
7208006,0.69644123,
7208007,0.76473814,
7208008,0.87423015,
7208009,0.5830496,
7208010,0.64281356,
7208012,0.8901403,
7208013,0.9190895,
7208014,0.90486676,
7208015,0.6232462,
7208016,0.71696967,
7208017,0.7378319,
7208018,0.77000487,
7208019,0.77146965,
7208020,0.80859214,
7208021,0.76457506,
7208022,0.81125516,
7208023,0.81120557,
7208024,0.7590595,
7208025,0.8260089,
7208026,0.68407923,
7208027,0.7045384,
7208028,0.78980213,
7208029,0.76196676,
7208030,0.8066669,
7208032,0.64304966,
7208033,0.8771773,
7208034,0.8587179,
7208035,0.7318988,
7208036,0.7583239,
7208037,0.7807186,
7208038,0.83727765,
7208039,0.7087182,
7208040,0.5932446,
7208041,0.65878975,
7208042,0.745983,
7208043,0.6904727,
7208044,0.7528247,
7208045,0.60649514,
7208046,0.78123707,
7208047,0.7396049,
7208048,0.73676527,
7208049,0.7720975,
7208050,0.8608833,
7208051,0.83070296,
7208052,0.8475475,
7208053,0.79726774,
7208054,0.8305087,
7208055,0.79957587,
7208056,0.8161725,
7208057,0.8671854,
7208058,0.80412185,
7208059,0.88776374,
7208060,0.6107955,
7208061,0.6846746,
7208062,0.74512535,
7208063,0.7857468,
7208064,0.6428336,
7208065,0.7382673,
7208066,0.64192706,
7208067,0.7407809,
7208068,0.7437063,
7208069,0.76115566,
7208070,0.71662855,
7208071,0.7452075,
7208072,0.66695243,
7208073,0.7101859,
7208074,0.6515753,
7208075,0.65649676,
7208076,0.8937186,
7208077,0.89944685,
7208078,0.71783566,
7208079,0.69506323,
7208080,0.6655959,
7208081,0.69662005,
7208082,0.689501,
7208083,0.6615718,
7208084,0.71674615,
7208085,0.7249995,
7208086,0.72150743,
7208087,0.7274478,
7208088,0.7578729,
7208089,0.7560914,
7208090,0.69989854,
7208091,0.7710793,
7208092,0.7409297,
7208093,0.6944841,
7208094,0.6680933,
7208095,0.76400185,
7208096,0.7627426,
7208097,0.6568688,
7208131,0.9069127,
7208132,0.89120233,
7208133,0.8675305,
7208134,0.8877638,
7208135,0.8565288,
7208136,0.9052721,
7208137,0.89217883,
7208138,0.9097902,
7208139,0.9055105,
7208140,0.90796846,
7208141,0.9029924,
7208142,0.86705977,
7208143,0.91805625,
7208144,0.9166236,
7208145,0.9130695,
7208146,0.89616776,
7208147,0.92265004,
7208151,0.8345422,
7208152,0.8279761,
7208153,0.80779904,
7208154,0.8421878,
7208155,0.8221616,
7208156,0.8228549,
7208157,0.8039946,
7208159,0.80723923,
7208160,0.76320934,
7208163,0.76055217,
7208164,0.8466469,
7208165,0.80872464,
7208166,0.7709452,
7208169,0.81311804,
7208171,0.85176235,
7208172,0.7036203,
7208173,0.6944339,
7208174,0.68045384,
7208175,0.83112395,
7208368,0.82258093,
7208369,0.7879058,
7208370,0.80006385,
7208371,0.8279128,
7208372,0.88900745,
7208375,0.88473994,
7208377,0.69563216,
7208378,0.76935065,
7208379,0.8539379,
7208380,0.86223143,
7208381,0.6807236,
7208382,0.8469637,
7208383,0.8575212,
7208384,0.6271847,
7208385,0.66799295,
7208386,0.6386628,
7208387,0.7713248,
7208388,0.7773882,
7208389,0.90490896,
7208390,0.7553539,
7208391,0.8726191,
7208392,0.9166882,
7208393,0.86875683,
7208394,0.8241653,
7208395,0.7118235,
7208396,0.83897334,
7208398,0.67311704,
7208399,0.680559,
7208400,0.63736016,
7208401,0.7899484,
7208402,0.79563946,
7208403,0.7674155,
7208404,0.92247164,
7208405,0.9277784,
7208406,0.91878086,
7208407,0.9191386,
7208408,0.92836624,
7208409,0.8865113,
7208410,0.9184159,
7208411,0.924615,
7208412,0.8742974,
7208413,0.8766591,
7208414,0.90213734,
7208423,0.9084165,
7208424,0.8913984,
7208425,0.8605945,
7208426,0.90581286,
7208427,0.88686734,
7208428,0.8534219,
7208429,0.8503205,
7208430,0.92279404,
7208431,0.89121205,
7208432,0.8627169,
7208433,0.7634759,
7208434,0.8659569,
7208435,0.8137294,
7208436,0.8597428,
7208437,0.90803623,
7208438,0.89006025,
7208439,0.8924593,
7208440,0.8951129,
7208441,0.83252615,
7208443,0.8938342,
7208444,0.84724706,
7208446,0.79826075,
7208447,0.7863997,
7208448,0.7578562,
7208449,0.8932256,
7208497,0.76505774,
7208498,0.5764538,
7208499,0.6508969,
7208500,0.4801899,
7208501,0.78986704,
7208503,0.7008612,
7208504,0.56855214,
7208505,0.8191588,
7208506,0.8247429,
7208507,0.44945273,
7208508,0.7697402,
7208509,0.6869694,
7208510,0.5585044,
7208511,0.48949695,
7208512,0.81226903,
7208513,0.6737522,
7208514,0.6610665,
7208515,0.7883045,
7208516,0.56885695,
7208517,0.53035563,
7208518,0.52337325,
7208519,0.7913903,
7208520,0.81311554,
7208521,0.82018834,
7208522,0.8509748,
7208523,0.8510263,
7208524,0.55570287,
7208525,0.56573296,
7208526,0.7223193,
7208527,0.745006,
7208546,0.56336373,
7208547,0.50027746,
7208548,0.49705932,
7208549,0.82444715,
7208909,0.672305,
7208910,0.75369745,
7209212,0.7478395,
7209213,0.8049939,
7209214,0.5867119,
7209215,0.73491424,
7209216,0.81448346,
7209217,0.6397643,
7209218,0.70724887,
7209219,0.6439843,
7209220,0.8585925,
7209221,0.8151672,
7209222,0.7863815,
7209223,0.8473439,
7209224,0.73026377,
7209225,0.78402966,
7209226,0.7626227,
7209227,0.7753079,
7209229,0.81189865,
7209230,0.83029085,
7209231,0.74311227,
7209232,0.8221125,
7209233,0.71910036,
7209234,0.8647822,
7209235,0.75115365,
7209236,0.6895855,
7209237,0.8782041,
7209238,0.88505125,
7209568,0.7289081,
7209570,0.78170276,
7209571,0.7640167,
7209573,0.53116846,
7209574,0.751753,
7209579,0.47715282,
7209580,0.64999616,
7209581,0.71757835,
7209582,0.6987761,
7209586,0.6755361,
7209587,0.644527,
7209588,0.5070983,
7209589,0.7826456,
7209590,0.7404122,
7209591,0.5380151,
7209592,0.57157,
7209593,0.77361363,
7209594,0.5394143,
7209595,0.49910173,
7209596,0.5733045,
7209597,0.5598291,
7209598,0.47824618,
7209599,0.7003349,
7209602,0.83878034,
7209603,0.791202,
7209604,0.8799721,
7209605,0.7727029,
7209606,0.80137664,
7209607,0.87359524,
7209608,0.83923143,
7209609,0.91227984,
7209610,0.9470023,
7209611,0.7791977,
7209612,0.93432814,
7209613,0.8179599,
7209614,0.90996706,
7209687,0.8607694,
7209688,0.902879,
7209689,0.9119611,
7209691,0.8688464,
7209692,0.8950484,
7209693,0.9314061,
7209694,0.5389983,
7209695,0.69275045,
7209696,0.71810544,
7209697,0.552196,
7209698,0.67960376,
7209699,0.8191606,
7209700,0.867431,
7209701,0.85745525,
7209702,0.8365216,
7209783,0.56847423,
7209784,0.69743633,
7209785,0.53235644,
7209786,0.67124826,
7209787,0.6192435,
7209788,0.7142329,
7209789,0.6113564,
7209792,0.7233918,
7209793,0.5200538,
7209794,0.6611408,
7209795,0.53556925,
7209796,0.6014027,
7209866,0.5064976,
7209867,0.5027315,
7209896,0.38744643,
7209898,0.6054705,
7210377,0.9128902,
7210381,0.870982,
7210412,0.88893247,
7210413,0.8893135,
7210414,0.9041848,
7210424,0.7613564,
7210468,0.9251494,
7210472,0.90965575,
7210473,0.8596256,
7210474,0.91537577,
7210493,0.57760143,
7210494,0.5801374,
7210510,0.7372794,
7210511,0.71251464,
7210521,0.908483,
7210522,0.92627716,
7210534,0.8964025,
7210535,0.88882244,
7210537,0.6775129,
7210538,0.7316358,
7210571,0.8863267,
7210572,0.8877801,
7210573,0.90165615,
7210574,0.90374696,
7210575,0.8839102,
7210576,0.8884972,
7210577,0.91836756,
7210578,0.89749813,
7210579,0.88789475,
7210580,0.8774986,
7210581,0.9113939,
7210582,0.867815,
7210583,0.7474595,
7210584,0.79599243,
7210585,0.8921917,
7210586,0.79180664,
7210587,0.8523967,
7210634,0.85355645,
7210635,0.8324779,
7210636,0.69995356,
7210637,0.8912881,
7210638,0.85877293,
7210647,0.81728196,
7210648,0.88826615,
7210649,0.8782696,
7210652,0.8836374,
7210653,0.83235353,
7210654,0.87014,
7210655,0.85940206,
7210656,0.743483,
7210658,0.5772878,
7210659,0.7612379,
7210711,0.6011412,
7210712,0.6292082,
7210713,0.69533753,
7210714,0.58624583,
7210715,0.5745616,
7210716,0.5626546,
7210717,0.61925685,
7210718,0.4664501,
7210719,0.71821135,
7210728,0.5572582,
7210729,0.7378179,
7210880,0.8448114,
7210881,0.87247133,
7210882,0.86823756,
7210883,0.8502683,
7210905,0.8701586,
7210907,0.65089786,
7210908,0.6520729,
7210909,0.8475451,
7210946,0.8305983,
7210947,0.91059786,
7210948,0.86773425,
7210949,0.83224237,
7210950,0.85684824,
7210951,0.89288867,
7210952,0.63053805,
7210953,0.6375998,
7210954,0.64810103,
7210955,0.74285954,
7210956,0.7235759,
7210957,0.79430425,
7210958,0.6990007,
7210960,0.53325033,
7210961,0.7771846,
7210962,0.7691212,
7210963,0.927368,
7210964,0.927859,
7210965,0.9374731,
7210966,0.9161398,
7210973,0.925231,
7210974,0.8951526,
7210975,0.8341352,
7210976,0.764568,
7210977,0.6586805,
7210978,0.8244186,
7210979,0.65711915,
7210980,0.82666665,
7210981,0.67019165,
7210983,0.6660058,
7210984,0.7845069,
7210999,0.74345756,
7211000,0.7341423,
7211001,0.7166476,
7211002,0.60362613,
7211003,0.6535741,
7211004,0.7037098,
7211005,0.7292804,
7211007,0.43325618,
7211023,0.57224613,
7211024,0.63081086,
7211025,0.6933106,
7211026,0.68723387,
7211027,0.5287113,
7211028,0.66642237,
7211029,0.66041994,
7211030,0.83910584,
7211031,0.90249115,
7211032,0.8304869,
7211033,0.80576885,
7211034,0.5926217,
7211035,0.8671009,
7211036,0.81424314,
7211037,0.6882128,
7211038,0.9250726,
7211039,0.83109444,
7211040,0.78184044,
7211041,0.7410681,
7211042,0.8223441,
7211043,0.7753794,
7211044,0.876129,
7211045,0.8386153,
7211046,0.6665537,
7211050,0.90696496,
7211051,0.88562983,
7211052,0.87862325,
7211053,0.9096785,
7211056,0.89078796,
7211064,0.7705528,
7211065,0.7074455,
7211066,0.9059152,
7211067,0.85105413,
7211068,0.8943304,
7211069,0.7604231,
7211070,0.72153664,
7211071,0.8963026,
7211072,0.90284616,
7211073,0.90227455,
7211074,0.88844144,
7211075,0.84412575,
7211076,0.8928902,
7211077,0.66925156,
7211078,0.6250236,
7211079,0.88787997,
7211080,0.7541858,
7211092,0.598998,
7211093,0.55018014,
7211094,0.5695059,
7211095,0.4318172,
7211096,0.5889687,
7211105,0.47062552,
7211106,0.48965362,
7211120,0.5497825,
7211129,0.66994596,
7211130,0.64912283,
7211131,0.6540523,
7211132,0.5908396,
7211175,0.7806044,
7211176,0.78874093,
7211179,0.63139534,
7211180,0.59475166,
7211181,0.85810053,
7211182,0.8772894,
7211186,0.7894086,
7211187,0.73476833,
7211188,0.7558305,
7211189,0.7681796,
7211190,0.81805706,
7211191,0.87282926,
7211570,0.9251832,
7211571,0.9008656,
7211572,0.93866426,
7211573,0.8823011,
7211574,0.90313745,
7211647,0.6618434,
7211648,0.64553696,
7211650,0.69024026,
7211652,0.6870711,
7211653,0.64158976,
7211654,0.64795154,
7211768,0.48338094,
7211769,0.79214275,
7211770,0.5584195,
7211771,0.7763093,
7211772,0.7665272,
7211773,0.65691715,
7211774,0.8089142,
7211776,0.45030814,
7211778,0.6017229,
7211780,0.75274616,
7211781,0.5060981,
7211820,0.8668872,
7211821,0.85345227,
7211822,0.84402555,
7211823,0.78008616,
7211824,0.7472327,
7211825,0.7159487,
7211826,0.7165095,
7211827,0.6378674,
7211933,0.79446274,
7212024,0.8341101,
7212025,0.8437414,
7212026,0.84959567,
7212027,0.8108688,
7212028,0.65327007,
7212029,0.8219897,
7212030,0.826168,
7212031,0.786896,
7212032,0.75202256,
7212034,0.797006,
7212035,0.7625545,
7212036,0.78002435,
7212037,0.51068586,
7212171,0.6716743,
7212172,0.62446886,
7212173,0.8720597,
7212174,0.79647195,
7212183,0.830487,
7212527,0.58811307,
7212528,0.63527465,
7212529,0.64686435,
7212530,0.60690796,
7212532,0.63547844,
7212563,0.866948,
7212564,0.83717453,
7212580,0.8494594,
7212581,0.82426757,
7212582,0.8634957,
7212622,0.71603173,
7212623,0.7257957,
7212624,0.7208185,
7212760,0.66052675,
7212761,0.7186556,
7212762,0.7617729,
7212763,0.7099512,
7212764,0.7649408,
7212765,0.7696104,
7212766,0.8107186,
7212767,0.89026225,
7212769,0.8272609,
7212771,0.77359766,
7212772,0.83019805,
7212773,0.8604782,
7212774,0.8540783,
7212775,0.62326866,
7212776,0.79460216,
7212777,0.81920004,
7212778,0.8193724,
7212779,0.8190209,
7212780,0.8510307,
7212782,0.9053739,
7212783,0.8276622,
7212784,0.82727313,
7212785,0.84859437,
7212786,0.8858639,
7212787,0.835005,
7212788,0.5217485,
7212789,0.7008936,
7212790,0.7335039,
7212791,0.71840215,
7212792,0.8598475,
7212793,0.89688367,
7212794,0.81261194,
7212795,0.75516343,
7212796,0.7110336,
7212798,0.86944,
7212799,0.85469764,
7212800,0.8526191,
7212801,0.84701043,
7212802,0.7575535,
7212803,0.78737813,
7212804,0.79089445,
7212805,0.8977946,
7212806,0.8918684,
7212807,0.9020525,
7212808,0.8876269,
7212809,0.86128044,
7212810,0.8645686,
7212811,0.8092512,
7212812,0.8404112,
7212813,0.74908584,
7212814,0.75913197,
7212815,0.68905544,
7212816,0.81642604,
7212817,0.87282795,
7213203,0.74190104,
7213204,0.6810469,
7213205,0.65022004,
7213206,0.70688105,
7213207,0.59267014,
7213208,0.6072274,
7213209,0.62956536,
7213210,0.78874546,
7213414,0.6292763,
7213415,0.64771247,
7213416,0.71149594,
7213417,0.6585373,
7213418,0.863431,
7213419,0.8468561,
7213420,0.8075373,
7213421,0.7934933,
7213422,0.85597354,
7213423,0.6218753,
7213424,0.5883175,
7213425,0.74247783,
7213426,0.7282256,
7213427,0.65545666,
7213428,0.72392136,
7213429,0.7812697,
7213430,0.78041613,
7213431,0.75547814,
7213432,0.7509356,
7213433,0.7517085,
7213434,0.722299,
7213435,0.69162154,
7213436,0.91293675,
7213437,0.9020022,
7213438,0.90357596,
7213439,0.879898,
7213440,0.8226807,
7213441,0.8410299,
7213442,0.6550051,
7213443,0.8313603,
7213444,0.71304363,
7213445,0.7923268,
7213448,0.7698861,
7213449,0.90134037,
7213450,0.8979354,
7214092,0.50847447,
7214763,0.5579035,
7214764,0.6990303,
7214765,0.71519625,
7214766,0.62876415,
7214767,0.60587794,
7214768,0.6238231,
7214769,0.55401903,
7214770,0.6324005,
7214771,0.67643857,
7214772,0.7200441,
7215019,0.8920466,
7215020,0.8762724,
7215021,0.88231474,
7215022,0.8868269,
7215023,0.9079101,
7215026,0.83516335,
7215027,0.7450549,
7215028,0.79606164,
7215029,0.9257348,
7215030,0.9082337,
7215031,0.7914911,
7215032,0.7945152,
7215082,0.8139919,
7215212,0.8363443,
7215213,0.87292254,
7215214,0.8259748,
7215215,0.86483264,
7215216,0.8487064,
7215217,0.9159219,
7215219,0.85519737,
7216072,0.7414537,
7216074,0.75694335,
7216083,0.7957896,
7216088,0.79587686,
7216091,0.9522622,
7216093,0.8769059,
7216095,0.8199008,
7216176,0.9143507,
7216252,0.92112744,
7216257,0.9218847,
7216284,0.9224132,
7216287,0.8602185,
7216297,0.9090959,
7216335,0.32153657,
7216336,0.32254675,
7216337,0.3144717,
7216338,0.3219297,
7216339,0.7656579,
7216340,0.26166695,
7216341,0.29341328,
7216342,0.26720768,
7216343,0.30059308,
7216344,0.3490878,
7216345,0.32741827,
7216346,0.2852323,
7216347,0.20962915,
7216348,0.34575778,
7216349,0.3673254,
7216350,0.30250934,
7216351,0.2835897,
7216352,0.2560392,
7216353,0.236876,
7216354,0.25916588,
7216355,0.2764438,
7216356,0.27509513,
7216357,0.2387784,
7216358,0.29275027,
7216359,0.2900531,
7216360,0.31483552,
7216361,0.27286965,
7216362,0.31155837,
7216363,0.30081064,
7216364,0.2971878,
7216365,0.2803989,
7216366,0.30999827,
7216367,0.29915366,
7216368,0.2944815,
7216369,0.33786407,
7216370,0.25865027,
7216371,0.28696355,
7216372,0.25136757,
7216373,0.2803636,
7216374,0.28556463,
7216375,0.3611073,
7216376,0.32098803,
7216377,0.32623246,
7216378,0.25225583,
7216379,0.23521037,
7216380,0.29634672,
7216381,0.32122296,
7216382,0.36000273,
7216383,0.35272527,
7216384,0.30462494,
7216385,0.2758817,
7216386,0.3187932,
7216387,0.27364096,
7216388,0.335557,
7216389,0.3029833,
7216390,0.29088414,
7216391,0.3151302,
7216392,0.28585482,
7216393,0.2630707,
7216394,0.26058543,
7216395,0.33734652,
7216396,0.2797028,
7216397,0.32592133,
7216398,0.3103334,
7216402,0.8999931,
7216403,0.91680866,
7216404,0.8257944,
7216422,0.8320156,
7216425,0.8295856,
7216436,0.9034483,
7216437,0.868397,
7216506,0.350091,
7216507,0.28406838,
7216508,0.23936401,
7216509,0.23716651,
7216510,0.27064195,
7216511,0.31176925,
7216512,0.34919494,
7216513,0.3150762,
7216514,0.31316447,
7216515,0.30003545,
7216516,0.28586245,
7216517,0.27219322,
7216518,0.29057202,
7216519,0.30971727,
7216520,0.16939978,
7216521,0.23144376,
7216522,0.32528228,
7216523,0.27412042,
7216524,0.24680321,
7216525,0.91092086,
7216550,0.8879004,
7216551,0.93951195,
7216552,0.8135737,
7216561,0.83244634,
7216562,0.88319314,
7216563,0.8720827,
7216564,0.91732985,
7216579,0.83895224,
7216580,0.861871,
7216581,0.66462004,
7216582,0.8784652,
7216583,0.90698224,
7216584,0.738627,
7216585,0.681885,
7216586,0.74685717,
7216587,0.7989097,
7216588,0.73128974,
7216589,0.8618089,
7216590,0.85447747,
7216591,0.8847022,
7216592,0.8600296,
7216593,0.81510866,
7216594,0.85156536,
7216595,0.8305776,
7216596,0.8629998,
7216600,0.4613734,
7216601,0.41229448,
7216602,0.28888288,
7216603,0.29957375,
7216604,0.2802675,
7216605,0.22433954,
7216606,0.31015784,
7216607,0.29465318,
7216608,0.21929374,
7216609,0.18839517,
7216610,0.2908707,
7216611,0.29222855,
7216612,0.2716524,
7216613,0.21444869,
7216614,0.2532966,
7216615,0.27247643,
7216616,0.33379412,
7216617,0.34049264,
7216618,0.26760104,
7216619,0.2648874,
7216687,0.6377927,
7216688,0.79425347,
7216689,0.84307855,
7216690,0.87030125,
7216691,0.6476766,
7216692,0.7034227,
7216693,0.49270648,
7216694,0.801983,
7216695,0.51110417,
7216696,0.63931304,
7216697,0.8258603,
7216698,0.67037725,
7216699,0.6851037,
7216700,0.7929622,
7216701,0.74307907,
7216733,0.49227843,
7216735,0.43939877,
7216848,0.79730105,
7216860,0.74290615,
7216864,0.8877547,
7216865,0.85121703,
7216867,0.880892,
7216872,0.8964484,
7216873,0.88175005,
7216874,0.8816783,
7216875,0.8291718,
7216957,0.8099449,
7217166,0.89994335,
7217267,0.81022054,
7217268,0.58697873,
7217269,0.8124594,
7217270,0.68998665,
7217271,0.81808555,
7217272,0.8764436,
7217273,0.9127812,
7217274,0.84588504,
7217275,0.89497703,
7217276,0.89323014,
7217277,0.75869995,
7217278,0.79532886,
7217279,0.8970287,
7217281,0.85287,
7217282,0.7039209,
7217283,0.8503179,
7217284,0.728756,
7217285,0.8248564,
7217286,0.649226,
7217287,0.7777151,
7217288,0.82773,
7217289,0.81076294,
7217290,0.68445605,
7217291,0.86475825,
7217292,0.5783884,
7217293,0.59364194,
7217294,0.7177704,
7217295,0.6312143,
7217296,0.633791,
7217297,0.60650486,
7217298,0.5709629,
7217301,0.7442137,
7217302,0.65235966,
7217303,0.6954234,
7217304,0.6586772,
7217306,0.88082236,
7217307,0.7845522,
7217308,0.7662277,
7217310,0.7141164,
7217311,0.74056023,
7217312,0.81544673,
7217313,0.91104066,
7217314,0.8288334,
7217315,0.892113,
7217317,0.8681805,
7217318,0.66867983,
7217319,0.8163596,
7217320,0.84202564,
7217321,0.8292335,
7217322,0.82154065,
7217323,0.7771851,
7217324,0.73479193,
7217325,0.8472462,
7217326,0.8330432,
7217327,0.8389496,
7217328,0.8315692,
7217332,0.7911799,
7217333,0.6750762,
7217334,0.57558703,
7217335,0.7521846,
7217336,0.8879272,
7217337,0.84617215,
7217338,0.76013976,
7217339,0.8642385,
7217340,0.6686766,
7217341,0.66496456,
7217342,0.76301444,
7217343,0.72484666,
7217344,0.57310945,
7217346,0.70057315,
7217347,0.81764793,
7217348,0.8567445,
7217349,0.8660606,
7217350,0.85173464,
7217659,0.76537544,
7217663,0.7720846,
7217664,0.6426337,
7217666,0.5861996,
7217667,0.7904857,
7217669,0.8084023,
7217699,0.6100021,
7217701,0.79665416,
7217702,0.8317538,
7217718,0.5354278,
7217719,0.62921655,
7217722,0.8095304,
7217728,0.8192544,
7217729,0.83279896,
7217741,0.77025604,
7217743,0.8971253,
7217745,0.786025,
7217746,0.66131616,
7217751,0.4981589,
7217752,0.50139093,
7217753,0.7922633,
7217754,0.70186836,
7217755,0.6187777,
7217757,0.6208133,
7217758,0.6876676,
7217759,0.6507553,
7217762,0.7492019,
7217764,0.67746127,
7217766,0.79134685,
7217770,0.8176542,
7217905,0.86204475,
7217906,0.825378,
7218014,0.8360604,
7218015,0.871147,
7218476,0.88809353,
7218513,0.7900495,
7218514,0.8454086,
7218515,0.85401016,
7218516,0.8547047,
7218517,0.82392496,
7218518,0.745802,
7218519,0.75488025,
7218521,0.84675807,
7218522,0.8265004,
7218523,0.91452754,
7218524,0.83339125,
7218526,0.7591813,
7218527,0.71446306,
7218528,0.78476626,
7218529,0.8878369,
7218530,0.76593965,
7218545,0.74408543,
7218546,0.6839964,
7218711,0.83663756,
7218914,0.83422756,
7219238,0.45570064,
7219241,0.6334538,
7219261,0.640572,
7219262,0.60326153,
7219263,0.45546228,
7219264,0.5990213,
7219265,0.564169,
7219424,0.7867126,
7219425,0.8192329,
7219450,0.92074245,
7219470,0.8901442,
7219471,0.86577743,
7219472,0.8815035,
7219473,0.87571883,
7219474,0.8987252,
7219532,0.90778285,
7219534,0.72763044,
7219536,0.79756296,
7219537,0.82517856,
7219538,0.730894,
7219539,0.7267678,
7219540,0.76440847,
7219541,0.58886784,
7219542,0.67547137,
7219544,0.6485754,
7219545,0.8854301,
7219546,0.5677072,
7219547,0.7226682,
7219548,0.638909,
7219549,0.55326796,
7220408,0.78293574,
7220409,0.8807166,
7220410,0.9270997,
7220411,0.898307,
7221590,0.86219794,
7221591,0.8543712,
7221592,0.713894,
7221593,0.8557274,
7221594,0.8125361,
7221595,0.81735903,
7221596,0.7254284,
7221597,0.59606105,
7221598,0.6943486,
7221604,0.5630902,
7221605,0.55819595,
7221607,0.5893248,
7221608,0.5944963,
7221609,0.6149042,
7221610,0.62812847,
7221611,0.57851034,
7221613,0.5298752,
7221615,0.53923297,
7221616,0.554216,
7221617,0.5317765,
7221618,0.58073133,
7221620,0.5337627,
7221621,0.5302853,
7221622,0.742447,
7221623,0.73627895,
7221624,0.62179524,
7221625,0.5970562,
7221626,0.57344073,
7221627,0.76509863,
7221628,0.6264095,
7221629,0.77603996,
7221630,0.63257295,
7221633,0.62482613,
7221634,0.75399923,
7221635,0.74294776,
7221636,0.7069635,
7221637,0.73928696,
7221639,0.71701497,
7221640,0.69330263,
7221641,0.6068124,
7221642,0.6634127,
7221643,0.7826955,
7221644,0.74427474,
7221645,0.7536854,
7221646,0.79251516,
7221647,0.76254994,
7221648,0.7715439,
7221649,0.76958776,
7221650,0.74322325,
7221651,0.7897234,
7221652,0.84464157,
7221653,0.7405099,
7221654,0.68924516,
7221657,0.88367647,
7221658,0.8419945,
7221659,0.8575625,
7221660,0.6950705,
7221661,0.781328,
7221662,0.74690336,
7221663,0.82201576,
7221664,0.8493885,
7221665,0.6218662,
7221666,0.8623691,
7221667,0.61101586,
7221668,0.8324926,
7221669,0.86272085,
7221670,0.83959854,
7221671,0.82480705,
7221672,0.7028054,
7221673,0.8741659,
7221674,0.6054814,
7221675,0.6744225,
7221676,0.61347616,
7221677,0.69633293,
7221678,0.71992105,
7221679,0.7655705,
7221680,0.7541865,
7221681,0.7446968,
7221682,0.7252519,
7221683,0.7489801,
7221684,0.6591236,
7221685,0.7629646,
7221686,0.82290107,
7221687,0.68896365,
7221688,0.75007355,
7221689,0.70868176,
7221690,0.71362495,
7221691,0.70617515,
7221692,0.7079869,
7221693,0.6734158,
7221694,0.80128634,
7221695,0.72037274,
7221696,0.7447579,
7221697,0.715985,
7221698,0.53093076,
7221699,0.730031,
7221700,0.7931366,
7221701,0.7561222,
7221702,0.8107653,
7221703,0.7963615,
7221704,0.69595283,
7221705,0.77608943,
7221706,0.47330564,
7221707,0.612789,
7221708,0.6471481,
7221709,0.6751063,
7221710,0.6438816,
7221711,0.6003421,
7221712,0.6883982,
7221713,0.54371065,
7221714,0.61897385,
7221715,0.5578975,
7221716,0.6311969,
7221717,0.684241,
7221718,0.57338315,
7221719,0.7098915,
7221720,0.53245777,
7221721,0.52430075,
7221722,0.6432711,
7221723,0.8353731,
7221724,0.6863193,
7221725,0.7366149,
7221726,0.8262675,
7221727,0.6975654,
7221728,0.8510424,
7221818,0.7460172,
7221819,0.58286744,
7221820,0.56343466,
7221821,0.84480375,
7221822,0.5967006,
7221903,0.7280888,
7221904,0.74952966,
7221905,0.8615573,
7221906,0.79869246,
7221908,0.90625757,
7221909,0.664475,
7221910,0.7767267,
7221913,0.86550117,
7221914,0.6988483,
7221915,0.6256443,
7221916,0.6378831,
7221917,0.6082737,
7221918,0.7697979,
7221919,0.6811806,
7221920,0.70461637,
7221921,0.80766785,
7221922,0.77885926,
7221923,0.81010395,
7221924,0.8775123,
7221925,0.80716497,
7221926,0.7392479,
7221927,0.69422066,
7221928,0.8135994,
7221931,0.5930386,
7221932,0.60508823,
7221933,0.780784,
7221934,0.89079416,
7221935,0.8069412,
7221936,0.8664605,
7221937,0.8641647,
7221938,0.8596972,
7221939,0.6540093,
7221940,0.6461706,
7221941,0.80214286,
7221942,0.7502876,
7221944,0.75730103,
7221945,0.7931504,
7221946,0.7980098,
7221947,0.8102162,
7221973,0.7437537,
7221974,0.80744505,
7221975,0.81256187,
7221976,0.78649247,
7221977,0.72330767,
7221978,0.6092777,
7221979,0.7492769,
7221981,0.5240845,
7221982,0.6882728,
7221983,0.723508,
7221984,0.78641546,
7221985,0.7076803,
7221986,0.8145998,
7221987,0.8862364,
7221989,0.82687265,
7221990,0.7696745,
7221991,0.81472296,
7221992,0.73740095,
7221993,0.71261215,
7222300,0.8289168,
7222302,0.8105181,
7222670,0.79797035,
7222671,0.8553781,
7222672,0.86341393,
7222673,0.8289577,
7222674,0.88505507,
7222675,0.8313133,
7222676,0.8862427,
7222677,0.89099336,
7222678,0.8370983,
7222679,0.78753406,
7222680,0.7921184,
7222681,0.74790037,
7222682,0.57345414,
7222795,0.8003288,
7222796,0.8076637,
7222797,0.79033047,
7223350,0.26005983,
7223351,0.330368,
7223352,0.25384614,
7223353,0.3049141,
7223354,0.2816364,
7223355,0.3051759,
7223356,0.3161915,
7223357,0.24775814,
7223358,0.23955227,
7223359,0.24362153,
7223360,0.2160247,
7223361,0.20825984,
7223362,0.23671742,
7223363,0.23148577,
7223364,0.23373134,
7223365,0.24047023,
7223366,0.31068963,
7223425,0.6912173,
7223480,0.79150164,
7224226,0.59299546,
7224228,0.61739534,
7224620,0.6645772,
7224628,0.5675491,
7224638,0.64947176,
7224788,0.5286999,
7224789,0.52887,
7224790,0.48905712,
7224791,0.618216,
7224792,0.5555503,
7224795,0.5561181,
7224796,0.5097064,
7224805,0.52137953,
7224806,0.54060596,
7224807,0.5318455,
7224808,0.5676881,
7224809,0.51666266,
7224810,0.508822,
7224813,0.5542854,
7224814,0.48762417,
7224815,0.569564,
7225402,0.91222984,
7226276,0.8795832,
7226277,0.88062286,
7226282,0.9132403,
7226283,0.9132403,
7226284,0.8974571,
7226285,0.9111976,
7226322,0.8963189,
7226323,0.89760005,
7226324,0.87053996,
7226325,0.8487043,
7226327,0.91996527,
7226328,0.91996527,
7226329,0.8990487,
7226345,0.8515854,
7226361,0.8544139,
7226362,0.8677477,
7226363,0.8629744,
7226441,0.7089986,
7226442,0.69617367,
7226521,0.8929158,
7226522,0.8929158,
7226531,0.7155895,
7226532,0.7168063,
7226533,0.8265636,
7226534,0.8265636,
7226535,0.8931405,
7226536,0.8931405,
7226537,0.8999737,
7226538,0.8999737,
7226539,0.85659736,
7226540,0.8581082,
7226541,0.7605341,
7226542,0.76371634,
7226543,0.84396005,
7226544,0.8437103,
7226545,0.85051954,
7226546,0.85032964,
7226864,0.8430979,
7226865,0.8837437,
7226866,0.7896713,
7226922,0.11696533,
7226943,0.75649464,
7226956,0.86335194,
7227031,0.6837373,
7228817,0.651826,
7228823,0.6126409,
7228950,0.29024056,
7228951,0.29758212,
7228952,0.31073287,
7228953,0.3064854,
7228954,0.24257356,
7228955,0.29454938,
7228956,0.28169098,
7228957,0.30927426,
7228958,0.24704108,
7228959,0.3211739,
7228960,0.35560364,
7228961,0.26927486,
7228962,0.2907461,
7228963,0.25082186,
7228964,0.30708247,
7228965,0.26513305,
7228966,0.25658256,
7228967,0.2570603,
7228968,0.24781884,
7228969,0.29173866,
7228970,0.29589266,
7228971,0.29579335,
7228972,0.2937497,
7228973,0.2712256,
7228974,0.23740964,
7228975,0.38832575,
7228976,0.23330311,
7228977,0.25965965,
7228978,0.29714334,
7228979,0.25347638,
7228980,0.25244468,
7228981,0.24306476,
7228982,0.22242762,
7228983,0.31316313,
7228984,0.24422981,
7228985,0.33838728,
7228986,0.20684695,
7228987,0.28959817,
7228988,0.2569535,
7228989,0.28035057,
7229125,0.38373953,
7229127,0.4996702,
7229138,0.70280665,
7229139,0.73404944,
7229141,0.7440635,
7229142,0.710454,
7229212,0.7589344,
7229218,0.673128,
7229219,0.6389474,
7229220,0.6701904,
7229221,0.62368095,
7229223,0.62549514,
7229224,0.565071,
7229225,0.6757445,
7229226,0.66878366,
7229227,0.4241159,
7229229,0.4634413,
7229230,0.4936379,
7229231,0.71136373,
7229232,0.85963726,
7229233,0.8749466,
7229234,0.44171432,
7229235,0.5344269,
7229236,0.61388034,
7229237,0.6493655,
7229238,0.42070624,
7229239,0.35417426,
7229240,0.4762194,
7229241,0.72831583,
7229242,0.49931055,
7229574,0.8450537,
7229575,0.81112736,
7229578,0.6396345,
7229579,0.5300597,
7229614,0.7072255,
7229615,0.45310447,
7229616,0.44698355,
7229617,0.5685821,
7229664,0.73368776,
7229666,0.51069957,
7229676,0.78897345,
7229677,0.8249426,
7229678,0.49154228,
7229679,0.45813757,
7229680,0.5340868,
7229681,0.79836655,
7229683,0.6692118,
7229684,0.72414,
7229685,0.7220478,
7229717,0.5881347,
7229720,0.45409703,
7229730,0.63916695,
7229731,0.69490194,
7229750,0.5463946,
7229751,0.6778971,
7229752,0.7065525,
7229753,0.80912155,
7229754,0.71528685,
7229755,0.76004887,
7229756,0.8156372,
7229757,0.70167226,
7229758,0.52421427,
7229759,0.62713325,
7229760,0.8874342,
7229761,0.7410507,
7229762,0.63837266,
7229763,0.75907195,
7229764,0.7691631,
7229765,0.68700504,
7229766,0.7792414,
7229767,0.7594402,
7229768,0.7788579,
7229769,0.6409554,
7229770,0.71067953,
7229771,0.7266529,
7229772,0.6944828,
7229773,0.71282935,
7229774,0.7333895,
7229777,0.64728504,
7229778,0.8374347,
7229779,0.844008,
7229780,0.9049477,
7229782,0.80972505,
7229783,0.90570754,
7229784,0.65510964,
7229795,0.87614703,
7229802,0.5085724,
7229804,0.6963843,
7229810,0.81409216,
7229812,0.8756744,
7229826,0.89237297,
7229833,0.66728467,
7229835,0.5430065,
7229836,0.82362914,
7229839,0.7774008,
7229841,0.8549516,
7229842,0.86177504,
7229907,0.8054712,
7229910,0.801385,
7229921,0.85808074,
7229923,0.87815565,
7229927,0.63809985,
7229928,0.54839295,
7229929,0.6731599,
7229930,0.69747967,
7229933,0.700963,
7229934,0.8036588,
7229935,0.70352054,
7229936,0.75431323,
7229938,0.712383,
7229939,0.75549895,
7229940,0.7309627,
7229941,0.7260076,
7229944,0.5295052,
7229945,0.5929278,
7229951,0.62593514,
7229952,0.6045917,
7229957,0.7630627,
7229960,0.79170483,
7229962,0.7196274,
7229963,0.7770608,
7229996,0.8840045,
7229997,0.9102994,
7230008,0.833624,
7230010,0.79154634,
7230011,0.83486384,
7230012,0.7232089,
7230013,0.8110204,
7230014,0.81055284,
7230015,0.7653333,
7230019,0.7547017,
7230031,0.7315322,
7230032,0.6522659,
7230033,0.6002477,
7230034,0.68273336,
7230035,0.6361083,
7230037,0.8104899,
7230038,0.6015091,
7230040,0.7923106,
7230041,0.763778,
7230042,0.84584546,
7230049,0.7011984,
7230050,0.68051034,
7230051,0.76719564,
7230052,0.6397189,
7230062,0.7098368,
7230063,0.7970163,
7230064,0.78514904,
7230065,0.7747298,
7230066,0.80007106,
7230067,0.90625364,
7230068,0.78314424,
7230069,0.8084802,
7230070,0.73912835,
7230075,0.6980457,
7230079,0.77648413,
7230080,0.76657546,
7230095,0.7307731,
7230099,0.5888355,
7230385,0.9176065,
7230386,0.89003253,
7230387,0.9376704,
7230388,0.9350926,
7230402,0.54841506,
7230403,0.49377766,
7230404,0.5889635,
7230405,0.7153703,
7230407,0.5723361,
7230408,0.88488996,
7230409,0.84085846,
7230410,0.8362673,
7230411,0.7993288,
7230412,0.62716556,
7230414,0.6760956,
7230415,0.8738246,
7230416,0.753133,
7230417,0.65838146,
7230418,0.6047056,
7230420,0.51501215,
7230421,0.8310918,
7230422,0.8329262,
7230423,0.7996529,
7230424,0.75970465,
7230425,0.7899103,
7230426,0.6692538,
7230428,0.43081746,
7230429,0.5674049,
7230431,0.5481089,
7230432,0.6416957,
7230433,0.757148,
7230434,0.881296,
7230435,0.6733209,
7230436,0.7253275,
7230464,0.8566989,
7230569,0.8789239,
7230570,0.84443057,
7230571,0.7707324,
7230572,0.79820573,
7230573,0.86175877,
7230576,0.79490674,
7230578,0.8559194,
7230579,0.8405707,
7230580,0.8412357,
7230581,0.8244081,
7230583,0.7903694,
7230584,0.6979294,
7230592,0.79455334,
7230593,0.8406425,
7230594,0.8077057,
7230595,0.75826544,
7230596,0.8841926,
7230597,0.8825724,
7230598,0.8398829,
7230599,0.87720656,
7230600,0.8809908,
7230601,0.845331,
7230602,0.7911046,
7230603,0.7065952,
7230604,0.8658265,
7230605,0.88910306,
7230607,0.9090703,
7230608,0.6742528,
7230609,0.61588997,
7230745,0.82899755,
7230746,0.69587326,
7230747,0.8396669,
7230748,0.73636484,
7230751,0.84949243,
7230752,0.85962534,
7230753,0.5290912,
7230754,0.7676803,
7230755,0.9217698,
7230756,0.8175631,
7230757,0.81824446,
7230759,0.8141623,
7230760,0.6492728,
7230761,0.61212003,
7230771,0.87223464,
7230778,0.9121042,
7230779,0.7299569,
7230780,0.78119254,
7230781,0.74380827,
7230782,0.5993292,
7230783,0.86949164,
7230784,0.8939462,
7230785,0.71509635,
7230786,0.82503027,
7230787,0.80730444,
7230788,0.82811666,
7230789,0.7822233,
7230790,0.83044904,
7230791,0.8106794,
7230792,0.8965442,
7230793,0.8659925,
7230794,0.88121,
7230795,0.8283277,
7230796,0.80685693,
7230797,0.88862544,
7230800,0.751684,
7230802,0.8411571,
7230803,0.9171567,
7230804,0.7658229,
7230805,0.7607449,
7230806,0.90769863,
7230807,0.9111997,
7230808,0.80389583,
7230809,0.8739144,
7230811,0.63808835,
7230812,0.6672058,
7230813,0.6015081,
7230814,0.6980548,
7230815,0.83321595,
7230816,0.71751034,
7230817,0.71912247,
7230818,0.70954967,
7230819,0.70475864,
7230820,0.80622107,
7230821,0.7194784,
7230822,0.72850066,
7230823,0.71724075,
7230824,0.7618023,
7230825,0.67202115,
7230826,0.6597723,
7230827,0.90508103,
7230828,0.91525227,
7230829,0.67548597,
7230830,0.7187962,
7230832,0.8558871,
7230833,0.75682485,
7230834,0.7943302,
7230837,0.92427826,
7230866,0.8196345,
7230867,0.78897643,
7230868,0.8571322,
7230871,0.9226081,
7230872,0.9027401,
7230873,0.7770253,
7230874,0.886616,
7230875,0.79224813,
7230876,0.8820344,
7230877,0.88702387,
7230878,0.8668324,
7230879,0.8900085,
7230880,0.7195458,
7230881,0.6318725,
7230882,0.7826287,
7230886,0.69017226,
7230887,0.86056125,
7230889,0.8243237,
7230890,0.59834206,
7230891,0.7373689,
7230892,0.7502585,
7230893,0.6830737,
7230894,0.8828996,
7230895,0.6524162,
7230896,0.8011449,
7230897,0.81072354,
7230898,0.8717757,
7230899,0.91048574,
7230905,0.730056,
7230906,0.6054519,
7230973,0.9077775,
7230985,0.6992375,
7230987,0.70371234,
7230988,0.70427656,
7230990,0.70209944,
7230992,0.5832443,
7230993,0.7139896,
7230994,0.7302714,
7230995,0.6930022,
7230997,0.89561546,
7230998,0.9242292,
7231001,0.762511,
7231002,0.7815014,
7231004,0.8939448,
7231006,0.88153076,
7231007,0.78995436,
7231035,0.8997783,
7231036,0.8782755,
7231037,0.89367574,
7231038,0.8764386,
7231039,0.9115747,
7231044,0.7316445,
7231046,0.6829075,
7231047,0.76062673,
7231048,0.81595296,
7231049,0.8324158,
7231050,0.84225184,
7231051,0.8098144,
7231052,0.8382623,
7231053,0.8719739,
7231054,0.8532397,
7231056,0.8127874,
7231057,0.7360528,
7231058,0.6958449,
7231059,0.64074314,
7231060,0.629082,
7231094,0.91617745,
7231095,0.8639595,
7231096,0.89185673,
7231097,0.694877,
7231098,0.78419214,
7231099,0.72806925,
7231100,0.80418706,
7231102,0.83742744,
7231105,0.7980941,
7231106,0.8051552,
7231107,0.85060716,
7231108,0.9250705,
7231109,0.90460396,
7231110,0.772524,
7231111,0.91896194,
7231112,0.91203624,
7231113,0.90549684,
7231114,0.92021084,
7231115,0.9152312,
7231120,0.7115578,
7231121,0.772115,
7231122,0.65459,
7231123,0.7151824,
7231124,0.6976726,
7231125,0.68735373,
7231126,0.72683114,
7231127,0.75054467,
7231128,0.68949234,
7231129,0.6638331,
7231130,0.76970094,
7231135,0.74329954,
7231136,0.8030574,
7231137,0.7637979,
7231138,0.80315787,
7231139,0.8370096,
7231140,0.8070238,
7231141,0.817264,
7231142,0.8211348,
7231143,0.774054,
7231144,0.6773322,
7231145,0.88985324,
7231146,0.89067096,
7231154,0.77336085,
7231155,0.90461254,
7231160,0.86299837,
7231161,0.79211164,
7231162,0.80247146,
7231163,0.8146535,
7231164,0.8011443,
7231165,0.79829156,
7231166,0.8346504,
7231167,0.79634464,
7231168,0.81314886,
7231186,0.6960162,
7231187,0.7781655,
7231188,0.7858364,
7231189,0.80529845,
7231190,0.7741803,
7231191,0.83048236,
7231192,0.8015055,
7231193,0.9227932,
7231194,0.89319116,
7231195,0.9218295,
7231196,0.79389936,
7231197,0.8174474,
7231198,0.80609316,
7231228,0.6165554,
7231229,0.60947615,
7231230,0.66544175,
7231231,0.6504141,
7231554,0.8165543,
7231555,0.88418794,
7231556,0.759369,
7231557,0.77843535,
7231558,0.91876525,
7231857,0.7556747,
7231915,0.80328864,
7231916,0.8405944,
7231917,0.79464245,
7231920,0.574394,
7231923,0.64511734,
7231925,0.8939627,
7231926,0.8912567,
7231927,0.9053618,
7231928,0.9042734,
7231930,0.5886128,
7231938,0.8458667,
7231942,0.8583589,
7231943,0.81744707,
7231944,0.790911,
7231954,0.8355376,
7231955,0.8330074,
7231956,0.8130073,
7231968,0.8697012,
7231969,0.82107705,
7231970,0.7340599,
7231971,0.8124531,
7231972,0.7759806,
7231973,0.72250175,
7231976,0.8312941,
7231977,0.81846344,
7231978,0.8574007,
7231979,0.79853654,
7231989,0.74045235,
7231991,0.7749361,
7231992,0.8216795,
7232006,0.87366307,
7232007,0.8707962,
7232008,0.8444882,
7232009,0.8120488,
7232023,0.8985646,
7232026,0.74535584,
7232028,0.796997,
7232029,0.76911587,
7232030,0.7567531,
7232031,0.8044771,
7232033,0.9086365,
7232034,0.9301966,
7232044,0.88291717,
7232045,0.9025219,
7232046,0.89615315,
7232050,0.78572387,
7232051,0.84549826,
7232064,0.8220275,
7232065,0.78120697,
7232066,0.78667104,
7232067,0.8369345,
7232068,0.7845113,
7232069,0.83195096,
7232070,0.7990423,
7232071,0.8890912,
7232072,0.9142535,
7232073,0.8847143,
7232074,0.8404023,
7232075,0.83174133,
7232076,0.7903371,
7232096,0.8553502,
7232097,0.827373,
7232098,0.8429355,
7232099,0.708174,
7232326,0.7499866,
7232327,0.76114714,
7232328,0.7022076,
7232329,0.7795463,
7232334,0.7394672,
7232335,0.86762846,
7232336,0.7548565,
7232337,0.7945274,
7232382,0.7743935,
7232383,0.7154237,
7232384,0.8022476,
7232385,0.7416752,
7232386,0.76140934,
7232403,0.8403793,
7232404,0.8334979,
7232405,0.8310951,
7232406,0.8531367,
7232410,0.80025566,
7232411,0.77745396,
7232412,0.8650328,
7232413,0.85012525,
7232422,0.8474859,
7232424,0.6401133,
7232425,0.5972573,
7232426,0.77569497,
7232427,0.80578506,
7232428,0.81058127,
7232429,0.7891824,
7232459,0.7622429,
7232460,0.654736,
7232461,0.67295384,
7232470,0.7086029,
7232522,0.8624414,
7232524,0.88341284,
7232525,0.7902916,
7232620,0.7597172,
7232621,0.69122744,
7232622,0.76373595,
7232623,0.735029,
7232624,0.7892315,
7232625,0.7606334,
7232626,0.82430136,
7232627,0.79626495,
7232628,0.8373133,
7232629,0.88450176,
7232630,0.8465791,
7232631,0.82910156,
7232632,0.8501516,
7232633,0.8663297,
7232634,0.70859134,
7232635,0.7566723,
7232640,0.75526035,
7232641,0.7965126,
7232644,0.6986765,
7232873,0.6468346,
7232874,0.6149431,
7232888,0.63367647,
7232890,0.6358998,
7233124,0.91528636,
7233126,0.89389807,
7233127,0.91528636,
7233128,0.93047833,
7233304,0.56083167,
7233305,0.8132085,
7233306,0.5420954,
7233307,0.79087275,
7233308,0.7594894,
7233323,0.78374183,
7233324,0.80965906,
7233328,0.73019624,
7233329,0.5766127,
7233330,0.6103937,
7233345,0.80052197,
7233346,0.774506,
7233347,0.79742765,
7233350,0.8270758,
7233351,0.8160589,
7233352,0.7897398,
7233353,0.79130834,
7233373,0.67367864,
7234175,0.772804,
7234176,0.79055166,
7234177,0.71560603,
7234178,0.5524078,
7234181,0.79785,
7234182,0.6073958,
7234202,0.86873925,
7234204,0.71383303,
7234209,0.8364054,
7234212,0.82671607,
7234215,0.78541,
7234216,0.7988681,
7234253,0.85196525,
7234254,0.78370106,
7234255,0.78725773,
7234256,0.7326695,
7234257,0.8393841,
7234258,0.7942711,
7234261,0.8062268,
7234262,0.8043874,
7234264,0.6776097,
7234265,0.6347445,
7234266,0.7112526,
7234267,0.9391516,
7234268,0.807726,
7234269,0.8101238,
7234270,0.8435995,
7234271,0.78162086,
7234272,0.7312231,
7234274,0.6652461,
7234276,0.7946304,
7234314,0.7771583,
7234315,0.8280208,
7234316,0.88448894,
7234317,0.7966064,
7234318,0.75352526,
7234319,0.6587262,
7234325,0.7228706,
7234330,0.5966886,
7234340,0.67975116,
7234344,0.51409334,
7234345,0.49543428,
7234346,0.73236233,
7234347,0.7739023,
7234348,0.7658954,
7234352,0.7570008,
7234353,0.71652246,
7234354,0.87672293,
7234356,0.5529501,
7234358,0.7963159,
7234363,0.8119656,
7234367,0.79086816,
7234368,0.71612734,
7234481,0.86279213,
7234482,0.88143414,
7234483,0.8669861,
7234484,0.9142901,
7234485,0.8422683,
7234488,0.8403276,
7234489,0.82207096,
7234490,0.6555698,
7234492,0.8921864,
7234493,0.8734994,
7234494,0.9253284,
7234495,0.88222975,
7234496,0.89072555,
7234497,0.89647454,
7234498,0.8517193,
7234499,0.83380985,
7234500,0.81917155,
7234501,0.8247589,
7234502,0.8646128,
7234503,0.9345162,
7234504,0.82738084,
7234505,0.76511073,
7234511,0.7807565,
7234581,0.85730773,
7234623,0.8246689,
7234624,0.81589097,
7234625,0.8386116,
7234626,0.87382305,
7234627,0.8444035,
7234628,0.8400944,
7234629,0.7852738,
7234630,0.82603145,
7234631,0.82899004,
7234632,0.7725634,
7234641,0.8266555,
7234642,0.8355467,
7234643,0.7930275,
7234644,0.8727572,
7234645,0.76840574,
7234646,0.7411754,
7234648,0.7651822,
7234649,0.78559905,
7234650,0.79784894,
7234652,0.7590025,
7234940,0.8751785,
7234941,0.8916987,
7234942,0.8824589,
7234970,0.84342873,
7234977,0.8705934,
7234978,0.86419636,
7234979,0.8364138,
7234991,0.82632506,
7234992,0.7495927,
7234993,0.80998755,
7234995,0.7384748,
7234996,0.7158252,
7234997,0.7017961,
7234998,0.85334396,
7234999,0.6694808,
7235005,0.8527657,
7235006,0.90922296,
7235007,0.8892986,
7235008,0.88319916,
7235012,0.88445044,
7235032,0.7590736,
7235033,0.7790754,
7235035,0.8098539,
7235036,0.8052323,
7235037,0.798865,
7235038,0.6783895,
7235040,0.5319117,
7235041,0.5678809,
7235124,0.6970048,
7235125,0.6498612,
7235154,0.6100278,
7235155,0.58982605,
7235157,0.7962495,
7235158,0.758491,
7235159,0.70236754,
7235161,0.79352325,
7235162,0.7188478,
7235165,0.55871266,
7235167,0.7476956,
7235168,0.78081566,
7235169,0.64793104,
7235171,0.59621507,
7235172,0.8179104,
7235175,0.67093915,
7235176,0.7870129,
7235181,0.73242736,
7235182,0.7202169,
7235187,0.65720147,
7235188,0.68470705,
7235189,0.8283916,
7235192,0.82814157,
7235196,0.7002471,
7235197,0.7964481,
7235199,0.75824094,
7235200,0.7938847,
7235204,0.7558583,
7235205,0.733226,
7235207,0.66888386,
7235209,0.7568966,
7235211,0.89086026,
7235425,0.7615892,
7235426,0.68625367,
7235429,0.79986817,
7235432,0.8748858,
7235433,0.6249994,
7235434,0.81031865,
7235568,0.82687974,
7235570,0.80178505,
7235571,0.78308415,
7235573,0.80260366,
7235574,0.8246386,
7235575,0.82815117,
7235576,0.8507264,
7235587,0.697651,
7235591,0.7078341,
7235592,0.7380669,
7235593,0.73887795,
7235594,0.8144733,
7235595,0.8265844,
7235596,0.67558444,
7235599,0.5917887,
7235600,0.6684027,
7235601,0.5873558,
7235603,0.7481671,
7235604,0.5685606,
7235605,0.53998256,
7235606,0.5483502,
7235607,0.4963231,
7235608,0.49525675,
7235614,0.82072985,
7235616,0.84261817,
7235617,0.80828285,
7235619,0.83503586,
7235621,0.8402151,
7235623,0.78031194,
7235624,0.786122,
7235625,0.9084343,
7235626,0.83378947,
7235627,0.82837147,
7235628,0.8111765,
7235629,0.754814,
7235630,0.60993665,
7235631,0.60810304,
7235633,0.8160708,
7235634,0.83111316,
7235635,0.8241206,
7235636,0.6752753,
7235637,0.70928216,
7235639,0.7351269,
7235641,0.66092026,
7235642,0.6728729,
7235645,0.8230629,
7235654,0.87405694,
7235656,0.8779951,
7235657,0.7189742,
7235659,0.85571504,
7235660,0.9031761,
7235661,0.869891,
7235662,0.87307954,
7235668,0.83536386,
7235920,0.85440135,
7235921,0.8535696,
7236149,0.7348277,
7236241,0.8652339,
7236242,0.7266576,
7236243,0.65286374,
7236244,0.55669236,
7236245,0.68807054,
7236246,0.76626384,
7236247,0.6961468,
7236248,0.5648868,
7236249,0.7930708,
7236250,0.76522565,
7236251,0.66386855,
7236252,0.8869078,
7236253,0.75728136,
7236254,0.6994489,
7236255,0.8278054,
7236256,0.7527611,
7236257,0.76997507,
7236258,0.77700466,
7236259,0.749532,
7236262,0.5133546,
7236263,0.46357867,
7236265,0.6820147,
7236266,0.5775171,
7236427,0.6384903,
7236428,0.74181294,
7236429,0.7525899,
7236430,0.7828599,
7236431,0.77808565,
7236432,0.7846438,
7236695,0.6969738,
7236710,0.8451601,
7236712,0.8341296,
7236713,0.79259235,
7236716,0.8796286,
7236724,0.7162646,
7236729,0.90589416,
7236733,0.8783793,
7236734,0.5949467,
7236737,0.7650101,
7236738,0.701666,
7236740,0.8764973,
7236741,0.88098305,
7236742,0.8139595,
7236743,0.814478,
7236744,0.6530557,
7236745,0.7022459,
7236747,0.7919615,
7236748,0.6443252,
7237013,0.7195561,
7237086,0.6567656,
7237087,0.6409202,
7237088,0.5326969,
7237090,0.7535989,
7237092,0.8560799,
7237094,0.6896979,
7237120,0.8020993,
7237425,0.7825508,
7237427,0.8428162,
7237432,0.7658794,
7237433,0.72926474,
7237434,0.76271516,
7237452,0.91853976,
7237454,0.39279655,
7237465,0.84109646,
7237466,0.85697716,
7237467,0.89071727,
7237473,0.9180922,
7237474,0.9216587,
7237477,0.7064118,
7237479,0.779603,
7237480,0.8126438,
7237481,0.7857116,
7237482,0.6403432,
7237573,0.7145476,
7237574,0.83300596,
7237575,0.7032597,
7237576,0.7308278,
7237577,0.6881149,
7237578,0.76361346,
7237579,0.7953777,
7237580,0.7849298,
7237581,0.9118499,
7237582,0.8766465,
7237583,0.88420737,
7237584,0.79667884,
7237645,0.45131996,
7237646,0.47906435,
7237647,0.69542485,
7237648,0.9040756,
7237649,0.791227,
7237650,0.86167437,
7237651,0.43018293,
7237652,0.68169993,
7237653,0.46788996,
7237656,0.85592556,
7237657,0.8861548,
7237658,0.84719986,
7237659,0.6615537,
7237662,0.37178117,
7237664,0.8274629,
7237665,0.799671,
7237666,0.88873595,
7237667,0.83268183,
7237713,0.7993322,
7237717,0.8750874,
7237718,0.8541079,
7237719,0.8165754,
7237720,0.83125824,
7237723,0.7662206,
7237724,0.7729983,
7237725,0.7768415,
7237726,0.7992427,
7237727,0.890393,
7237728,0.76809686,
7237729,0.9048576,
7237730,0.88813615,
7237731,0.90335304,
7237732,0.7108652,
7237733,0.7787049,
7237734,0.81629705,
7237736,0.8762846,
7237738,0.90254223,
7237739,0.7525685,
7237741,0.8643285,
7237742,0.8036156,
7237743,0.8984942,
7237744,0.8996929,
7237745,0.7917845,
7237746,0.70886254,
7237747,0.817196,
7237748,0.8191066,
7237749,0.81099623,
7237750,0.86061954,
7237751,0.8737459,
7237752,0.9148278,
7237753,0.92988086,
7237754,0.83405185,
7237755,0.8661542,
7237756,0.66909873,
7237761,0.70341414,
7237763,0.6789361,
7237764,0.8214998,
7237765,0.81732047,
7237766,0.7769315,
7237769,0.81932867,
7237770,0.835587,
7237771,0.6982897,
7237779,0.844926,
7237780,0.63906866,
7237791,0.8331024,
7237792,0.75429606,
7237793,0.85288966,
7237794,0.8678801,
7237798,0.82237214,
7237799,0.79399306,
7238028,0.82550067,
7238029,0.89573115,
7238030,0.83691317,
7238031,0.71886015,
7238032,0.88601995,
7238033,0.8826687,
7238034,0.60051376,
7238042,0.83908665,
7238043,0.8259492,
7238044,0.8460485,
7238045,0.84258187,
7238046,0.83357203,
7238047,0.79459697,
7238048,0.7824239,
7238049,0.778562,
7238065,0.5542442,
7238066,0.85856974,
7238067,0.81696206,
7238068,0.82945126,
7238069,0.7195874,
7238070,0.8375585,
7238071,0.6846154,
7238072,0.90365416,
7238073,0.8389338,
7238074,0.72125894,
7238075,0.7483209,
7238076,0.75004745,
7238077,0.7496695,
7238078,0.56260604,
7238079,0.61680245,
7238080,0.76917136,
7238081,0.7055437,
7238082,0.7316875,
7238083,0.7276528,
7238084,0.7611682,
7238085,0.73978126,
7238128,0.6000025,
7238129,0.6181016,
7238130,0.6071719,
7238131,0.52262443,
7238132,0.49319333,
7238133,0.5748448,
7238134,0.5440121,
7238135,0.5678725,
7238136,0.61444545,
7238137,0.45413795,
7238138,0.630174,
7238139,0.49113387,
7238140,0.5409928,
7238191,0.6232655,
7238192,0.5687927,
7238193,0.58536035,
7238194,0.60592586,
7238195,0.4947205,
7238196,0.5135705,
7238197,0.45955276,
7238198,0.4617228,
7238199,0.5956392,
7238200,0.4982775,
7238201,0.5539563,
7238203,0.55205566,
7238204,0.57892776,
7238205,0.50423265,
7238206,0.604534,
7238208,0.4530253,
7238209,0.49606505,
7238210,0.560687,
7238212,0.68710715,
7238213,0.68880826,
7238214,0.6406307,
7238215,0.68810385,
7238216,0.69733375,
7238217,0.680892,
7238219,0.6502926,
7238220,0.70108354,
7238221,0.7126318,
7238222,0.65823483,
7238223,0.7271914,
7238224,0.7030187,
7238225,0.63412666,
7238226,0.6452978,
7238227,0.70906,
7238228,0.7979114,
7238229,0.41141507,
7238231,0.40998974,
7238232,0.3834674,
7238233,0.37868956,
7238234,0.43122903,
7238235,0.46072516,
7238268,0.71230316,
7238269,0.45708162,
7238270,0.45339635,
7238271,0.5963805,
7238288,0.5371936,
7238291,0.60781056,
7238292,0.822394,
7238293,0.79267645,
7238294,0.8616916,
7238295,0.89926356,
7238296,0.7701048,
7238297,0.57004106,
7238298,0.60482585,
7238299,0.7763894,
7238300,0.84913915,
7238301,0.90941834,
7238302,0.85306543,
7238303,0.8726066,
7238306,0.73767823,
7238307,0.7281223,
7238320,0.28784588,
7238351,0.7836703,
7238352,0.7915057,
7238353,0.7843027,
7238354,0.8393769,
7238355,0.7359038,
7238356,0.6224994,
7238357,0.78683305,
7238358,0.74760693,
7238359,0.7213074,
7238360,0.780103,
7238361,0.8057071,
7238362,0.791473,
7238363,0.81243825,
7238364,0.76573557,
7238365,0.6562989,
7238366,0.8218937,
7238367,0.7206468,
7238369,0.80982065,
7238370,0.70526654,
7238371,0.8145418,
7238372,0.8090999,
7238373,0.8276431,
7238374,0.82871276,
7238375,0.7871375,
7238376,0.8347468,
7238377,0.84628505,
7238378,0.74120015,
7238379,0.8019891,
7238380,0.8665759,
7238381,0.8266024,
7238382,0.86412036,
7238383,0.85641575,
7238384,0.7817811,
7238385,0.86144674,
7238419,0.85875374,
7238420,0.8795878,
7238421,0.8882196,
7238422,0.7528644,
7238423,0.8228139,
7238424,0.7340602,
7238425,0.7506638,
7238426,0.79177207,
7238427,0.7424945,
7238429,0.57384336,
7238430,0.7697026,
7238431,0.848346,
7238432,0.8759663,
7238433,0.8759536,
7238434,0.8573458,
7238435,0.79424244,
7238436,0.7907419,
7238437,0.7627586,
7238438,0.6954192,
7238439,0.80330646,
7238440,0.8767075,
7238441,0.8235629,
7238442,0.77156967,
7238443,0.76919734,
7238444,0.7526386,
7238445,0.6179226,
7238446,0.5916037,
7238447,0.49403334,
7238448,0.7062356,
7238449,0.6238037,
7238450,0.7255968,
7238451,0.7024928,
7238452,0.7749716,
7238453,0.7240481,
7238454,0.66095626,
7238455,0.8316523,
7238456,0.78214115,
7238457,0.84069544,
7238458,0.8883905,
7238459,0.8589423,
7238460,0.8901219,
7238461,0.8983097,
7238462,0.8628596,
7238463,0.87100345,
7238464,0.9000818,
7238465,0.877391,
7238466,0.87190646,
7238467,0.8584343,
7238468,0.76753455,
7238469,0.8686392,
7238470,0.7505316,
7238471,0.88611037,
7238472,0.80404717,
7238473,0.77126294,
7238474,0.7735274,
7238475,0.8149476,
7238476,0.8356612,
7238477,0.7588305,
7238478,0.8033295,
7238479,0.8122478,
7238480,0.76514703,
7238508,0.588393,
7238509,0.5054597,
7238510,0.51269877,
7238528,0.8741535,
7238547,0.9122777,
7238548,0.9155162,
7238549,0.9162103,
7238550,0.90478694,
7238572,0.84062016,
7238573,0.7874145,
7238574,0.77852464,
7238575,0.78659046,
7238576,0.844956,
7238577,0.77777433,
7238578,0.74342656,
7238579,0.8024583,
7238669,0.8846292,
7238670,0.8404433,
7238671,0.89950687,
7238672,0.9060018,
7238673,0.91344213,
7238674,0.8840522,
7238675,0.8870373,
7238676,0.8580739,
7238677,0.91227853,
7238678,0.9020139,
7238679,0.8943182,
7238680,0.8968419,
7238683,0.9063427,
7238684,0.9269821,
7238685,0.74877137,
7238686,0.76511365,
7238687,0.63817126,
7238688,0.7501095,
7238689,0.7687067,
7238690,0.75140446,
7238692,0.8029661,
7238693,0.8491941,
7238694,0.7785056,
7238695,0.8457809,
7238696,0.6575383,
7238697,0.66582566,
7238698,0.7026461,
7238699,0.4651852,
7238701,0.53649175,
7238702,0.5125314,
7238703,0.6961556,
7238718,0.8386947,
7238719,0.9123213,
7238720,0.9033076,
7238721,0.91413534,
7238722,0.8981031,
7238725,0.88877696,
7238726,0.76672935,
7238727,0.8633928,
7238728,0.8918608,
7238729,0.46023932,
7238730,0.6640177,
7238731,0.6640347,
7238732,0.7211375,
7238733,0.83351475,
7238734,0.88758415,
7238735,0.6523181,
7238736,0.5890653,
7238737,0.8061766,
7238738,0.87103975,
7238775,0.75141543,
7238776,0.7608291,
7238777,0.85160893,
7238778,0.78839725,
7238780,0.7748148,
7238782,0.78557086,
7238783,0.87053096,
7238784,0.73774487,
7238785,0.87188286,
7238786,0.8173225,
7238789,0.8467678,
7238813,0.8990403,
7238814,0.8865558,
7238815,0.893824,
7238816,0.88185024,
7238817,0.89665693,
7238818,0.88385206,
7238820,0.8460862,
7238824,0.9230438,
7238825,0.8984622,
7238826,0.89684105,
7238827,0.73926103,
7238828,0.70497406,
7238829,0.68634903,
7238830,0.56823885,
7238831,0.7783082,
7238832,0.6850289,
7238833,0.59869313,
7238834,0.5293016,
7238845,0.8767701,
7238846,0.90186983,
7238847,0.8652668,
7238848,0.8431018,
7238921,0.8279118,
7238941,0.93340385,
7238942,0.94091827,
7238943,0.7587178,
7238948,0.76473993,
7238955,0.8200744,
7238956,0.829256,
7238957,0.81802785,
7238959,0.81802785,
7238968,0.74229157,
7238970,0.7143452,
7239127,0.7548761,
7239235,0.867509,
7239236,0.9326801,
7239238,0.7551054,
7239240,0.8110138,
7239241,0.76633924,
7239242,0.8175712,
7239246,0.7267126,
7239247,0.8209222,
7239248,0.87780166,
7239266,0.74299526,
7239267,0.79440284,
7239268,0.84274924,
7239269,0.699192,
7239270,0.79819065,
7239313,0.7272881,
7239335,0.8353492,
7239537,0.7652708,
7239538,0.75305474,
7239598,0.8368718,
7239599,0.82128686,
7239600,0.9236053,
7239601,0.9199222,
7239602,0.87124765,
7239603,0.84951776,
7239604,0.78948516,
7239605,0.83915335,
7239624,0.6750547,
7239625,0.8514198,
7239626,0.802229,
7239627,0.78384453,
7239628,0.7626619,
7239629,0.7031363,
7239630,0.6830943,
7239631,0.7832463,
7239632,0.7704323,
7239633,0.7088092,
7239634,0.83040226,
7239635,0.85938334,
7239636,0.8163954,
7239637,0.845947,
7239638,0.79300386,
7239665,0.7367867,
7239666,0.67916435,
7239667,0.6482015,
7239668,0.81117475,
7239669,0.81974787,
7239670,0.6524989,
7239671,0.53521097,
7239672,0.50763136,
7239673,0.76162815,
7239674,0.8842753,
7239675,0.7096655,
7239676,0.66691357,
7239678,0.45853683,
7239680,0.66370326,
7239681,0.73105896,
7239682,0.8185807,
7239683,0.8770803,
7239720,0.7748008,
7239721,0.81398654,
7239724,0.84902304,
7239725,0.8054035,
7239726,0.77460665,
7239728,0.89133114,
7239732,0.7764273,
7239733,0.7246442,
7239734,0.8265433,
7239735,0.8190172,
7239736,0.7858559,
7239737,0.91400903,
7239738,0.78029037,
7239739,0.701883,
7239740,0.83917147,
7239741,0.87919366,
7239742,0.8614389,
7239745,0.7452909,
7239746,0.80577487,
7239747,0.91891336,
7239748,0.906867,
7239750,0.745152,
7239753,0.88085324,
7239754,0.7870339,
7239766,0.8201095,
7239769,0.82728696,
7239811,0.74232113,
7239827,0.7285457,
7239828,0.82297796,
7239829,0.79982984,
7239881,0.68949133,
7239882,0.661537,
7239883,0.69591,
7239891,0.5432706,
7239893,0.8559899,
7239894,0.77757114,
7239902,0.889383,
7239903,0.854862,
7239905,0.778098,
7239906,0.8002045,
7239907,0.79450464,
7239908,0.7332895,
7239909,0.7826822,
7239912,0.9115174,
7239913,0.92444116,
7239914,0.8916972,
7239915,0.83154595,
7239916,0.86838835,
7239917,0.8429161,
7239918,0.87255794,
7239919,0.6753026,
7239920,0.75283635,
7239921,0.7261581,
7239922,0.8085525,
7239923,0.73265743,
7239927,0.771111,
7239928,0.76176083,
7239929,0.88927406,
7239930,0.87761706,
7239931,0.9058997,
7239932,0.8632256,
7239933,0.8951518,
7239934,0.9093569,
7239935,0.88818336,
7239936,0.85533184,
7239937,0.7934211,
7239938,0.80103856,
7239939,0.81087905,
7239940,0.90654147,
7239942,0.8472084,
7239947,0.7313551,
7239948,0.77528477,
7239949,0.8231369,
7239950,0.83834034,
7239951,0.81130683,
7239952,0.86783963,
7239953,0.84184456,
7239955,0.8227337,
7239956,0.80726045,
7239957,0.8009345,
7239958,0.8032316,
7239959,0.75420904,
7239960,0.7751809,
7239961,0.7450863,
7239962,0.6837039,
7239963,0.7642404,
7239964,0.85479164,
7239965,0.8081328,
7239966,0.6622084,
7239967,0.6531731,
7239968,0.7241151,
7239969,0.6745602,
7239970,0.6971991,
7239971,0.78456646,
7239973,0.7114846,
7239974,0.6361092,
7239975,0.7858474,
7239976,0.8225899,
7239977,0.80845094,
7239978,0.7977205,
7239979,0.80896324,
7240099,0.7751545,
7240101,0.74840534,
7240102,0.7538915,
7240103,0.81898063,
7240105,0.8289016,
7240108,0.8312501,
7240110,0.7985486,
7240120,0.89879864,
7240121,0.90780354,
7240122,0.87121457,
7240123,0.8422752,
7240124,0.8441037,
7240125,0.8233241,
7240126,0.87389094,
7240136,0.7139985,
7240137,0.714454,
7240138,0.76373035,
7240139,0.84122694,
7240140,0.8320383,
7240141,0.83729464,
7240142,0.86773175,
7240143,0.8679298,
7240144,0.88270193,
7240145,0.725351,
7240146,0.74722517,
7240147,0.7379179,
7240148,0.8831593,
7240149,0.8813934,
7240150,0.85388845,
7240151,0.7404459,
7240153,0.8466819,
7240154,0.7604235,
7240155,0.8040824,
7240156,0.6503866,
7240157,0.8851848,
7240159,0.87401414,
7240160,0.9121605,
7240162,0.91566426,
7240164,0.7956473,
7240183,0.80477256,
7240184,0.8509489,
7240185,0.86151516,
7240186,0.8779145,
7240187,0.8925214,
7240189,0.73689085,
7240190,0.752222,
7240273,0.7381561,
7240274,0.58528554,
7240275,0.62175745,
7240276,0.69564265,
7240282,0.7187262,
7240283,0.70096916,
7240284,0.8012119,
7240285,0.77910835,
7240289,0.69034296,
7240290,0.70057166,
7240293,0.8158432,
7240294,0.7552187,
7240402,0.8713005,
7240405,0.70795786,
7240406,0.86815065,
7240407,0.63107103,
7240408,0.6977864,
7240410,0.7349052,
7240412,0.5559609,
7240413,0.72201765,
7240414,0.872189,
7240442,0.78270125,
7240443,0.6839109,
7240444,0.6563979,
7240445,0.66633606,
7240447,0.70595795,
7240449,0.79459286,
7240452,0.6581351,
7240455,0.8705955,
7240456,0.8839984,
7240459,0.84936047,
7240466,0.8569676,
7240467,0.8691712,
7240468,0.8520082,
7240469,0.74876004,
7240470,0.6467423,
7240471,0.8035757,
7240472,0.5487929,
7240473,0.793725,
7240474,0.7710639,
7240590,0.34353778,
7240591,0.2964908,
7240592,0.2733015,
7240593,0.34801358,
7240594,0.4040218,
7240595,0.350273,
7240596,0.339573,
7240597,0.26439548,
7240598,0.23431332,
7240599,0.32407048,
7240600,0.27908936,
7240601,0.27373976,
7240602,0.30124283,
7240603,0.28148192,
7240604,0.3032501,
7240605,0.36438107,
7240606,0.2575995,
7240607,0.3151288,
7240608,0.25694987,
7240609,0.25836244,
7240610,0.24824594,
7240611,0.3717405,
7240613,0.43263376,
7240614,0.43769857,
7240615,0.38253376,
7240616,0.29690987,
7240617,0.2773554,
7240618,0.3046494,
7240619,0.24346274,
7240620,0.28277925,
7240621,0.25966442,
7240622,0.3477994,
7240623,0.27361143,
7240624,0.26145217,
7240625,0.332666,
7240626,0.23698969,
7240627,0.28035682,
7240628,0.38184553,
7240629,0.34523022,
7240630,0.33230472,
7240631,0.28037477,
7240632,0.2991154,
7240633,0.37229407,
7240634,0.30580816,
7240635,0.2666615,
7240637,0.29320717,
7240638,0.26499382,
7240639,0.2628532,
7240640,0.2653601,
7240641,0.27176145,
7240642,0.30898172,
7240643,0.31028578,
7240644,0.31159788,
7240645,0.3432519,
7240646,0.3797399,
7240647,0.3221276,
7240648,0.3128509,
7240649,0.30003554,
7240650,0.2932664,
7240651,0.33481202,
7240652,0.32095236,
7240653,0.30664414,
7240654,0.28024745,
7240655,0.35925564,
7240656,0.2878641,
7240657,0.26864493,
7240658,0.21844104,
7240659,0.32249135,
7240660,0.30711883,
7240661,0.27752745,
7240662,0.2870232,
7240663,0.3190219,
7240664,0.28053162,
7240665,0.30035743,
7240797,0.75796306,
7240798,0.8282553,
7240799,0.82083195,
7240800,0.8145384,
7240801,0.6718662,
7240802,0.72367543,
7240803,0.65170556,
7240804,0.62582755,
7240805,0.87582505,
7240806,0.82507855,
7240807,0.82545537,
7240808,0.835995,
7240809,0.8186248,
7240810,0.8038339,
7240815,0.31788847,
7240816,0.30538812,
7240817,0.32739043,
7240818,0.28313977,
7240819,0.2987505,
7240820,0.36576173,
7240821,0.2488888,
7240822,0.23399448,
7240823,0.28255716,
7240824,0.29060972,
7240825,0.26425636,
7240826,0.26887342,
7240827,0.5503145,
7240828,0.40076587,
7240833,0.5686732,
7240882,0.26038143,
7240883,0.27551976,
7240884,0.25984746,
7240885,0.27525586,
7240886,0.29025185,
7240888,0.24752013,
7240889,0.3217618,
7240890,0.2580854,
7240891,0.23873568,
7240892,0.26791996,
7240893,0.24284674,
7240894,0.24935408,
7240895,0.2751481,
7240896,0.24980684,
7240897,0.2599708,
7240898,0.3233659,
7240899,0.29789466,
7240900,0.2634242,
7240901,0.24921067,
7240902,0.30757177,
7240903,0.24912703,
7240904,0.23003931,
7240905,0.2154018,
7240906,0.18521984,
7240907,0.20528784,
7240908,0.21436499,
7240909,0.28959736,
7240910,0.29807577,
7240911,0.32939863,
7240912,0.28373355,
7240914,0.27935174,
7240915,0.30168614,
7240916,0.26878396,
7240917,0.34630042,
7240918,0.28337693,
7240919,0.30899063,
7240920,0.30230412,
7240921,0.258865,
7240930,0.8417993,
7240931,0.6796851,
7240932,0.68167484,
7240934,0.75080186,
7240935,0.7432307,
7240936,0.74349886,
7240937,0.8184926,
7240946,0.90660137,
7240947,0.80148715,
7240948,0.7732498,
7240949,0.89024043,
7240950,0.9140391,
7240952,0.82636845,
7240953,0.8900907,
7240981,0.77648604,
7240982,0.8241873,
7240983,0.7839773,
7240984,0.7890918,
7240985,0.8335113,
7240986,0.89387834,
7240987,0.8454776,
7240988,0.7149202,
7240989,0.85636455,
7240990,0.65935767,
7240991,0.8229079,
7240992,0.74421173,
7240993,0.86857265,
7240994,0.72372043,
7240995,0.71715236,
7240996,0.65667886,
7240997,0.794989,
7240998,0.80359864,
7240999,0.78427166,
7241000,0.654354,
7241001,0.79574734,
7241002,0.6748121,
7241003,0.7893765,
7241004,0.76935226,
7241005,0.81463236,
7241006,0.721118,
7241007,0.6877733,
7241008,0.8587158,
7241009,0.8506229,
7241010,0.884733,
7241011,0.7248886,
7241012,0.7814316,
7241013,0.87301123,
7241014,0.84755987,
7241015,0.84945387,
7241016,0.8471025,
7241018,0.8279416,
7241021,0.21879648,
7241022,0.20747498,
7241023,0.22973701,
7241024,0.23239398,
7241025,0.23587918,
7241026,0.21697289,
7241027,0.20511496,
7241028,0.28144434,
7241029,0.21400553,
7241067,0.81446743,
7241068,0.86124176,
7241069,0.8248702,
7241070,0.7578438,
7241071,0.8706141,
7241072,0.7364556,
7241073,0.8631935,
7241074,0.7760418,
7241075,0.7737174,
7241076,0.79488677,
7241130,0.894783,
7241131,0.6961575,
7241136,0.7920603,
7241143,0.7584899,
7241147,0.5038489,
7241149,0.5198186,
7241151,0.52741385,
7241152,0.4950166,
7241153,0.5553904,
7241156,0.5625195,
7241234,0.89385873,
7241235,0.87726843,
7241236,0.89723945,
7241237,0.9092666,
7241238,0.8868373,
7241239,0.86960626,
7241240,0.8741362,
7241241,0.8697831,
7241242,0.9094804,
7241243,0.92207617,
7241244,0.8789339,
7241245,0.87790436,
7241246,0.85981727,
7241247,0.8824214,
7241248,0.89461064,
7241249,0.8792511,
7241250,0.86480314,
7241251,0.87181175,
7241252,0.826058,
7241253,0.88272476,
7241254,0.88233936,
7241255,0.8643407,
7241256,0.8950542,
7241257,0.7869507,
7241260,0.78376794,
7241261,0.7561572,
7241264,0.69621354,
7241265,0.6325598,
7241266,0.7864315,
7241267,0.78864616,
7241287,0.78428394,
7241288,0.84588814,
7241289,0.7259008,
7241290,0.8015681,
7241291,0.68301934,
7241292,0.711131,
7241314,0.7766277,
7241315,0.79264283,
7241316,0.7313682,
7241317,0.71932346,
7241318,0.76906306,
7241319,0.7719392,
7241327,0.8756779,
7241329,0.80496985,
7241330,0.7927399,
7241333,0.87691647,
7241334,0.8707167,
7241343,0.81627494,
7241344,0.78080434,
7241345,0.76264805,
7241346,0.7589906,
7241347,0.8932754,
7241356,0.7623135,
7241358,0.58410174,
7241362,0.7639274,
7241367,0.6532657,
7241369,0.8883668,
7241370,0.9066987,
7241371,0.8879326,
7241372,0.79585385,
7241383,0.816189,
7241384,0.66725117,
7241388,0.7065271,
7241389,0.7609568,
7241390,0.8479722,
7241391,0.72589916,
7241392,0.74897224,
7241393,0.73466927,
7241395,0.7170795,
7241414,0.7531212,
7241416,0.8956449,
7241420,0.8974092,
7241422,0.82761663,
7241423,0.8172818,
7241424,0.8644232,
7241425,0.8901387,
7241426,0.85138845,
7241428,0.79953766,
7241429,0.8934833,
7241430,0.8943762,
7241431,0.8773302,
7241432,0.8930362,
7241433,0.92176825,
7241438,0.8233536,
7241459,0.8095425,
7241460,0.8102247,
7241461,0.83405095,
7241462,0.84685844,
7241463,0.7750193,
7241464,0.7374972,
7241465,0.91139317,
7241466,0.87640935,
7241467,0.67608255,
7241468,0.81632537,
7241469,0.7429388,
7241557,0.86711544,
7241558,0.78829473,
7241559,0.6524175,
7241560,0.6463001,
7241561,0.58089083,
7241562,0.68017083,
7241563,0.72167957,
7241564,0.7421776,
7241565,0.6086976,
7241674,0.85381854,
7241681,0.69622874,
7241682,0.6413856,
7241683,0.70382524,
7241685,0.67875904,
7241686,0.7268203,
7241687,0.6811353,
7241688,0.6459437,
7241689,0.56934315,
7241690,0.7245906,
7241691,0.622777,
7241692,0.6492575,
7241882,0.84246784,
7241883,0.83465016,
7241912,0.8504279,
7241913,0.80492204,
7241914,0.8718192,
7241915,0.84060496,
7241916,0.6546502,
7241917,0.63911873,
7241971,0.65898854,
7241973,0.7108997,
7241981,0.71674085,
7241987,0.7404958,
7241988,0.66284335,
7241989,0.6895719,
7242250,0.83518714,
7242251,0.7676249,
7242252,0.8014429,
7242253,0.844373,
7242254,0.842932,
7242257,0.86797833,
7242258,0.7304265,
7242261,0.7637401,
7242264,0.7732274,
7242268,0.8792555,
7242270,0.87441534,
7242275,0.8588218,
7242297,0.90196913,
7242303,0.5519974,
7242304,0.8130353,
7242305,0.6960172,
7242318,0.76696026,
7242319,0.8119933,
7242334,0.8721706,
7242335,0.4372845,
7242341,0.68972063,
7242350,0.8011764,
7242352,0.8393957,
7242355,0.7819471,
7242356,0.8540609,
7242357,0.5563612,
7242360,0.8371294,
7242362,0.660893,
7242364,0.7711534,
7242371,0.7176185,
7242372,0.7657559,
7242373,0.767899,
7242374,0.8707541,
7242375,0.92642295,
7242376,0.8532335,
7242377,0.7795465,
7242378,0.7755547,
7242379,0.80590546,
7242380,0.77497447,
7242381,0.80327076,
7242382,0.9042609,
7242383,0.77041274,
7242384,0.84496844,
7242385,0.8767476,
7242386,0.8265045,
7242387,0.80707246,
7242388,0.8615428,
7242389,0.7074234,
7242391,0.8107962,
7242392,0.7754902,
7242393,0.8311662,
7242394,0.7673267,
7242395,0.834404,
7242396,0.5823617,
7242398,0.8033054,
7242399,0.7633033,
7242400,0.7583937,
7242401,0.69634867,
7242403,0.82770425,
7242404,0.87994057,
7242405,0.8680778,
7242406,0.857651,
7242411,0.7199957,
7242412,0.82408136,
7242413,0.6800019,
7242414,0.6790339,
7242416,0.8357916,
7242417,0.88111126,
7242418,0.6245486,
7242419,0.77875876,
7242420,0.78727996,
7242421,0.77112687,
7242721,0.8254642,
7242751,0.7247266,
7242752,0.75821495,
7242753,0.73112434,
7242754,0.7459157,
7242756,0.8615683,
7242757,0.8370158,
7242758,0.8799193,
7242759,0.612334,
7242760,0.6262744,
7242761,0.67148834,
7242762,0.75074774,
7242778,0.91234034,
7242779,0.899477,
7242780,0.7921582,
7242781,0.76427966,
7242782,0.8744086,
7242783,0.862752,
7243056,0.71169114,
7243057,0.67258525,
7243059,0.8682767,
7243060,0.9076682,
7243063,0.8706084,
7243064,0.8226104,
7243079,0.7917001,
7243080,0.84923977,
7243109,0.8024038,
7243110,0.8062241,
7243111,0.8461811,
7243126,0.8571124,
7243130,0.7749856,
7243134,0.722992,
7243135,0.72973645,
7243136,0.8084884,
7243137,0.88947654,
7243138,0.84987664,
7243314,0.80447596,
7243316,0.79576766,
7243317,0.77130556,
7243347,0.75593615,
7243348,0.7999524,
7243350,0.6895334,
7243355,0.8023147,
7243356,0.7281764,
7243358,0.7145623,
7243359,0.7296143,
7243416,0.82619286,
7243425,0.87813985,
7243426,0.82369715,
7243427,0.83478814,
7243428,0.93519616,
7243429,0.8761044,
7243430,0.8983358,
7243431,0.7448814,
7243432,0.83486915,
7243433,0.67310345,
7243451,0.7299172,
7243452,0.90908825,
7243455,0.79890126,
7243456,0.8090402,
7243481,0.7988993,
7243483,0.84554964,
7243487,0.6853497,
7243501,0.7927626,
7243503,0.882369,
7243504,0.9105227,
7243505,0.8932307,
7243506,0.8772655,
7243509,0.9055389,
7243511,0.8353981,
7243512,0.8502804,
7243513,0.8684112,
7243514,0.8802468,
7243520,0.8735993,
7243521,0.8271603,
7243523,0.649326,
7243524,0.7096848,
7243525,0.82514095,
7243535,0.7348968,
7243536,0.7738274,
7243591,0.81481314,
7243594,0.8347998,
7243595,0.6942742,
7243596,0.789885,
7243597,0.5090788,
7243598,0.61485595,
7243612,0.845152,
7243613,0.65971744,
7243614,0.74182385,
7243615,0.7088852,
7243618,0.7595849,
7243620,0.8209237,
7243623,0.71508276,
7243624,0.45912984,
7243627,0.6327312,
7243644,0.849165,
7243645,0.88346916,
7243646,0.84912866,
7243647,0.8890107,
7243648,0.866621,
7243649,0.8926687,
7243650,0.7391026,
7243651,0.6710609,
7243652,0.81371254,
7243653,0.84454435,
7244015,0.62969416,
7244016,0.5979993,
7244018,0.78844523,
7244019,0.8222664,
7244020,0.8082899,
7244021,0.70197976,
7244022,0.7472437,
7244026,0.8269586,
7244027,0.8110425,
7244028,0.8486948,
7244029,0.8095304,
7244032,0.69856256,
7244034,0.73706245,
7244036,0.8665762,
7244038,0.78767717,
7244040,0.83006185,
7244041,0.8002039,
7244042,0.82006973,
7244043,0.85193145,
7244044,0.877548,
7244045,0.8801378,
7244046,0.82617164,
7244047,0.6847693,
7244048,0.63547105,
7244049,0.7564363,
7244050,0.7058569,
7244051,0.82559115,
7244052,0.8259705,
7244081,0.73492175,
7244304,0.70762,
7244309,0.78877443,
7244310,0.7392228,
7244312,0.74287176,
7244344,0.7444467,
7244345,0.8287091,
7244346,0.710345,
7244347,0.6488552,
7244348,0.6582666,
7244349,0.63409364,
7244350,0.89726126,
7244351,0.9137754,
7244424,0.81969374,
7244425,0.7749146,
7244426,0.81678706,
7244428,0.79981756,
7244429,0.79081994,
7244430,0.77142,
7244431,0.82205915,
7244983,0.8096674,
7244984,0.7903338,
7244985,0.80117536,
7244987,0.8252219,
7244988,0.70997363,
7245003,0.73913467,
7245004,0.8613377,
7245005,0.59711987,
7245006,0.55564946,
7245007,0.6760482,
7245010,0.74274087,
7245011,0.78632516,
7245012,0.52858967,
7245121,0.2955735,
7245219,0.8160735,
7245220,0.7818284,
7245221,0.7366656,
7245256,0.8496092,
7245257,0.8761958,
7245258,0.83394283,
7245259,0.872661,
7245261,0.88107866,
7245262,0.9017838,
7245639,0.7569191,
7245640,0.81591,
7245641,0.8282582,
7245642,0.87782836,
7245672,0.660681,
7245773,0.5711219,
7245781,0.7360525,
7245782,0.76346713,
7245783,0.75747216,
7245784,0.73592913,
7245787,0.73653525,
7245788,0.86064744,
7245791,0.7701032,
7245792,0.78530496,
7245794,0.88008565,
7245795,0.7734591,
7245798,0.82737416,
7245799,0.811413,
7245802,0.8548987,
7245803,0.8423861,
7245807,0.74929315,
7245816,0.8040426,
7246013,0.40701103,
7246332,0.7743888,
7246333,0.7621431,
7246372,0.83714586,
7246373,0.77765197,
7246374,0.7715539,
7246383,0.7358299,
7246384,0.65412587,
7246385,0.69925845,
7246386,0.81622654,
7246387,0.7464748,
7246388,0.8371978,
7246390,0.7235945,
7246391,0.82312584,
7246392,0.7174789,
7246393,0.58325374,
7246394,0.6128097,
7246407,0.86354244,
7246408,0.8111412,
7246409,0.6789141,
7246412,0.86752796,
7246508,0.8500037,
7246591,0.7206386,
7246656,0.75651425,
7246664,0.9157544,
7246665,0.8461128,
7246666,0.88196087,
7246667,0.7795126,
7246670,0.7357492,
7246671,0.7787778,
7246672,0.57796013,
7246673,0.59800667,
7246674,0.79574114,
7246675,0.7567827,
7246676,0.8200562,
7246677,0.7795741,
7246680,0.8393293,
7246681,0.8332145,
7246684,0.7740498,
7246685,0.7202422,
7246686,0.6317355,
7246687,0.63323826,
7246691,0.74372196,
7246692,0.73146904,
7246693,0.59241825,
7246705,0.8918737,
7246745,0.7889613,
7246746,0.6843899,
7246747,0.83695817,
7246748,0.72039753,
7246749,0.7957311,
7246750,0.7851686,
7246751,0.6894965,
7246752,0.6593513,
7246753,0.7634265,
7246754,0.8267193,
7246755,0.76700747,
7246756,0.81910974,
7246757,0.81132877,
7246758,0.7327804,
7246759,0.82732314,
7246760,0.7869126,
7246761,0.7995771,
7246762,0.75491714,
7246763,0.7576263,
7246764,0.8085322,
7246765,0.8292827,
7246766,0.78105605,
7246777,0.7296586,
7246805,0.49499917,
7246825,0.83020407,
7246827,0.8596061,
7246955,0.39568666,
7247072,0.81990314,
7247073,0.8437085,
7247074,0.83715427,
7247075,0.8351966,
7247078,0.7674338,
7247196,0.8656442,
7247197,0.8573958,
7247198,0.7134102,
7247199,0.87919784,
7247201,0.8606569,
7247202,0.74008226,
7247203,0.7608526,
7247204,0.848058,
7247205,0.8397955,
7247206,0.8194164,
7247215,0.87233746,
7247217,0.8440569,
7247241,0.4855385,
7247242,0.5102907,
7247243,0.82337314,
7247244,0.84440994,
7247249,0.69455916,
7247250,0.8327511,
7247251,0.8426155,
7247252,0.85572594,
7247253,0.7938993,
7247256,0.78888404,
7247261,0.6484969,
7247264,0.6486421,
7247272,0.76528645,
7247343,0.8491319,
7247354,0.8539739,
7247358,0.7955271,
7247359,0.82493263,
7247360,0.8910226,
7247366,0.7781454,
7247367,0.8814657,
7247368,0.8154777,
7247377,0.7366813,
7247378,0.7946181,
7247381,0.7779722,
7247388,0.8558977,
7247393,0.874975,
7247394,0.828685,
7247395,0.81338894,
7247397,0.86747384,
7247398,0.87458026,
7248138,0.5720799,
7248139,0.5718978,
7248664,0.76917386,
7248666,0.76852,
7248882,0.8396817,
7248883,0.8164138,
7248884,0.815986,
7249060,0.7120645,
7249061,0.81926644,
7249062,0.83640206,
7249063,0.72277695,
7249064,0.77754605,
7249065,0.6991691,
7249066,0.75258535,
7249067,0.60382354,
7249068,0.684055,
7249190,0.7950598,
7249194,0.87978184,
7249340,0.7134603,
7249341,0.659563,
7249354,0.6978163,
7249361,0.76742315,
7249362,0.6591221,
7249367,0.78777784,
7249368,0.78116375,
7249369,0.755885,
7249376,0.87797356,
7249382,0.7244987,
7249398,0.9209788,
7249445,0.8403315,
7249500,0.832264,
7249501,0.83286715,
7249542,0.6803227,
7249544,0.84365535,
7249667,0.5722399,
7249668,0.69691896,
7249670,0.56351304,
7249811,0.81479937,
7249813,0.6337226,
7249815,0.68901896,
7250205,0.5063457,
7250207,0.48746473,
7250210,0.697828,
7250211,0.675254,
7250215,0.6944413,
7250216,0.7266461,
7250218,0.7798148,
7250219,0.73415446,
7250222,0.44395626,
7250226,0.88982207,
7250269,0.7888936,
7250270,0.68041974,
7250271,0.79413944,
7250273,0.6809316,
7250274,0.68985975,
7250275,0.841777,
7250276,0.5415063,
7250277,0.7560368,
7250279,0.7633188,
7250280,0.74289834,
7250281,0.75119954,
7250282,0.570944,
7250329,0.6721434,
7250331,0.75425273,
7250332,0.7208339,
7250717,0.72787637,
7250816,0.7645444,
7250817,0.8078091,
7250818,0.71637666,
7251055,0.8093358,
7251056,0.7877862,
7251057,0.7981765,
7251058,0.8553096,
7251062,0.7914763,
7251063,0.87484914,
7251064,0.8848041,
7251075,0.76093286,
7251076,0.8388782,
7251077,0.86378807,
7251078,0.82710415,
7251079,0.7459334,
7251080,0.76924753,
7251081,0.7537424,
7251082,0.69868165,
7251109,0.76266026,
7251111,0.7032822,
7251126,0.91121626,
7251127,0.9162483,
7251270,0.8479237,
7251271,0.9224774,
7251272,0.8201602,
7251273,0.85077417,
7251274,0.8509153,
7251275,0.7967005,
7251276,0.5114815,
7251277,0.81428856,
7251278,0.7331219,
7251280,0.64477205,
7251281,0.78225887,
7251283,0.8893351,
7251284,0.87449586,
7251285,0.6015767,
7251286,0.60194784,
7251287,0.7404558,
7251288,0.7887529,
7251289,0.7415865,
7251290,0.55577147,
7251291,0.6862703,
7251293,0.8920721,
7251294,0.8859546,
7251295,0.8714368,
7251296,0.8812471,
7251297,0.8522319,
7251303,0.80914515,
7251308,0.90691453,
7251309,0.82954293,
7251310,0.8464196,
7251311,0.6957127,
7251312,0.7742215,
7251314,0.81357884,
7251316,0.7557136,
7251330,0.8219483,
7251331,0.9038725,
7251332,0.6226757,
7251333,0.7984241,
7251334,0.8507617,
7251335,0.6400458,
7251336,0.61513853,
7251337,0.7136918,
7251338,0.42051753,
7251339,0.57303977,
7251341,0.78622067,
7251349,0.774807,
7251352,0.44610882,
7251355,0.7138681,
7251357,0.6906405,
7251358,0.58509254,
7251360,0.8061674,
7251362,0.58486784,
7251371,0.71800953,
7251379,0.8340637,
7251380,0.62009937,
7251383,0.7818569,
7251384,0.7585119,
7251397,0.77959037,
7251398,0.7368102,
7251399,0.8129282,
7251400,0.76607704,
7251538,0.7508341,
7251539,0.7396905,
7251540,0.79002637,
7251541,0.7543948,
7251542,0.763948,
7251543,0.7074048,
7251544,0.8044147,
7251570,0.8740154,
7251571,0.7701583,
7251572,0.9013324,
7251693,0.87552845,
7251694,0.8841898,
7252026,0.77409804,
7252027,0.713644,
7252028,0.8440269,
7252029,0.72748643,
7252030,0.85396653,
7252031,0.8531864,
7252032,0.8133954,
7252033,0.7480999,
7252034,0.7581258,
7252665,0.7979748,
7252666,0.83799815,
7252761,0.86880076,
7253085,0.80889773,
7253160,0.79508054,
7253161,0.81582695,
7253162,0.7888273,
7253163,0.7555948,
7253164,0.53582454,
7253165,0.7194751,
7253166,0.7526955,
7253167,0.628395,
7253168,0.7586019,
7253169,0.68402016,
7253170,0.8042709,
7253171,0.58620274,
7253172,0.8831483,
7253173,0.7354561,
7253174,0.72327083,
7253175,0.8740756,
7253176,0.7898431,
7253177,0.7840166,
7253178,0.62544835,
7253179,0.6220981,
7253180,0.5963586,
7253181,0.6263944,
7253182,0.6639403,
7253183,0.7920831,
7253184,0.738418,
7253185,0.7249433,
7253186,0.6716589,
7253187,0.7160954,
7253188,0.77807456,
7253189,0.6465902,
7253190,0.6542254,
7253191,0.58118844,
7253192,0.68872213,
7253193,0.8111611,
7253194,0.68691415,
7253195,0.8050038,
7253196,0.60041475,
7253197,0.81846845,
7253198,0.7637132,
7253200,0.5765458,
7253201,0.7348279,
7253202,0.7461206,
7253203,0.6545901,
7253204,0.69315916,
7253206,0.806732,
7253207,0.58300793,
7253208,0.5979774,
7253209,0.48059082,
7253211,0.44221795,
7253214,0.5317508,
7253215,0.79024327,
7253216,0.6858561,
7253217,0.8636422,
7253218,0.6833361,
7253960,0.6813477,
7253968,0.82726324,
7253969,0.7658952,
7253970,0.79176813,
7253971,0.81710595,
7254000,0.7936372,
7254001,0.8153286,
7254181,0.94196945,
7254183,0.85564005,
7254184,0.7536533,
7254186,0.8397384,
7254187,0.8082024,
7254188,0.81816083,
7254190,0.6393033,
7254191,0.70428586,
7254515,0.5960101,
7254516,0.55581737,
7254517,0.568584,
7254518,0.52058774,
7254520,0.58873594,
7254527,0.7802212,
7254528,0.73014593,
7254589,0.8007505,
7254590,0.83469135,
7254591,0.81386673,
7254592,0.83319277,
7254746,0.73227394,
7254747,0.82908434,
7254748,0.7637393,
7254749,0.7996493,
7254750,0.7607835,
7254751,0.7076952,
7254752,0.83043444,
7254753,0.79356414,
7254880,0.8670133,
7254881,0.85579115,
7255171,0.7323853,
7255406,0.70126575,
7255407,0.7248371,
7255408,0.6057466,
7255410,0.70866376,
7255523,0.62641424,
7255524,0.52798617,
7255527,0.5909822,
7255528,0.5435621,
7255529,0.5062499,
7255530,0.54505706,
7255531,0.5335529,
7255532,0.4664621,
7255537,0.5803995,
7255538,0.5818344,
7255539,0.55964845,
7255541,0.522768,
7255542,0.573698,
7255543,0.584877,
7255544,0.55648744,
7255648,0.93022424,
7255649,0.93338144,
7255650,0.82141465,
7255653,0.84486645,
7255667,0.75437456,
7255668,0.76669043,
7255706,0.71123856,
7255711,0.7249293,
7255715,0.70651275,
7255726,0.76877964,
7255727,0.5748231,
7255731,0.6323999,
7255743,0.8206332,
7255744,0.8851349,
7255760,0.7816506,
7255770,0.84411097,
7255780,0.5008522,
7255784,0.69150966,
7255824,0.7562543,
7255825,0.79524183,
7255827,0.7243773,
7255828,0.8352873,
7255829,0.75781506,
7255830,0.76155937,
7255831,0.77025455,
7255832,0.7501178,
7255833,0.8074189,
7255834,0.77847624,
7255835,0.6218873,
7255836,0.5539422,
7255837,0.65805966,
7255838,0.6315839,
7255881,0.8199298,
7255891,0.6747053,
7255897,0.67581326,
7255912,0.7952688,
7255918,0.7893284,
7255924,0.78939164,
7255928,0.809033,
7255942,0.56773716,
7255943,0.8676329,
7255944,0.8117282,
7255945,0.73922795,
7255955,0.7487055,
7255991,0.5929677,
7255992,0.6568642,
7255993,0.7322576,
7255994,0.6661969,
7255995,0.6998075,
7255996,0.6536408,
7255997,0.704436,
7255998,0.6998813,
7255999,0.68126416,
7256000,0.7189062,
7256001,0.7936127,
7256006,0.7456425,
7256007,0.7565288,
7256008,0.7219993,
7256009,0.7055575,
7256010,0.73401964,
7256011,0.6684691,
7256012,0.70502067,
7256013,0.7565303,
7256014,0.68203443,
7256015,0.6436709,
7256016,0.73744303,
7256017,0.6885082,
7256019,0.6468483,
7256020,0.66705185,
7256026,0.7071917,
7256029,0.85139996,
7256076,0.85230976,
7256089,0.8884303,
7256096,0.789279,
7256099,0.832995,
7256861,0.56443197,
7256862,0.49603897,
7256863,0.7737118,
7256864,0.78890264,
7256865,0.8521399,
7256866,0.6194174,
7256867,0.5523014,
7256868,0.5883166,
7256869,0.5235006,
7256993,0.737415,
7256994,0.70422715,
7256995,0.74372023,
7256996,0.8102205,
7256997,0.5066874,
7256998,0.52583754,
7256999,0.58411527,
7257000,0.6809985,
7257001,0.5765073,
7257002,0.7640738,
7257003,0.74007416,
7257005,0.72434086,
7257006,0.7285466,
7257007,0.77774364,
7257008,0.7819921,
7257009,0.81620276,
7257010,0.73956573,
7257013,0.5675979,
7257014,0.7474297,
7257017,0.7659863,
7257058,0.81445146,
7257059,0.7584669,
7257182,0.5506871,
7257183,0.6567845,
7257654,0.8940452,
7257655,0.9074812,
7257656,0.9209726,
7257657,0.89808893,
7257658,0.874036,
7257659,0.8649816,
7257660,0.86380684,
7257661,0.8956305,
7257662,0.88357663,
7257793,0.81551147,
7257794,0.7934596,
7257795,0.75633776,
7257796,0.776774,
7257797,0.80177104,
7257803,0.8780054,
7257805,0.8065038,
7257806,0.7865038,
7257807,0.8119415,
7257810,0.835179,
7257811,0.7703893,
7257812,0.7530305,
7257813,0.7644844,
7257814,0.7759047,
7257816,0.6675408,
7257817,0.5038473,
7257818,0.7874625,
7257819,0.42372528,
7257820,0.3882033,
7257821,0.8500668,
7257822,0.8182233,
7257823,0.7371322,
7257824,0.85134226,
7257825,0.7238411,
7257826,0.74590427,
7257827,0.8260885,
7257828,0.84372556,
7257829,0.85552675,
7257830,0.75816256,
7257832,0.44839898,
7257833,0.8944658,
7257834,0.6596562,
7257835,0.80920184,
7257836,0.8255657,
7257837,0.7268456,
7257838,0.7410831,
7257839,0.5128185,
7257840,0.5573148,
7257841,0.5240109,
7257842,0.3562103,
7257844,0.48220205,
7257845,0.68845576,
7257872,0.72025615,
7257875,0.9079588,
7257887,0.5841793,
7257888,0.4648718,
7257890,0.61476356,
7257891,0.5759,
7257896,0.5483644,
7257910,0.3912467,
7257911,0.4496838,
7257917,0.5257202,
7257918,0.5729347,
7257919,0.5280083,
7257920,0.54662055,
7257921,0.57448196,
7257922,0.4925147,
7257923,0.4158031,
7257924,0.50244695,
7257925,0.49783042,
7257926,0.58484715,
7257927,0.6022908,
7257928,0.5503106,
7257929,0.6127306,
7257930,0.5178214,
7257931,0.60569596,
7257934,0.8095416,
7257935,0.8051859,
7257938,0.73231155,
7257939,0.73231155,
7257945,0.8244272,
7257946,0.82762975,
7257947,0.70217055,
7257948,0.73745644,
7257949,0.7105677,
7257950,0.7630356,
7257970,0.7454505,
7257971,0.744231,
7257972,0.80796444,
7257973,0.8110046,
7258040,0.89466894,
7258041,0.85244375,
7258042,0.7555109,
7258043,0.6527726,
7258045,0.5612512,
7258046,0.57047504,
7258047,0.77539873,
7258048,0.81945443,
7258049,0.81118375,
7258050,0.80538464,
7258051,0.79181504,
7258052,0.72992235,
7258053,0.8170179,
7258238,0.6076884,
7258239,0.7044291,
7258240,0.47746316,
7258241,0.7659087,
7258242,0.7268735,
7258243,0.70920044,
7258244,0.70554817,
7258245,0.47152096,
7258246,0.805229,
7258247,0.6509081,
7258248,0.62693477,
7258249,0.7254904,
7258250,0.79305625,
7258251,0.8592396,
7258252,0.72868973,
7258253,0.83746815,
7258254,0.8242936,
7258255,0.8011608,
7258256,0.7892707,
7258257,0.7606166,
7258258,0.5363198,
7258259,0.6780771,
7258260,0.8321898,
7258438,0.8109479,
7258439,0.81324023,
7258440,0.8227029,
7258441,0.88346237,
7258442,0.7915235,
7258536,0.7861716,
7258538,0.70668954,
7258539,0.8190411,
7258540,0.7412582,
7258541,0.7447957,
7258542,0.7651889,
7258543,0.70987934,
7258544,0.70696074,
7258545,0.816742,
7258546,0.7847598,
7258547,0.7871963,
7258548,0.69965714,
7258549,0.73947597,
7258550,0.72959316,
7258551,0.8280665,
7258552,0.60958207,
7258553,0.81977564,
7258554,0.7982527,
7258564,0.8513756,
7258565,0.82043433,
7258568,0.8592876,
7258569,0.8548406,
7258570,0.84600604,
7258571,0.88469446,
7258572,0.8981644,
7258573,0.8911284,
7258574,0.88858443,
7258575,0.8758834,
7258576,0.6183388,
7258577,0.7480907,
7258578,0.6122905,
7258579,0.67899454,
7258580,0.8713204,
7258581,0.61438537,
7258582,0.7361991,
7258586,0.70800614,
7258587,0.6909562,
7258592,0.8846802,
7258593,0.70653445,
7258594,0.70780206,
7258595,0.6921128,
7258596,0.6510738,
7258597,0.7821985,
7258598,0.55889434,
7258600,0.54254043,
7258601,0.4592905,
7258602,0.8822797,
7258603,0.83102196,
7258604,0.8809794,
7258605,0.8603726,
7258606,0.67549694,
7258607,0.71256286,
7258608,0.6558683,
7258609,0.6553895,
7258610,0.63477784,
7258611,0.69550824,
7258612,0.7392599,
7258613,0.64824146,
7258614,0.6627817,
7258615,0.675121,
7258616,0.5167603,
7258617,0.6040401,
7258618,0.5196641,
7258619,0.73061895,
7258620,0.71861035,
7258621,0.56803644,
7258622,0.6587379,
7258623,0.7060334,
7258624,0.7164439,
7258625,0.5070836,
7258638,0.8947094,
7258639,0.92422163,
7258640,0.84963065,
7258641,0.8913279,
7258642,0.8599187,
7258643,0.8790855,
7258644,0.86597216,
7258645,0.88926715,
7258646,0.8005601,
7258647,0.90173745,
7258648,0.9066141,
7258649,0.7637415,
7258650,0.59888124,
7258651,0.7791861,
7258652,0.85763294,
7258653,0.8069084,
7258654,0.80581516,
7258655,0.77813524,
7258656,0.73795027,
7258738,0.86935246,
7258739,0.8874117,
7258740,0.8588059,
7258741,0.8227655,
7258744,0.6916639,
7258748,0.90791315,
7258749,0.8566984,
7258750,0.8938329,
7258751,0.7486335,
7258752,0.8227467,
7258753,0.83557856,
7258754,0.76825434,
7258755,0.6148795,
7258756,0.65383536,
7258759,0.8498765,
7258760,0.83361477,
7258761,0.8962659,
7258762,0.581729,
7258763,0.6452067,
7258764,0.8091716,
7258765,0.84395534,
7258766,0.83307403,
7258767,0.8067571,
7258768,0.8513459,
7258769,0.7433152,
7258770,0.6810949,
7258771,0.70293623,
7258772,0.6334667,
7258773,0.8252658,
7258774,0.7930727,
7258775,0.80811465,
7259027,0.7639886,
7259028,0.78758955,
7259206,0.763366,
7259207,0.7076429,
7259208,0.7899753,
7259209,0.7236692,
7259210,0.6875395,
7259211,0.6428345,
7259212,0.8606239,
7259213,0.85491514,
7259241,0.4842056,
7259242,0.7871067,
7259243,0.76560575,
7259244,0.7060653,
7259245,0.77542794,
7259246,0.7427727,
7259247,0.733732,
7259248,0.75563943,
7259249,0.7537503,
7259251,0.8128069,
7259252,0.60673755,
7259253,0.6248319,
7259254,0.5369915,
7259447,0.5122221,
7259448,0.5085901,
7259449,0.5857652,
7259450,0.57541794,
7259451,0.7227282,
7259452,0.5378454,
7259453,0.55307543,
7259454,0.5521982,
7259455,0.825771,
7259456,0.85785633,
7259457,0.820023,
7259458,0.5716403,
7259459,0.59494215,
7259460,0.65032876,
7259461,0.5095446,
7259462,0.65118444,
7259463,0.6919186,
7259465,0.8496988,
7259466,0.78635466,
7259467,0.81216514,
7259468,0.7667639,
7259471,0.85882217,
7259472,0.8677085,
7259473,0.85120714,
7259474,0.84381205,
7259475,0.8239062,
7259476,0.83311164,
7259477,0.8167775,
7259478,0.8507646,
7259479,0.8476434,
7259480,0.82422,
7259481,0.853843,
7259482,0.83490646,
7259483,0.8429837,
7259484,0.8267481,
7259485,0.8462699,
7259486,0.84104717,
7259487,0.8543038,
7259488,0.8237855,
7259489,0.91190064,
7259490,0.90627533,
7259491,0.8773193,
7259492,0.89038426,
7259493,0.87506443,
7259494,0.8595354,
7259495,0.87150556,
7259496,0.82749414,
7259497,0.66927195,
7259498,0.7278427,
7259499,0.753781,
7259500,0.7294124,
7259501,0.67571837,
7259502,0.81939805,
7259503,0.7166179,
7259504,0.7931386,
7259505,0.70924,
7259506,0.7865858,
7259507,0.72048163,
7259508,0.76869565,
7259509,0.78498346,
7259510,0.73524135,
7259511,0.6815127,
7259512,0.6520907,
7259513,0.74745363,
7259514,0.7149792,
7259515,0.5159836,
7259516,0.78793216,
7259517,0.741058,
7259518,0.8075329,
7259519,0.6320106,
7259520,0.5629668,
7259521,0.75983244,
7259522,0.7618992,
7259523,0.7675661,
7259524,0.8644142,
7259525,0.889635,
7259526,0.8794585,
7259527,0.8245433,
7259528,0.8937288,
7259529,0.8432092,
7259530,0.83318865,
7259531,0.82822657,
7259532,0.8080602,
7259533,0.7600788,
7259534,0.76910293,
7259535,0.8722671,
7259536,0.8956265,
7259537,0.8590191,
7259538,0.8023542,
7259539,0.8503287,
7259540,0.8021186,
7259541,0.836197,
7259542,0.8246207,
7259543,0.81738,
7259544,0.7668618,
7259545,0.7648729,
7259546,0.8351069,
7259547,0.89189714,
7259548,0.89055884,
7259549,0.8978124,
7259550,0.91231495,
7259551,0.8286689,
7259552,0.7887143,
7259553,0.8562749,
7259554,0.797625,
7259555,0.78882384,
7259556,0.8530402,
7259557,0.75896835,
7259558,0.7892803,
7259559,0.7877242,
7259560,0.78766966,
7259561,0.7120725,
7259562,0.75083363,
7259563,0.8809661,
7259564,0.79111874,
7259565,0.76527596,
7259566,0.72698456,
7259567,0.8294172,
7259568,0.81161666,
7259569,0.79195195,
7259570,0.7761477,
7259571,0.8386274,
7259572,0.7885226,
7259573,0.7363269,
7259574,0.7572204,
7259575,0.48024365,
7259576,0.7252622,
7259577,0.75973046,
7259578,0.77329284,
7259579,0.7294896,
7259580,0.7458253,
7259581,0.74089587,
7259582,0.7182266,
7259584,0.9317187,
7259585,0.8272646,
7259586,0.856927,
7259611,0.8682373,
7259613,0.79703885,
7259614,0.8292955,
7259638,0.87318486,
7259639,0.8828058,
7259641,0.8651003,
7259642,0.9195089,
7259643,0.89465463,
7259644,0.86389685,
7259646,0.72290456,
7259647,0.6370134,
7259648,0.8255692,
7259649,0.8207237,
7259650,0.87421423,
7259652,0.83011204,
7259653,0.8682147,
7259654,0.88844043,
7259655,0.9072544,
7259656,0.84262824,
7259657,0.85876507,
7259658,0.8340987,
7259659,0.781569,
7259660,0.865704,
7259661,0.8182192,
7259662,0.7378565,
7259663,0.77145773,
7259664,0.83088017,
7259665,0.863023,
7259666,0.8538628,
7259667,0.821234,
7259668,0.84334534,
7259669,0.7743201,
7259670,0.78489053,
7259671,0.7936464,
7259672,0.7747986,
7259673,0.769168,
7259674,0.6480106,
7259675,0.67786,
7259676,0.7007366,
7259677,0.6188413,
7259678,0.8370274,
7259679,0.7902762,
7259680,0.8759534,
7259681,0.81466806,
7259682,0.8748303,
7259689,0.6834967,
7259762,0.54658175,
7259763,0.56339675,
7259764,0.62465835,
7259765,0.536471,
7259827,0.86243653,
7260034,0.77884024,
7260035,0.8075375,
7260087,0.84754825,
7260088,0.8246747,
7260089,0.7059782,
7260090,0.78534776,
7260091,0.7475752,
7260092,0.58791417,
7260093,0.7406343,
7260130,0.83129215,
7260131,0.8784945,
7260132,0.7979716,
7260133,0.69885355,
7260134,0.7200472,
7260135,0.68344176,
7260137,0.6241215,
7260138,0.80177945,
7260151,0.7119025,
7260152,0.8072034,
7260153,0.8397869,
7260154,0.7821681,
7260155,0.66533214,
7260156,0.75628734,
7260158,0.7852496,
7260187,0.8568184,
7260188,0.75136256,
7260189,0.8281399,
7260190,0.8222131,
7260191,0.8327678,
7260192,0.8058192,
7260193,0.8258741,
7260194,0.65591586,
7260195,0.77295196,
7260196,0.8839005,
7260197,0.8930392,
7260198,0.8879796,
7260199,0.5387951,
7260207,0.9038295,
7260209,0.62366915,
7260211,0.754374,
7260212,0.7878167,
7260214,0.8292373,
7260215,0.91276133,
7260217,0.9115955,
7260218,0.83284384,
7260219,0.7931932,
7260220,0.79866666,
7260239,0.8174034,
7260240,0.76427704,
7260241,0.80011964,
7260242,0.8063674,
7260243,0.79209137,
7260255,0.7958642,
7260277,0.79463387,
7260278,0.8615352,
7260279,0.8691445,
7260283,0.8655226,
7260284,0.7960043,
7260285,0.81783855,
7260550,0.8885879,
7260551,0.8240353,
7260552,0.86343133,
7260553,0.910499,
7260554,0.864488,
7260555,0.91207707,
7260556,0.8343939,
7260557,0.69518775,
7260558,0.70002455,
7260559,0.6363678,
7260560,0.6993276,
7260561,0.7945004,
7260562,0.7470456,
7260563,0.7275992,
7260564,0.91792554,
7260565,0.9398905,
7260566,0.8698483,
7260567,0.8452827,
7260568,0.7766305,
7260569,0.83515304,
7260570,0.7591816,
7260571,0.7858444,
7260572,0.70979834,
7260573,0.9316955,
7260575,0.80191594,
7260576,0.5031273,
7260577,0.78004754,
7260578,0.80052584,
7260579,0.82923377,
7260580,0.7339543,
7260581,0.9446653,
7260583,0.9115725,
7260584,0.8392366,
7260588,0.84275347,
7260589,0.8551055,
7260590,0.7904154,
7260591,0.816408,
7260592,0.8773437,
7260593,0.89234316,
7260594,0.83532095,
7260595,0.830686,
7260596,0.83914065,
7260597,0.89463854,
7260598,0.84711856,
7260599,0.8720765,
7260600,0.8361808,
7260601,0.8798601,
7260602,0.82885885,
7260603,0.8684939,
7260604,0.8354791,
7260605,0.83692664,
7260607,0.844758,
7260608,0.76825184,
7260609,0.75195503,
7260610,0.792264,
7260611,0.84924537,
7260612,0.5712196,
7260613,0.78453815,
7260696,0.85842645,
7260698,0.78491974,
7260699,0.88809556,
7260700,0.888148,
7260701,0.9169185,
7260702,0.88034815,
7260703,0.8726129,
7260705,0.57944924,
7260706,0.7767461,
7260707,0.7099434,
7260708,0.6618646,
7260709,0.7830988,
7260711,0.7936968,
7260712,0.8323105,
7260713,0.7058464,
7260714,0.828387,
7260715,0.8166277,
7260716,0.8628117,
7260717,0.8611176,
7260718,0.8451851,
7260719,0.8917871,
7260720,0.82911086,
7260721,0.8833474,
7260722,0.7969504,
7260723,0.7945944,
7260724,0.8216784,
7260725,0.8425048,
7260726,0.7795229,
7260730,0.5101373,
7260731,0.44931397,
7260732,0.49828234,
7260733,0.40959078,
7260734,0.40713522,
7260735,0.36812735,
7260736,0.41074198,
7260737,0.37158468,
7260738,0.3929923,
7260739,0.49329162,
7260740,0.5397625,
7260741,0.52820283,
7260742,0.57967126,
7260743,0.5191112,
7260744,0.46728817,
7260745,0.5211051,
7260746,0.45477498,
7260747,0.526741,
7260748,0.464973,
7260749,0.5616194,
7260780,0.5200274,
7260781,0.58733135,
7260782,0.57196635,
7260784,0.8718701,
7260785,0.8180152,
7260786,0.79371184,
7260826,0.57282484,
7260828,0.57633555,
7260830,0.7321727,
7260832,0.7066472,
7260833,0.66457707,
7260835,0.5822432,
7260836,0.7632044,
7260839,0.72823906,
7260840,0.7170343,
7260841,0.68321484,
7260855,0.6975293,
7261225,0.8509863,
7261243,0.870297,
7261558,0.52173537,
7261559,0.5802438,
7261560,0.57955664,
7261561,0.5762666,
7261562,0.6250539,
7261566,0.57744807,
7261567,0.5676698,
7261568,0.5601152,
7261575,0.5489965,
7261729,0.8344559,
7261731,0.76946187,
7261732,0.73978627,
7261734,0.87081283,
7261736,0.74137855,
7261737,0.9298973,
7261738,0.91999865,
7261739,0.8883066,
7261740,0.8938086,
7261741,0.8521461,
7261742,0.81495273,
7261749,0.77828044,
7261750,0.83171296,
7261752,0.8370975,
7261754,0.81170547,
7261763,0.6827296,
7261770,0.73126686,
7261771,0.70124143,
7261844,0.62016535,
7261845,0.68011755,
7261846,0.7576054,
7261847,0.6706098,
7261848,0.543367,
7261850,0.59486324,
7261851,0.7030748,
7261852,0.6307954,
7261854,0.58918166,
7261856,0.5921645,
7261857,0.6606363,
7261896,0.9152377,
7261897,0.863127,
7261898,0.8161422,
7261899,0.84518486,
7262058,0.8323765,
7262060,0.7560854,
7262339,0.5992088,
7262340,0.81572413,
7262341,0.66578907,
7262346,0.87268925,
7262347,0.83605266,
7262702,0.6325992,
7262703,0.6923409,
7262706,0.63269085,
7262707,0.73124665,
7262708,0.62026644,
7262709,0.71677655,
7262710,0.61884165,
7262711,0.6859967,
7262712,0.700406,
7262713,0.5467422,
7262714,0.71962196,
7262715,0.70593524,
7262761,0.73951584,
7262837,0.6744088,
7262838,0.6011794,
7262924,0.7186899,
7262925,0.6434849,
7262926,0.70265883,
7262927,0.5804895,
7262928,0.5587658,
7262929,0.5229522,
7262930,0.6250676,
7262995,0.5097102,
7262996,0.58639526,
7263124,0.5943751,
7263125,0.50780475,
7263126,0.6742205,
7263157,0.2144068,
7263282,0.2652539,
7263567,0.516923,
7263568,0.45978284,
7263569,0.47364554,
7263570,0.4272393,
7263571,0.3673104,
7263572,0.41033372,
7263704,0.8043987,
7263705,0.74216324,
7263706,0.83357555,
7263707,0.8412935,
7263708,0.82963157,
7263709,0.8335977,
7263710,0.7501308,
7263711,0.8445426,
7263712,0.86532,
7263713,0.83438414,
7263714,0.6184656,
7263715,0.44472638,
7263716,0.7913403,
7263717,0.48717,
7263718,0.40004408,
7263719,0.67625475,
7263720,0.578699,
7263721,0.7258694,
7263904,0.6562243,
7263905,0.67774373,
7263906,0.7339885,
7263907,0.5745358,
7263908,0.675635,
7263909,0.512713,
7263910,0.58132255,
7263911,0.70859957,
7264025,0.5760317,
7264026,0.74957573,
7264027,0.69382983,
7264028,0.73264486,
7264029,0.6814796,
7264031,0.71633685,
7264032,0.6497768,
7264033,0.69856286,
7264034,0.6713519,
7264035,0.8646574,
7264036,0.86369115,
7264037,0.7875113,
7264038,0.8544035,
7264039,0.78218293,
7264040,0.7405487,
7264041,0.9041636,
7264042,0.93821394,
7264043,0.8753197,
7264044,0.8830343,
7264047,0.65019023,
7264048,0.6894215,
7264049,0.6962199,
7264050,0.52972025,
7264051,0.64764214,
7264052,0.8571571,
7264054,0.8677173,
7264055,0.8462459,
7264056,0.753906,
7264058,0.8609626,
7264059,0.82620233,
7264060,0.7227282,
7264066,0.6593957,
7264091,0.581933,
7264092,0.69423145,
7264093,0.7625023,
7264094,0.6746506,
7264095,0.6554817,
7264126,0.8207431,
7264127,0.87926394,
7264128,0.71791637,
7264129,0.85051167,
7264130,0.7397365,
7264131,0.84088856,
7264133,0.8064486,
7264134,0.778794,
7264505,0.88401294,
7264507,0.90301156,
7264552,0.6120394,
7264557,0.5979671,
7264634,0.5233277,
7264635,0.56889313,
7264636,0.585193,
7264637,0.6809297,
7264638,0.7714975,
7264639,0.64668125,
7264640,0.69443095,
7264641,0.4823853,
7264642,0.6795375,
7264643,0.67024755,
7265283,0.29685485,
7265284,0.3185374,
7265285,0.2642928,
7265286,0.32391486,
7265287,0.25968432,
7265288,0.22627851,
7265289,0.26907519,
7265290,0.23843758,
7265291,0.24739642,
7265292,0.2597683,
7265293,0.32520926,
7265294,0.25924388,
7265295,0.30466697,
7265296,0.2261377,
7265297,0.2765046,
7265298,0.29084858,
7265299,0.29172564,
7265300,0.28984258,
7265301,0.33751577,
7265302,0.35915712,
7265303,0.25697902,
7265304,0.21467029,
7265305,0.3875412,
7265306,0.39567563,
7265307,0.3218296,
7265308,0.29790446,
7265309,0.25950032,
7265310,0.2787809,
7265311,0.3217288,
7265312,0.34336707,
7265313,0.28688645,
7265314,0.37061822,
7265315,0.31348377,
7265316,0.26673773,
7265317,0.3207268,
7265318,0.2993808,
7265319,0.28734878,
7265320,0.29099005,
7265321,0.28588662,
7265322,0.2826626,
7265323,0.30622083,
7265324,0.297794,
7265325,0.2775209,
7265326,0.27902025,
7265327,0.33300227,
7265328,0.32398376,
7265329,0.31150228,
7265330,0.26869988,
7265331,0.22580013,
7265332,0.30610672,
7265333,0.33928034,
7265334,0.3310886,
7265335,0.37541315,
7265336,0.2553207,
7265337,0.37010756,
7265338,0.28888848,
7265339,0.24412027,
7265340,0.27520338,
7265341,0.28642273,
7265342,0.2312578,
7265343,0.2918824,
7265344,0.39236477,
7265345,0.34667432,
7265346,0.21794476,
7265347,0.31533107,
7265348,0.21648423,
7265349,0.32564628,
7265350,0.32534587,
7265351,0.3010833,
7265352,0.28524682,
7265353,0.32360262,
7265354,0.27152833,
7265355,0.2860748,
7265356,0.22941923,
7265357,0.2035663,
7265358,0.1940548,
7265359,0.20987111,
7265361,0.22738728,
7265362,0.21136238,
7265363,0.30901095,
7265364,0.24120301,
7265365,0.22871256,
7265366,0.24597272,
7265367,0.22298996,
7265368,0.22008805,
7265369,0.23141395,
7265370,0.29271752,
7265371,0.27451983,
7265372,0.32132187,
7265373,0.2891858,
7265374,0.30954954,
7265445,0.50004005,
7265446,0.44770592,
7265447,0.6097213,
7265448,0.65367776,
7265479,0.3329509,
7265480,0.5584577,
7265482,0.5260287,
7265530,0.65186286,
7265531,0.6984499,
7265532,0.8356252,
7265533,0.85589564,
7265534,0.8322927,
7265535,0.5243606,
7265536,0.651648,
7265537,0.5433858,
7265538,0.82596296,
7265539,0.81120175,
7265540,0.8185829,
7265575,0.6572542,
7265576,0.7685119,
7265577,0.74823374,
7265578,0.74034375,
7265579,0.7370042,
7265674,0.8720218,
7265675,0.8503948,
7265676,0.82511884,
7265677,0.8454163,
7265678,0.8901803,
7265679,0.6886818,
7265680,0.73254234,
7265681,0.8362599,
7265695,0.8484294,
7265696,0.77653974,
7265697,0.7954381,
7265698,0.7108725,
7265699,0.62400156,
7265700,0.82732314,
7265701,0.89227086,
7265702,0.8795156,
7265703,0.8853025,
7265704,0.8599761,
7265705,0.8546585,
7265706,0.8505208,
7265708,0.82628995,
7265761,0.75376993,
7265762,0.82381904,
7265764,0.71819913,
7265766,0.6512628,
7265767,0.7079832,
7265783,0.7081996,
7265895,0.8842319,
7265897,0.87561876,
7265898,0.8935685,
7266036,0.76957,
7266037,0.8448296,
7266038,0.7813415,
7266040,0.8840992,
7266041,0.6462451,
7266042,0.81245595,
7266043,0.6426252,
7266044,0.61629164,
7266045,0.44741815,
7266046,0.87153476,
7266047,0.9200368,
7266048,0.77049315,
7266049,0.80613923,
7266050,0.8149602,
7266051,0.60237217,
7266052,0.56992143,
7266053,0.73352903,
7266054,0.7774315,
7266055,0.7912783,
7266056,0.7856377,
7266057,0.72935903,
7266058,0.70419407,
7266059,0.7580312,
7266060,0.7382088,
7266061,0.7029887,
7266062,0.584359,
7266063,0.49221894,
7266065,0.6843555,
7266066,0.7117303,
7266067,0.6786732,
7266068,0.63018054,
7266069,0.7371892,
7266070,0.7667758,
7266071,0.80521,
7266072,0.788919,
7266073,0.75920063,
7266074,0.64095014,
7266075,0.79137975,
7266076,0.7990343,
7266077,0.72260284,
7266078,0.7597582,
7266079,0.7521124,
7266080,0.5725221,
7266081,0.6246619,
7266082,0.58896595,
7266083,0.665219,
7266084,0.79835004,
7266085,0.791063,
7266086,0.83497095,
7266087,0.8816738,
7266088,0.8151099,
7266091,0.6336378,
7266092,0.7651755,
7266093,0.7391242,
7266094,0.76297486,
7266095,0.7953838,
7266097,0.7636891,
7266098,0.742218,
7266099,0.7276351,
7266100,0.80764115,
7266101,0.842235,
7266102,0.7649155,
7266103,0.74197656,
7266104,0.791146,
7266105,0.6818826,
7266106,0.8634441,
7266107,0.6481374,
7266108,0.7276288,
7266109,0.72358024,
7266110,0.5260074,
7266111,0.555595,
7266112,0.76025647,
7266114,0.6512886,
7266118,0.7213021,
7266120,0.8681687,
7266121,0.82191074,
7266122,0.82573485,
7266125,0.7440382,
7266126,0.81341255,
7266127,0.73317194,
7266128,0.73571855,
7266129,0.7100767,
7266130,0.8201857,
7266131,0.75794244,
7266132,0.7600173,
7266133,0.74083257,
7266134,0.7353258,
7266137,0.7900693,
7266139,0.70342195,
7266141,0.5117334,
7266142,0.6149224,
7266143,0.65017027,
7266146,0.5754939,
7266147,0.78496355,
7266149,0.70933545,
7266150,0.7182235,
7266151,0.55604637,
7266153,0.7859893,
7266154,0.808075,
7266155,0.78231543,
7266156,0.8523003,
7266157,0.7436591,
7266159,0.8239306,
7266160,0.5241724,
7266161,0.82957006,
7266162,0.79482824,
7266168,0.88899434,
7266170,0.85596997,
7266171,0.88071084,
7266172,0.88849425,
7266173,0.68950844,
7266174,0.8028917,
7266175,0.74879915,
7266176,0.8294721,
7266177,0.8709257,
7266178,0.8855135,
7266179,0.8096674,
7266180,0.85052913,
7266181,0.7667344,
7266182,0.78801453,
7266183,0.83144057,
7266184,0.8763595,
7266185,0.77484643,
7266186,0.8082441,
7266187,0.7762268,
7266188,0.7925349,
7266189,0.8160535,
7266190,0.899273,
7266191,0.81111336,
7266192,0.73663616,
7266193,0.79670554,
7266194,0.77606076,
7266534,0.80081624,
7266926,0.43029073,
7266993,0.8068826,
7266994,0.7681781,
7266995,0.815191,
7266996,0.65811265,
7266997,0.78113776,
7266998,0.7570044,
7266999,0.80431885,
7267000,0.69932985,
7267001,0.74567175,
7267002,0.79901713,
7267003,0.74931484,
7267004,0.8838894,
7267005,0.69663966,
7267006,0.7319809,
7267007,0.7565376,
7267008,0.681621,
7267009,0.68165696,
7267010,0.7423037,
7267011,0.8127947,
7267012,0.86053795,
7267013,0.7785012,
7267014,0.8578375,
7267015,0.89590645,
7267016,0.887067,
7267017,0.815471,
7267018,0.8231624,
7267019,0.8564063,
7267020,0.79923064,
7267022,0.67538196,
7267024,0.70746946,
7267025,0.76700336,
7267026,0.8060828,
7267027,0.84906816,
7267028,0.700167,
7267030,0.7085788,
7267031,0.67548794,
7267032,0.6285243,
7267033,0.60458606,
7267034,0.6883485,
7267035,0.77374315,
7267036,0.6550553,
7267037,0.74821055,
7267038,0.72678196,
7267299,0.8022555,
7267300,0.8191147,
7267301,0.72111255,
7267302,0.7983563,
7267303,0.7918747,
7267304,0.70105976,
7267305,0.88452345,
7267306,0.7846568,
7267307,0.8303327,
7267308,0.8086447,
7267309,0.8251154,
7267310,0.78022295,
7267603,0.6525863,
7267604,0.69098616,
7267605,0.70063317,
7267745,0.4068541,
7267746,0.6355667,
7268114,0.53942704,
7268115,0.41383994,
7268116,0.5312329,
7268120,0.9082791,
7268121,0.9066567,
7268306,0.78300214,
7268525,0.857288,
7268841,0.8577058,
7268842,0.81700945,
7268966,0.8130997,
7268967,0.82774824,
7268968,0.8038035,
7268969,0.8103986,
7268970,0.6607252,
7268971,0.8149157,
7269628,0.8141519,
7269633,0.8599213,
7269730,0.84367496,
7269731,0.8464543,
7269732,0.7007853,
7269733,0.63702136,
7269738,0.87004745,
7269740,0.7203315,
7269741,0.9082137,
7269746,0.8556625,
7269763,0.76868343,
7269764,0.70925766,
7269772,0.8447562,
7269897,0.5097872,
7269898,0.54952943,
7269901,0.63410664,
7269902,0.6982651,
7269904,0.718843,
7269905,0.76370376,
7269916,0.8273709,
7269925,0.798184,
7269949,0.7974892,
7269950,0.82900035,
7269952,0.7654068,
7269963,0.6903575,
7269969,0.7964553,
7269981,0.87135094,
7269982,0.78565013,
7269983,0.8247024,
7269984,0.7320064,
7270034,0.8108874,
7270108,0.6676442,
7270109,0.5719942,
7270110,0.8297934,
7270111,0.8671187,
7270112,0.80591565,
7270113,0.62641245,
7270114,0.7643896,
7270115,0.7856456,
7270116,0.5568448,
7270117,0.48573837,
7270118,0.76626635,
7270119,0.78933305,
7270120,0.46265927,
7270122,0.6663962,
7270123,0.613766,
7270125,0.70137095,
7270126,0.692273,
7270127,0.6796951,
7270128,0.5184821,
7270129,0.69336855,
7270130,0.55888206,
7270131,0.7448441,
7270132,0.7009664,
7270133,0.5324685,
7270134,0.67327636,
7270171,0.8018946,
7270199,0.7399053,
7270203,0.7698312,
7270206,0.8461746,
7270208,0.63608694,
7270210,0.83269125,
7270212,0.858415,
7270215,0.87214607,
7270216,0.47545654,
7270217,0.7898667,
7270221,0.5924489,
7270224,0.7738883,
7270229,0.9104172,
7270258,0.8170066,
7270263,0.90961576,
7270266,0.7308273,
7270267,0.8415711,
7270268,0.86486346,
7270269,0.7986358,
7270270,0.7398934,
7270271,0.79395723,
7270272,0.8413652,
7270273,0.8213214,
7270274,0.74698144,
7270276,0.8120184,
7270277,0.86642694,
7270278,0.7372738,
7270283,0.8897867,
7270284,0.90335023,
7270295,0.650759,
7270297,0.87580884,
7270299,0.62001604,
7270302,0.82164246,
7270308,0.8781494,
7270309,0.882898,
7270310,0.86545753,
7270311,0.8555024,
7270315,0.8359362,
7270316,0.7451957,
7270317,0.5880018,
7270318,0.3358046,
7270319,0.6442795,
7270320,0.639889,
7270321,0.8241378,
7270322,0.7176792,
7270323,0.90830725,
7270332,0.91936,
7270333,0.8529976,
7270334,0.86475044,
7270335,0.8436564,
7270336,0.8130222,
7270339,0.804477,
7270340,0.82409835,
7270341,0.8796755,
7270342,0.9001076,
7270380,0.8569244,
7270381,0.8615181,
7270398,0.8498388,
7270399,0.84985864,
7270400,0.8530454,
7270401,0.8344337,
7270402,0.8801228,
7270403,0.8417731,
7270407,0.69414693,
7270409,0.81701714,
7270410,0.8290899,
7270411,0.81272364,
7270415,0.8629501,
7270416,0.8181269,
7270417,0.8456288,
7270419,0.8635021,
7270420,0.8504202,
7270423,0.8273331,
7270424,0.857153,
7270425,0.736956,
7270426,0.6837913,
7270431,0.71643054,
7270624,0.896361,
7270659,0.65058655,
7270664,0.9186286,
7270665,0.869621,
7270667,0.80321777,
7270668,0.85997736,
7270670,0.793182,
7270675,0.7552299,
7270684,0.8885897,
7270685,0.9036423,
7270689,0.70621973,
7270690,0.8670911,
7270691,0.83571196,
7270693,0.7165765,
7270694,0.73277247,
7270697,0.7708179,
7270702,0.86535823,
7270703,0.7685716,
7270723,0.76209056,
7270729,0.7260207,
7270737,0.8222701,
7270738,0.8162801,
7270742,0.8063336,
7270774,0.8064016,
7270794,0.80608654,
7271089,0.71357036,
7271090,0.8902895,
7271091,0.67857903,
7271092,0.83906734,
7271093,0.7387324,
7271094,0.80622625,
7271095,0.82641625,
7271096,0.7935962,
7271098,0.74900717,
7271099,0.77188873,
7271100,0.70066875,
7271101,0.7506834,
7271102,0.7380466,
7271103,0.85572743,
7271104,0.78321916,
7271105,0.7554424,
7271106,0.84205467,
7271107,0.79948854,
7271108,0.81853193,
7271109,0.8405187,
7271110,0.8479752,
7271111,0.80400044,
7271112,0.84494567,
7271113,0.67563605,
7271114,0.8029659,
7271115,0.7840244,
7271116,0.7711171,
7271117,0.8758099,
7271118,0.7881297,
7271119,0.79109734,
7271120,0.76415545,
7271121,0.78030896,
7271122,0.7921036,
7271123,0.72521836,
7271124,0.8533917,
7271125,0.91446877,
7271126,0.89366794,
7271127,0.7694754,
7271128,0.8288622,
7271129,0.8810557,
7271130,0.7925352,
7271131,0.7716902,
7271132,0.768142,
7271188,0.7767947,
7271189,0.8192708,
7271190,0.8140143,
7271191,0.86020225,
7271192,0.8573999,
7271197,0.7416267,
7271198,0.65544534,
7271199,0.8334179,
7271200,0.7841532,
7271201,0.85247713,
7271202,0.8350676,
7271204,0.7985904,
7271205,0.80976117,
7271206,0.831315,
7271207,0.80008817,
7271208,0.79744476,
7271209,0.82375133,
7271212,0.8167053,
7271213,0.8118002,
7271214,0.71043676,
7271215,0.68981344,
7271216,0.488702,
7271217,0.67068356,
7271218,0.71777666,
7271219,0.7383152,
7271220,0.7685504,
7271221,0.7430385,
7271222,0.7499825,
7271223,0.74167526,
7271224,0.77647406,
7271329,0.925815,
7271330,0.925815,
7271332,0.93413806,
7271333,0.9389549,
7271334,0.9389549,
7271345,0.76276606,
7271346,0.76276606,
7271347,0.7917095,
7271348,0.7917095,
7271349,0.83693004,
7271350,0.8610751,
7271355,0.7068605,
7271356,0.71510834,
7271357,0.7207149,
7271358,0.7207149,
7271359,0.6953417,
7271360,0.71216834,
7271361,0.88457483,
7271362,0.88457483,
7271363,0.92062855,
7271364,0.92062855,
7271366,0.93000895,
7271367,0.9449016,
7271368,0.94476664,
7271369,0.91381127,
7271370,0.9202475,
7271371,0.91653323,
7271372,0.91653323,
7271373,0.90341854,
7271376,0.91523546,
7271377,0.9287236,
7271379,0.9460873,
7271380,0.86838716,
7271383,0.86367166,
7271384,0.86367166,
7271385,0.9183219,
7271386,0.9183219,
7271387,0.87838846,
7271388,0.87838846,
7271389,0.9179191,
7271390,0.9179191,
7271391,0.714012,
7271392,0.8061618,
7271393,0.79101413,
7271395,0.76494557,
7271398,0.84656966,
7271399,0.8475475,
7271400,0.78492886,
7271401,0.723449,
7271402,0.89701885,
7271403,0.71514106,
7271404,0.78293884,
7271405,0.6138337,
7271406,0.8655496,
7271407,0.80386513,
7271408,0.7697987,
7271409,0.6654279,
7271410,0.82513136,
7271412,0.66355914,
7271459,0.86856407,
7271460,0.88309604,
7271464,0.8880783,
7271466,0.9200538,
7271474,0.9277304,
7271475,0.8814095,
7271476,0.9025997,
7271477,0.78449976,
7271478,0.69168663,
7271479,0.72179496,
7271480,0.8530864,
7271481,0.83475673,
7271482,0.7166722,
7271483,0.68371,
7271485,0.87038213,
7271486,0.6553773,
7271487,0.52162427,
7271488,0.69487363,
7271489,0.71982265,
7271490,0.8188446,
7271491,0.81572455,
7271492,0.86817694,
7271493,0.90813494,
7271494,0.8592587,
7271495,0.8503815,
7271496,0.7886867,
7271497,0.69919354,
7271498,0.8371329,
7271499,0.7866408,
7271500,0.7664668,
7271502,0.78774774,
7271503,0.8498608,
7271504,0.840012,
7271505,0.7958298,
7271506,0.7683159,
7271513,0.888053,
7271516,0.8755261,
7271517,0.8755261,
7271518,0.889932,
7271519,0.889932,
7271555,0.79261297,
7271556,0.7669577,
7271558,0.7741577,
7271639,0.3643716,
7271640,0.27416506,
7271641,0.28323397,
7271642,0.359066,
7271643,0.30475512,
7271644,0.34511083,
7271645,0.25125745,
7271646,0.24797975,
7271647,0.28185895,
7271648,0.23687848,
7271649,0.24587433,
7271650,0.29375237,
7271652,0.28074118,
7271653,0.31340086,
7271654,0.27679047,
7271655,0.26119813,
7271656,0.33975726,
7271657,0.3423913,
7271658,0.2897798,
7271659,0.30955327,
7271660,0.2626006,
7271661,0.22393371,
7271662,0.2603147,
7271663,0.25856873,
7271668,0.28915203,
7271669,0.2635677,
7271670,0.27754852,
7271673,0.24469417,
7271674,0.22423938,
7271675,0.27263826,
7271676,0.24478453,
7271677,0.20991965,
7271678,0.24848236,
7271679,0.33617324,
7271681,0.26924446,
7271682,0.22657058,
7271683,0.2325327,
7271684,0.23942791,
7271686,0.25468627,
7271687,0.26918322,
7271688,0.29444638,
7271689,0.25263196,
7271690,0.26804322,
7271744,0.33383542,
7271745,0.3027381,
7271746,0.34755644,
7271747,0.26328176,
7271749,0.3270947,
7271750,0.22574303,
7271779,0.35026875,
7271780,0.3550749,
7271781,0.39015982,
7271782,0.3315067,
7271783,0.35705316,
7271784,0.36008844,
7271785,0.422522,
7271786,0.40488505,
7271844,0.32569304,
7271845,0.34864163,
7271846,0.29626486,
7271847,0.28604877,
7271848,0.22170769,
7271849,0.33527893,
7271851,0.26909032,
7271852,0.24311396,
7271853,0.3180472,
7271877,0.6212965,
7271878,0.7186389,
7271879,0.7737054,
7271880,0.8123224,
7271881,0.85172224,
7271882,0.8648318,
7271883,0.7314186,
7271885,0.7278516,
7271886,0.86466,
7271888,0.84684074,
7271889,0.5061743,
7271890,0.52595747,
7271891,0.52475685,
7271893,0.6873177,
7271894,0.60674644,
7271895,0.7562566,
7271896,0.8338017,
7271897,0.5447581,
7271900,0.6388582,
7272054,0.8015045,
7272055,0.8691679,
7272056,0.83627903,
7272058,0.8350977,
7272059,0.8747921,
7272060,0.8090799,
7272136,0.9144785,
7272145,0.74835676,
7272146,0.7390387,
7272147,0.8789887,
7272148,0.74958897,
7272149,0.81153935,
7272150,0.7916966,
7272151,0.88372195,
7272152,0.88122493,
7272153,0.89754605,
7272154,0.8899087,
7272155,0.8783806,
7272156,0.8155257,
7272174,0.34684548,
7272175,0.3571281,
7272176,0.28150862,
7272177,0.29845998,
7272178,0.2596347,
7272179,0.23994178,
7272180,0.3050006,
7272563,0.7509889,
7272564,0.787773,
7272590,0.74839544,
7272595,0.74437386,
7272765,0.75585556,
7272766,0.76135373,
7272767,0.785261,
7272768,0.75848854,
7272769,0.75560915,
7272771,0.69881153,
7272772,0.7736657,
7272774,0.87760496,
7272777,0.7353564,
7272778,0.6358137,
7272780,0.54658484,
7272787,0.78089887,
7272789,0.849124,
7272790,0.83233887,
7272794,0.7973931,
7272796,0.77068406,
7272799,0.7972206,
7272838,0.841187,
7272840,0.9070979,
7272841,0.9324567,
7272842,0.85844517,
7272847,0.64883107,
7272848,0.8409906,
7272849,0.8014309,
7272852,0.9341994,
7272853,0.9091483,
7272854,0.918731,
7272855,0.92820364,
7272856,0.60017484,
7272857,0.7605935,
7272858,0.82129294,
7272859,0.8251328,
7272860,0.8011678,
7272861,0.8717348,
7272862,0.660273,
7272863,0.86434793,
7272864,0.8553555,
7272865,0.72245264,
7272870,0.69970727,
7272871,0.872109,
7272873,0.6753866,
7272874,0.7808317,
7272875,0.8351501,
7272876,0.82607764,
7272877,0.7728524,
7272878,0.9207593,
7272879,0.88489,
7272880,0.9247315,
7272881,0.5128362,
7272882,0.64006644,
7272883,0.82013106,
7272884,0.8609453,
7272890,0.6909318,
7272921,0.71693957,
7272922,0.5827817,
7272925,0.48456913,
7272927,0.5888555,
7272928,0.5960559,
7272929,0.6090439,
7272930,0.5613495,
7272931,0.49709207,
7272932,0.62321347,
7272948,0.67734087,
7272949,0.7640303,
7272950,0.77023417,
7272952,0.7424707,
7272953,0.7153792,
7272954,0.7452387,
7272955,0.84976465,
7272956,0.68555826,
7272958,0.8342228,
7273626,0.7826232,
7273627,0.87625915,
7273924,0.6435445,
7273925,0.763157,
7273926,0.8845029,
7274091,0.74552697,
7274092,0.65453637,
7274213,0.70624197,
7274840,0.7191051,
7274841,0.8010831,
7274842,0.77807206,
7274843,0.7843564,
7274844,0.53595436,
7274845,0.74068415,
7274846,0.7056499,
7274847,0.81344044,
7274848,0.8106564,
7274849,0.8421051,
7274850,0.8144499,
7274851,0.87549156,
7274852,0.7810498,
7275085,0.77792287,
7275089,0.9208282,
7275165,0.7099567,
7275195,0.8433376,
7275338,0.86544245,
7275351,0.7479175,
7275352,0.8453206,
7275353,0.8247814,
7275354,0.79015326,
7275355,0.838367,
7275356,0.80898696,
7275357,0.80762607,
7275464,0.79020166,
7275465,0.7649002,
7275471,0.8347875,
7275582,0.8595455,
7275720,0.6197451,
7275721,0.6474512,
7275722,0.6093294,
7275723,0.7872856,
7275724,0.75843924,
7275725,0.8034107,
7275726,0.7631426,
7275727,0.80545723,
7275804,0.8474845,
7275805,0.7740925,
7275806,0.74301165,
7275807,0.79256254,
7275814,0.82673687,
7275815,0.80463517,
7275816,0.8219572,
7275817,0.80661803,
7275818,0.82701176,
7275819,0.8348711,
7275820,0.81597817,
7275888,0.5161162,
7275889,0.7109374,
7275890,0.7819329,
7275891,0.47859082,
7275892,0.5138388,
7276184,0.9021897,
7276185,0.88873774,
7276186,0.8785298,
7276187,0.7101089,
7276188,0.76103806,
7276189,0.77054816,
7276190,0.7507474,
7276191,0.7165361,
7276192,0.68690926,
7276316,0.84809464,
7276317,0.8156342,
7276327,0.92417735,
7276347,0.73165,
7276349,0.86674714,
7276350,0.7990808,
7276352,0.8023757,
7276353,0.8275927,
7276354,0.766227,
7276355,0.65949976,
7276356,0.708231,
7276357,0.72938466,
7276358,0.6616638,
7276360,0.90538937,
7276361,0.8938201,
7276362,0.8788481,
7276363,0.8006178,
7276364,0.82936734,
7276365,0.8391783,
7276366,0.80785745,
7276367,0.72739196,
7276368,0.62319833,
7276370,0.77014184,
7276371,0.7554967,
7276372,0.7157298,
7276373,0.7800973,
7276374,0.7943379,
7276375,0.8176765,
7276376,0.83246475,
7276377,0.84133315,
7276378,0.8219936,
7276379,0.8588298,
7276380,0.75700873,
7276381,0.7892465,
7276382,0.78153324,
7276383,0.7818884,
7276384,0.81591624,
7276385,0.598134,
7276386,0.8187657,
7276387,0.7148113,
7276388,0.7227398,
7276389,0.720864,
7276467,0.78500897,
7276468,0.92098695,
7276470,0.707829,
7276471,0.7345789,
7276472,0.719627,
7276473,0.63048834,
7276557,0.68786687,
7276558,0.9254425,
7277003,0.8487092,
7277209,0.7756878,
7277572,0.71060175,
7277573,0.67264944,
7277574,0.9330641,
7277575,0.8023002,
7277576,0.7455777,
7277577,0.6574581,
7277578,0.7716821,
7277579,0.76098317,
7277580,0.74646,
7277581,0.5442278,
7277582,0.6220289,
7277584,0.7763156,
7277588,0.4765013,
7277593,0.7432882,
7277595,0.8310064,
7277596,0.8362586,
7277597,0.6934246,
7277598,0.8331684,
7277599,0.70356375,
7277600,0.8272067,
7277601,0.7902361,
7277602,0.634382,
7277604,0.67531884,
7277607,0.66940993,
7277608,0.8508621,
7277609,0.77135974,
7277610,0.7971021,
7277611,0.85767823,
7277613,0.62841576,
7277614,0.60480326,
7277617,0.56690633,
7277618,0.561188,
7277619,0.7694049,
7277620,0.6327475,
7277621,0.548938,
7277622,0.7169743,
7277623,0.8253599,
7277624,0.72147495,
7277626,0.7020088,
7277627,0.85084647,
7277628,0.63798934,
7277629,0.7635572,
7277630,0.80208504,
7277633,0.6445757,
7277635,0.7056521,
7277637,0.75179994,
7277638,0.7607982,
7277639,0.78238004,
7277640,0.83563197,
7277641,0.81181324,
7277642,0.8599624,
7277643,0.6276216,
7277644,0.5682325,
7277647,0.8237614,
7277788,0.80501187,
7277979,0.79063654,
7278712,0.83258957,
7278714,0.71118563,
7279007,0.6392842,
7279183,0.17644322,
7279187,0.19929993,
7279307,0.8079766,
7279308,0.7788623,
7279426,0.80374455,
7279427,0.7187472,
7279428,0.708052,
7279429,0.69896835,
7279430,0.75205195,
7279431,0.6553072,
7279432,0.7649691,
7279433,0.68585837,
7279434,0.8507237,
7279435,0.783701,
7279436,0.7945901,
7279437,0.8014546,
7279438,0.80736935,
7279439,0.8482987,
7279440,0.7878894,
7279441,0.76589596,
7279442,0.728714,
7279443,0.75908095,
7279444,0.7094359,
7279445,0.82928944,
7279446,0.64173764,
7279447,0.87879723,
7279448,0.6415503,
7279449,0.80317086,
7279450,0.68302333,
7279451,0.6803168,
7279452,0.6592503,
7279453,0.6169596,
7279454,0.5087628,
7279455,0.4268789,
7279456,0.8081258,
7279457,0.74534667,
7279458,0.4736783,
7279459,0.6057523,
7279460,0.7949865,
7279461,0.8282801,
7279462,0.60712504,
7279463,0.7476615,
7279464,0.6645524,
7279465,0.65875894,
7279466,0.8086288,
7279467,0.68649966,
7279468,0.6578337,
7279469,0.7759602,
7279470,0.7849014,
7279471,0.79194087,
7279472,0.6518519,
7279473,0.6133232,
7279474,0.85118365,
7279475,0.55668575,
7279476,0.66748106,
7279477,0.73791844,
7279478,0.560125,
7279479,0.8056715,
7279480,0.7407995,
7279481,0.8614692,
7279482,0.81923544,
7279483,0.8766959,
7279484,0.6207014,
7279485,0.7394532,
7279486,0.7810414,
7279487,0.7248734,
7279488,0.764704,
7279489,0.78937405,
7279490,0.8041151,
7279491,0.8528643,
7279492,0.44524294,
7279493,0.8255976,
7279494,0.8157551,
7279495,0.6136894,
7279496,0.63986534,
7279497,0.678595,
7279498,0.85233474,
7279499,0.8154241,
7279500,0.64946264,
7279501,0.62325627,
7279502,0.7496472,
7279503,0.80466944,
7279504,0.62900084,
7279505,0.8118465,
7279506,0.5784036,
7279507,0.6730795,
7279508,0.57283676,
7279509,0.77401084,
7279510,0.64036727,
7279511,0.87824124,
7279512,0.7010081,
7279513,0.7484807,
7279514,0.6819858,
7279515,0.55422884,
7279516,0.8300635,
7279517,0.69332296,
7279518,0.63581383,
7279519,0.89344853,
7279520,0.7280229,
7279521,0.75168794,
7279522,0.79724145,
7279523,0.80953217,
7279524,0.7710718,
7279525,0.63856745,
7279526,0.6191944,
7279527,0.6260746,
7279528,0.80804586,
7279529,0.8122628,
7279530,0.6513439,
7279531,0.70455456,
7279532,0.48043397,
7279533,0.66725236,
7279534,0.5611253,
7279535,0.5014933,
7279536,0.65081173,
7279537,0.6145358,
7279538,0.6079781,
7279539,0.69950336,
7279540,0.47192237,
7279541,0.61757183,
7279542,0.79956806,
7279543,0.8123983,
7279544,0.8223846,
7279545,0.88605887,
7279546,0.7621572,
7279547,0.7817808,
7279548,0.65729135,
7279549,0.70306367,
7279550,0.6067521,
7279551,0.64540905,
7279554,0.76862824,
7279555,0.7280543,
7279556,0.67328507,
7279557,0.8551414,
7279558,0.7448012,
7279559,0.8414689,
7279560,0.6933111,
7279561,0.7305423,
7279562,0.78549105,
7279563,0.8386212,
7279564,0.687313,
7279565,0.8068895,
7279566,0.8173181,
7279567,0.73189193,
7279568,0.6039616,
7279569,0.5868682,
7279570,0.6635364,
7279571,0.5575159,
7279572,0.69704455,
7279573,0.58769387,
7279574,0.6075214,
7279575,0.7305536,
7279576,0.41532856,
7279577,0.73386943,
7279578,0.5069912,
7279579,0.8231334,
7279580,0.834643,
7279581,0.82386786,
7279582,0.68205976,
7279583,0.48896852,
7279584,0.7219181,
7279585,0.77770436,
7279586,0.76554453,
7279587,0.6546308,
7279588,0.66225475,
7279589,0.7883492,
7279590,0.8541659,
7279591,0.8699701,
7279592,0.58899814,
7279593,0.55479807,
7279594,0.7460368,
7279595,0.63311416,
7279597,0.49774483,
7279598,0.5619065,
7279599,0.43319097,
7279600,0.52729344,
7279601,0.4952371,
7279602,0.5834126,
7279603,0.48920378,
7279605,0.5276549,
7279606,0.62704164,
7279607,0.59494555,
7279891,0.62970173,
7280146,0.6794341,
7280147,0.7039447,
7280149,0.73871636,
7280150,0.80490464,
7280154,0.7966516,
7280161,0.8383948,
7280162,0.8512052,
7280165,0.66145116,
7280166,0.7714327,
7280167,0.6134916,
7280168,0.7768192,
7280169,0.76095897,
7280170,0.715478,
7280171,0.7860754,
7280172,0.7202227,
7280173,0.85473204,
7280334,0.6945163,
7280335,0.8912956,
7280336,0.8635211,
7280337,0.86581504,
7280338,0.8125792,
7280339,0.8363059,
7280340,0.8292739,
7280341,0.83543706,
7280342,0.83771014,
7280343,0.8296438,
7280344,0.58798915,
7280345,0.83008623,
7280346,0.9123491,
7280347,0.8807116,
7280348,0.8502938,
7280349,0.87706506,
7280350,0.9052843,
7280351,0.82484365,
7280352,0.8522402,
7280353,0.87526315,
7280354,0.64866036,
7280355,0.57012445,
7280356,0.5582762,
7280357,0.45698047,
7280358,0.8599641,
7280359,0.8499197,
7280360,0.8309173,
7280361,0.8578986,
7280362,0.77189,
7280364,0.86094356,
7280365,0.8605287,
7280366,0.8912305,
7280367,0.8586921,
7280368,0.7820265,
7280369,0.7600498,
7280370,0.7098488,
7280371,0.64713776,
7280372,0.7768366,
7280373,0.80669487,
7280374,0.7800874,
7280375,0.8576696,
7280376,0.8634728,
7280377,0.85293275,
7280378,0.88433325,
7280379,0.9027786,
7280380,0.9241924,
7280382,0.8798177,
7280383,0.9136386,
7280384,0.8239379,
7280385,0.8881791,
7280386,0.92591196,
7280387,0.830963,
7280388,0.8241469,
7280389,0.44464234,
7280390,0.54071015,
7280391,0.42400867,
7280392,0.46842235,
7280393,0.5217595,
7280394,0.7712287,
7280395,0.770706,
7280396,0.8830635,
7280397,0.8970491,
7280398,0.8963351,
7280399,0.81325305,
7280400,0.44692498,
7280401,0.45229432,
7280402,0.39375928,
7280403,0.4033001,
7280404,0.39566192,
7280405,0.8134424,
7280406,0.7459024,
7280407,0.7069486,
7280408,0.6829107,
7280409,0.70166796,
7280410,0.7652455,
7280411,0.70368916,
7280412,0.7644868,
7280413,0.7344309,
7280414,0.79040086,
7280415,0.6930058,
7280416,0.69767827,
7280417,0.886835,
7280418,0.8427226,
7280419,0.74434793,
7280420,0.8250728,
7280421,0.67546314,
7280422,0.7178538,
7280423,0.7557497,
7280424,0.7267829,
7280425,0.8580763,
7280426,0.8355603,
7280427,0.7619748,
7280428,0.7121522,
7280429,0.7360766,
7280430,0.63606006,
7280431,0.8312143,
7280432,0.8424951,
7280433,0.85400045,
7280434,0.89834064,
7280435,0.9107016,
7280436,0.88458616,
7280437,0.5593719,
7280438,0.7264661,
7280439,0.6722176,
7280440,0.7282345,
7280441,0.79448944,
7280443,0.76852864,
7280444,0.72646374,
7280446,0.7349167,
7280447,0.7418464,
7280448,0.49676123,
7280449,0.5599618,
7280450,0.5629023,
7280451,0.79914224,
7280452,0.74515,
7280453,0.759747,
7280454,0.7309724,
7280455,0.557804,
7280456,0.8134832,
7280457,0.85650104,
7280458,0.81025076,
7280459,0.82599807,
7280460,0.7741979,
7280461,0.77142465,
7280462,0.6896326,
7280463,0.6719007,
7280464,0.7070527,
7280465,0.6802986,
7280466,0.71022135,
7280467,0.7058463,
7280468,0.70441264,
7280469,0.7135548,
7280470,0.6908628,
7280471,0.5656667,
7280472,0.606008,
7280473,0.7402495,
7280683,0.79354566,
7280684,0.7812073,
7280747,0.71391284,
7280748,0.7604208,
7280749,0.6921319,
7280860,0.86827457,
7280862,0.723524,
7280863,0.83519727,
7280864,0.8446161,
7280865,0.79358244,
7280872,0.8743782,
7280873,0.8091378,
7280874,0.92793584,
7280875,0.91014105,
7280876,0.9118179,
7280877,0.91921926,
7280946,0.76997507,
7280947,0.77727234,
7280948,0.8090285,
7280949,0.7127962,
7280950,0.75407463,
7280951,0.74180007,
7280952,0.71642274,
7280953,0.78614044,
7280954,0.76045734,
7280955,0.74360925,
7280956,0.7149762,
7280961,0.89523315,
7280963,0.88037527,
7281406,0.7636405,
7281634,0.6858089,
7281635,0.7053142,
7281636,0.79044986,
7281637,0.74449176,
7281639,0.70981914,
7281640,0.7587545,
7281641,0.63521576,
7281642,0.73976403,
7281643,0.8147937,
7281644,0.69829404,
7281645,0.79079044,
7281646,0.7607898,
7281647,0.7739197,
7281648,0.72533613,
7281649,0.67293954,
7281650,0.6934014,
7281651,0.4994153,
7281652,0.5874987,
7282144,0.8534738,
7282145,0.83163446,
7282347,0.6451476,
7282530,0.9058947,
7282531,0.89647305,
7282532,0.8995285,
7282533,0.8892062,
7282534,0.8807817,
7282535,0.90303564,
7282547,0.8920227,
7282644,0.2940361,
7282645,0.3274813,
7282646,0.324198,
7282647,0.31377465,
7282648,0.29255208,
7282649,0.30487064,
7282650,0.28254047,
7282651,0.28923565,
7282652,0.28067312,
7282653,0.20245734,
7282654,0.2905277,
7282655,0.2677134,
7282656,0.3576345,
7282657,0.29007238,
7282658,0.32622993,
7282659,0.31334868,
7282660,0.36035013,
7282986,0.7880324,
7282987,0.84119946,
7282988,0.7434781,
7282989,0.85809064,
7282991,0.84044343,
7282992,0.79506755,
7282995,0.88343847,
7282997,0.8200371,
7282998,0.85867274,
7283054,0.8931676,
7283095,0.64699715,
7283096,0.65867716,
7283099,0.8484409,
7283100,0.7644601,
7283502,0.7597041,
7283551,0.90053827,
7283881,0.79964477,
7283882,0.8315925,
7283903,0.78613925,
7283967,0.8521365,
7284078,0.8446472,
7284084,0.7965692,
7284085,0.78864187,
7284086,0.7564092,
7284087,0.6997392,
7284088,0.802282,
7284089,0.8484108,
7284090,0.8448911,
7284091,0.8703487,
7284092,0.8261118,
7284105,0.8266952,
7284106,0.8760121,
7284107,0.83069175,
7284108,0.8662012,
7284109,0.7864651,
7284110,0.84657454,
7284111,0.8588029,
7284112,0.8526393,
7284113,0.70975465,
7284114,0.7640914,
7284115,0.7866762,
7284116,0.80828875,
7284117,0.8091085,
7284118,0.82781875,
7284119,0.8165209,
7284120,0.8004727,
7284123,0.8246842,
7284124,0.84190917,
7284126,0.767723,
7284127,0.82272315,
7284128,0.8662686,
7284129,0.8602129,
7284130,0.78983045,
7284131,0.6070913,
7284134,0.810563,
7284135,0.74955803,
7284138,0.6491619,
7284139,0.7816333,
7284140,0.58161116,
7284141,0.7811948,
7284142,0.6315914,
7284143,0.7770651,
7284144,0.82791114,
7284147,0.7643539,
7284148,0.7198397,
7284151,0.8060788,
7284152,0.77571726,
7284153,0.64445007,
7284154,0.682078,
7284155,0.81656885,
7284156,0.67626005,
7284157,0.83859015,
7284158,0.75931823,
7284159,0.7349112,
7284160,0.6799811,
7284161,0.5716621,
7284162,0.7851538,
7284163,0.7436278,
7284164,0.7026548,
7284165,0.76152337,
7284166,0.70384645,
7284167,0.7420862,
7284168,0.71481776,
7284169,0.6955952,
7284171,0.75434273,
7284172,0.5501748,
7284173,0.7112152,
7284174,0.68453544,
7284175,0.73458546,
7284176,0.75426596,
7284179,0.7466039,
7284181,0.7704901,
7284182,0.64320207,
7284183,0.64467126,
7284184,0.7086213,
7284185,0.7726177,
7284186,0.78416586,
7284193,0.8471149,
7284196,0.8264612,
7284197,0.7915531,
7284199,0.8693781,
7284200,0.8486504,
7284205,0.8547982,
7284206,0.876382,
7284226,0.75157386,
7284346,0.8171633,
7284347,0.7374747,
7284348,0.7897975,
7284349,0.76932985,
7284351,0.7710657,
7284418,0.8562403,
7284425,0.7226681,
7284426,0.6768487,
7284520,0.83442205,
7284521,0.58593774,
7284522,0.52471954,
7284523,0.805959,
7284524,0.8429118,
7284632,0.7802388,
7284633,0.84025913,
7284643,0.790221,
7284644,0.8222638,
7284645,0.85146487,
7284646,0.82884103,
7284649,0.684601,
7284661,0.5291435,
7284664,0.4688668,
7284668,0.49770468,
7284669,0.48497075,
7284716,0.7622826,
7284720,0.7626459,
7284721,0.7970332,
7284727,0.53484875,
7284728,0.556982,
7284729,0.7751399,
7284730,0.7261048,
7284731,0.7657961,
7284743,0.78171784,
7284981,0.81332535,
7284982,0.6715065,
7284984,0.8044055,
7284985,0.6904737,
7284986,0.76750124,
7284987,0.7894551,
7284988,0.8068011,
7284989,0.8113835,
7285159,0.59843653,
7285160,0.6705645,
7285161,0.6026809,
7285163,0.7029789,
7285325,0.89034945,
7285332,0.80287194,
7285333,0.6336317,
7285349,0.82492507,
7285350,0.76822996,
7285352,0.7083645,
7285354,0.69169396,
7285359,0.5102305,
7285360,0.55725336,
7285363,0.8920259,
7285498,0.79244864,
7285507,0.70941997,
7285508,0.7123327,
7285509,0.73977834,
7285510,0.76425487,
7285511,0.80031264,
7285512,0.74368244,
7285515,0.81621367,
7285854,0.6358431,
7285855,0.7808919,
7285896,0.7902451,
7285898,0.6526489,
7285899,0.71826816,
7285902,0.7079709,
7285903,0.720921,
7285904,0.66804254,
7285905,0.77379936,
7285965,0.8306346,
7285966,0.7212157,
7285968,0.79976076,
7285969,0.7176803,
7285973,0.80190104,
7285975,0.75860393,
7285976,0.8428326,
7285977,0.7745005,
7286014,0.77977324,
7286015,0.6976574,
7286016,0.8347573,
7286019,0.48466563,
7286020,0.70915455,
7286021,0.8252157,
7286022,0.83281004,
7286024,0.55000246,
7286025,0.66591495,
7286026,0.84585875,
7286028,0.7999691,
7286029,0.8307019,
7286030,0.8224668,
7286031,0.611292,
7286034,0.6378443,
7286035,0.6619049,
7286036,0.6387588,
7286037,0.52221256,
7286038,0.47743407,
7286039,0.65172243,
7286040,0.70811033,
7286042,0.7933767,
7286238,0.7911983,
7286239,0.82182324,
7286240,0.84303844,
7286241,0.82761085,
7286242,0.7876036,
7286243,0.78618187,
7286244,0.802952,
7286251,0.84973776,
7286252,0.80274826,
7286253,0.8358759,
7286259,0.879002,
7286260,0.86642236,
7286261,0.8642322,
7286491,0.79390717,
7286492,0.8076863,
7286538,0.7704344,
7286540,0.64866203,
7286541,0.63025135,
7286746,0.6590285,
7286747,0.7168328,
7286749,0.693966,
7286750,0.6962239,
7286753,0.70428693,
7286754,0.7645057,
7286755,0.658255,
7286756,0.66621757,
7286757,0.60399246,
7286758,0.61629343,
7286759,0.6427084,
7287024,0.8367668,
7287026,0.46959823,
7287188,0.8220443,
7287189,0.7587958,
7287191,0.8729419,
7287192,0.8606715,
7287194,0.8278874,
7287196,0.860596,
7287198,0.6912659,
7287202,0.82329214,
7287212,0.87433225,
7287345,0.7741968,
7287379,0.7966385,
7287380,0.84608,
7287381,0.8064933,
7287382,0.9223125,
7287384,0.78979,
7287385,0.84976536,
7287386,0.7509541,
7287387,0.80655414,
7287388,0.7468812,
7287389,0.8263413,
7287390,0.73882675,
7287391,0.7251815,
7287392,0.68568295,
7287393,0.7650258,
7287394,0.8382977,
7287395,0.8421914,
7287648,0.7345462,
7287649,0.67283106,
7287651,0.80571085,
7287652,0.78117555,
7287653,0.8127649,
7287654,0.76585966,
7287655,0.8350227,
7287656,0.84247255,
7287657,0.56765926,
7287658,0.5235841,
7287659,0.47319987,
7287660,0.5652856,
7287661,0.786449,
7287662,0.80883193,
7287663,0.8562737,
7287664,0.8316911,
7287666,0.8585601,
7287667,0.8143497,
7287668,0.80178064,
7287669,0.74361306,
7287670,0.7427532,
7287671,0.6725945,
7287672,0.6758487,
7287673,0.5818131,
7287674,0.75213647,
7287675,0.5438026,
7287677,0.6122182,
7287678,0.74544257,
7287687,0.83572483,
7287688,0.864465,
7287769,0.30276838,
7287770,0.26993158,
7287771,0.32939202,
7287772,0.26867414,
7287773,0.2967104,
7287774,0.32149854,
7287775,0.30315936,
7287776,0.34300122,
7287777,0.29708996,
7287778,0.33205155,
7287779,0.24203148,
7287782,0.30109772,
7287783,0.2795442,
7287784,0.29917288,
7287785,0.30261564,
7287786,0.30264255,
7287787,0.29069272,
7287788,0.277612,
7287789,0.33263725,
7287790,0.3223856,
7287791,0.37217766,
7287792,0.34360367,
7287793,0.32838067,
7287794,0.37931225,
7287795,0.35914615,
7287796,0.38212177,
7287797,0.35846472,
7287798,0.30427948,
7287799,0.28271323,
7287800,0.28068122,
7287801,0.30761334,
7287802,0.32583418,
7287803,0.29089713,
7287804,0.2360852,
7287805,0.21914667,
7287806,0.28649485,
7287807,0.21563837,
7287808,0.2588003,
7287809,0.30948657,
7287810,0.2704707,
7287811,0.3455227,
7287812,0.27842695,
7287813,0.3253068,
7287814,0.35140803,
7287815,0.2963431,
7287816,0.22737597,
7287817,0.26721752,
7287818,0.3337943,
7287819,0.20145224,
7287820,0.3183682,
7287821,0.2647837,
7287822,0.2607426,
7287823,0.31395242,
7287824,0.312328,
7287825,0.22934726,
7287826,0.23062134,
7287828,0.30133045,
7287829,0.29756838,
7287830,0.29437172,
7287831,0.28107515,
7287832,0.29877245,
7287833,0.24939065,
7287834,0.286941,
7287871,0.3210903,
7287873,0.31210703,
7287874,0.34153962,
7287875,0.28377786,
7287876,0.2809083,
7287877,0.27276254,
7287878,0.25926843,
7287879,0.33801568,
7287880,0.25388467,
7287881,0.40976757,
7287882,0.42134762,
7287883,0.4156712,
7287884,0.2039935,
7287885,0.27705505,
7287886,0.25105757,
7287887,0.24360368,
7287888,0.44626397,
7287890,0.45608154,
7287891,0.47670302,
7287892,0.6039395,
7287893,0.60379666,
7287894,0.59152275,
7287895,0.5391175,
7287896,0.5522507,
7287897,0.58676296,
7287903,0.60401464,
7287904,0.5543019,
7287905,0.58717155,
7287906,0.59484386,
7287914,0.8438505,
7287916,0.2503434,
7287917,0.26993474,
7287918,0.27624828,
7287919,0.25867635,
7287920,0.3161327,
7287921,0.3233551,
7287922,0.29775187,
7287923,0.24295025,
7287924,0.35700417,
7287925,0.32835755,
7287926,0.32664108,
7287927,0.3021875,
7287930,0.23082952,
7287931,0.24866308,
7287932,0.32018602,
7287934,0.23600373,
7287935,0.19637296,
7287936,0.1814807,
7287937,0.30539605,
7287938,0.24863511,
7287940,0.24799176,
7287962,0.6838789,
7287963,0.7659726,
7287964,0.6832799,
7287965,0.6014386,
7287966,0.7369039,
7287967,0.4721509,
7287969,0.65955937,
7287970,0.5171392,
7287971,0.8615085,
7287972,0.878573,
7287973,0.63547325,
7287974,0.7994891,
7287975,0.5828914,
7287976,0.68263,
7287977,0.7965867,
7287979,0.8080534,
7287980,0.807809,
7287981,0.7904471,
7287982,0.7319881,
7287983,0.82626176,
7287985,0.7539409,
7287987,0.78001696,
7287988,0.5969339,
7287989,0.8665352,
7287990,0.6827181,
7287991,0.49812984,
7287992,0.8532433,
7287994,0.5758994,
7287995,0.53148055,
7287996,0.5554679,
7287998,0.654147,
7288002,0.5573425,
7288003,0.61070615,
7288004,0.6239093,
7288005,0.592751,
7288006,0.8277349,
7288007,0.6745799,
7288008,0.7559087,
7288009,0.82113475,
7288010,0.843315,
7288011,0.7647923,
7288012,0.74774384,
7288013,0.7455717,
7288014,0.85866547,
7288015,0.8135714,
7288016,0.8123866,
7288017,0.7716045,
7288018,0.8296242,
7288019,0.84180427,
7288020,0.85820675,
7288021,0.842758,
7288022,0.8253072,
7288023,0.77832603,
7288024,0.82912,
7288025,0.7917263,
7288026,0.8068462,
7288027,0.82238185,
7288028,0.75971866,
7288029,0.7955688,
7288030,0.7825499,
7288031,0.8265208,
7288033,0.81754607,
7288034,0.81394905,
7288035,0.72679067,
7288036,0.7171853,
7288037,0.56192505,
7288038,0.5983498,
7288039,0.5925119,
7288040,0.6629609,
7288041,0.62133783,
7288042,0.7151748,
7288043,0.48359075,
7288044,0.53397036,
7288045,0.48758176,
7288046,0.5705026,
7288047,0.603715,
7288048,0.55147547,
7288049,0.60014427,
7288050,0.61760336,
7288051,0.54667693,
7288056,0.621304,
7288057,0.6127793,
7288058,0.6282737,
7288059,0.595715,
7288060,0.51040184,
7288061,0.58469176,
7288160,0.8083326,
7288161,0.84628934,
7288163,0.8008483,
7288164,0.8276769,
7288165,0.7433007,
7288166,0.8623038,
7288168,0.83917123,
7288170,0.79489547,
7288171,0.755779,
7288172,0.7877106,
7288173,0.79251915,
7288174,0.7079702,
7288175,0.7110652,
7288178,0.7897103,
7288179,0.7259264,
7288180,0.8147439,
7288182,0.89733154,
7288186,0.4387175,
7288350,0.5650347,
7288385,0.8511869,
7288386,0.78407735,
7288387,0.7887147,
7288388,0.8539721,
7288389,0.8548428,
7288391,0.8578276,
7288394,0.8040865,
7288395,0.8276917,
7288398,0.78144956,
7288399,0.78592014,
7288400,0.893196,
7288401,0.80418545,
7288402,0.8228541,
7288449,0.75398475,
7288450,0.720866,
7288451,0.7839115,
7288452,0.7681092,
7288453,0.8080089,
7288454,0.7514173,
7288455,0.79373497,
7288456,0.7778134,
7288457,0.5230147,
7288458,0.46910477,
7288460,0.85274446,
7288534,0.6793714,
7288535,0.79792106,
7288536,0.60780174,
7288537,0.70956206,
7288538,0.82591003,
7288539,0.7394067,
7288540,0.79769576,
7288541,0.76422006,
7288542,0.7906166,
7288543,0.7462071,
7288544,0.6527112,
7288545,0.6735493,
7288547,0.54293734,
7288548,0.75795627,
7288549,0.710923,
7288550,0.81664824,
7288552,0.7873425,
7288553,0.92180705,
7288554,0.6475262,
7288555,0.809827,
7288559,0.75696355,
7288572,0.7039509,
7288573,0.7061768,
7288579,0.69774485,
7288653,0.6478968,
7288711,0.82112414,
7288712,0.8306372,
7288713,0.83096683,
7288714,0.84090173,
7288716,0.78612983,
7288718,0.8142569,
7288719,0.71902263,
7288721,0.5504339,
7288722,0.7781982,
7288736,0.8582545,
7288742,0.87032634,
7288743,0.890038,
7288744,0.87636775,
7288745,0.8252796,
7289337,0.77143335,
7289342,0.8176613,
7289343,0.7856919,
7289404,0.8464148,
7289405,0.8453823,
7289406,0.8198405,
7289407,0.729959,
7289408,0.7778283,
7289409,0.8761904,
7289410,0.74045515,
7289411,0.73633033,
7289412,0.8354438,
7289413,0.81015193,
7289414,0.65600955,
7289415,0.67300117,
7289416,0.77289045,
7289417,0.8940174,
7289418,0.8961119,
7289419,0.83899987,
7289420,0.79178995,
7289421,0.8166141,
7289449,0.74218255,
7289452,0.8245026,
7289465,0.49772495,
7289471,0.63642174,
7289473,0.5631154,
7289474,0.50422984,
7289492,0.8754778,
7289493,0.87263197,
7289494,0.82978827,
7289495,0.88722825,
7289496,0.83996165,
7289502,0.90360075,
7289504,0.81056184,
7289505,0.8836725,
7289506,0.8935433,
7289546,0.86474377,
7289547,0.8536875,
7289548,0.882811,
7289549,0.8172346,
7289551,0.7315028,
7289552,0.7693204,
7289553,0.906482,
7289554,0.8879498,
7289558,0.63860184,
7289560,0.6605148,
7289561,0.67996687,
7289562,0.7461632,
7289591,0.80578136,
7289592,0.8148759,
7289593,0.8017071,
7289594,0.6442159,
7289595,0.6073685,
7289596,0.6070225,
7289597,0.74192363,
7289601,0.73272234,
7289602,0.7604724,
7289606,0.7258629,
7289607,0.7531505,
7289609,0.8259803,
7289610,0.8129788,
7289613,0.69545835,
7289614,0.60834,
7289616,0.53586835,
7289617,0.57488096,
7289620,0.68495846,
7289622,0.8030129,
7289623,0.6047893,
7289624,0.7132063,
7289627,0.80474627,
7289629,0.8036044,
7289631,0.7410378,
7289632,0.82612807,
7289633,0.7995701,
7289670,0.65582937,
7289671,0.61927515,
7289672,0.7590571,
7289675,0.73425186,
7289676,0.77568334,
7289679,0.7977077,
7289680,0.72591627,
7289681,0.6809644,
7289682,0.7540663,
7289684,0.7359439,
7289686,0.72458273,
7289687,0.8252861,
7289688,0.82986414,
7289689,0.87067044,
7289690,0.8395006,
7289691,0.87012714,
7289692,0.7946651,
7289693,0.8089399,
7289694,0.8651289,
7289695,0.8545623,
7289696,0.8150963,
7289697,0.76354337,
7289698,0.7876467,
7289699,0.6938653,
7289700,0.8056296,
7289701,0.6818246,
7289702,0.81353116,
7289703,0.83515584,
7289704,0.71993756,
7289705,0.73613733,
7289706,0.87373817,
7289707,0.8071077,
7289708,0.8061351,
7289709,0.62339747,
7289710,0.76963145,
7289711,0.80761737,
7289712,0.79823077,
7289713,0.76011664,
7289714,0.7072496,
7289715,0.8250009,
7289716,0.78952533,
7289717,0.8272172,
7289718,0.8284694,
7289719,0.7528159,
7289720,0.7833083,
7289721,0.74827313,
7289722,0.73807883,
7289723,0.64026594,
7289724,0.57039535,
7289725,0.8483536,
7289726,0.48753828,
7289727,0.73296547,
7289728,0.58616614,
7289729,0.63415766,
7289730,0.7546987,
7289731,0.6910853,
7289732,0.82830685,
7289733,0.83254284,
7289734,0.8045127,
7289735,0.87126654,
7289737,0.6745021,
7289738,0.7091858,
7289739,0.75034034,
7289740,0.7613203,
7289741,0.53941864,
7289742,0.7558432,
7289744,0.88602865,
7289745,0.63039905,
7289746,0.8229676,
7289750,0.6932346,
7289751,0.7706711,
7289752,0.7268169,
7289753,0.75583833,
7289754,0.82347083,
7289766,0.87711775,
7289767,0.8167074,
7289768,0.85609436,
7289798,0.88480526,
7289851,0.71428365,
7289852,0.7788541,
7289853,0.665864,
7289947,0.84961724,
7289948,0.7148127,
7289949,0.7544381,
7290266,0.81485564,
7290270,0.8307041,
7290271,0.90273494,
7290365,0.7330763,
7290366,0.87035584,
7290367,0.76004606,
7290368,0.87332207,
7290370,0.4747372,
7290371,0.8432268,
7290372,0.86210984,
7290446,0.7825457,
7290447,0.79381853,
7290457,0.8284852,
7290459,0.74353635,
7290530,0.78308815,
7290531,0.57446134,
7290532,0.5678435,
7290533,0.72154546,
7290534,0.836641,
7290535,0.7718233,
7290536,0.7207978,
7290537,0.47285634,
7290538,0.55877453,
7290539,0.6306029,
7290576,0.67438686,
7290580,0.60836387,
7290581,0.6431375,
7290582,0.6712141,
7290583,0.44182843,
7290584,0.6563085,
7290603,0.74690974,
7290696,0.8438221,
7290699,0.6982561,
7290941,0.74180466,
7290994,0.64188933,
7290995,0.7041253,
7290996,0.6302457,
7291034,0.8794642,
7291061,0.8188929,
7291062,0.7582549,
7291063,0.770191,
7291064,0.8546785,
7291065,0.834834,
7291066,0.7640019,
7291067,0.81671023,
7291068,0.7815437,
7291069,0.8863603,
7291070,0.8790418,
7291071,0.7048042,
7291072,0.6650472,
7291074,0.74017775,
7291075,0.80903333,
7291076,0.8764839,
7291077,0.73846036,
7291078,0.77265656,
7291080,0.767517,
7291158,0.81202084,
7291171,0.6999157,
7291172,0.7130846,
7291173,0.67286634,
7291184,0.773187,
7291185,0.7420503,
7291186,0.73954356,
7291187,0.72335505,
7291190,0.77907455,
7291191,0.7131187,
7291192,0.8043525,
7291227,0.73613167,
7291228,0.53571665,
7291229,0.8417818,
7291230,0.88885415,
7291231,0.83045095,
7291232,0.8619396,
7291233,0.69992447,
7291235,0.79447764,
7291236,0.78628445,
7291237,0.8387334,
7291238,0.86576015,
7291239,0.81929624,
7291250,0.67093915,
7291253,0.8161093,
7291254,0.8280309,
7291255,0.8578466,
7291258,0.81929046,
7291259,0.86972517,
7291261,0.7881444,
7291262,0.8081918,
7291263,0.7528183,
7291264,0.7980703,
7291265,0.92608726,
7291266,0.6985301,
7291267,0.78263634,
7291268,0.7347954,
7291269,0.874135,
7291421,0.75641495,
7291432,0.78739506,
7291589,0.69618934,
7291590,0.6334755,
7291591,0.65307873,
7291592,0.6327921,
7291593,0.67567694,
7291594,0.62286747,
7291595,0.81064546,
7291598,0.8071832,
7291599,0.8376482,
7291600,0.59113765,
7291601,0.5869778,
7291602,0.5983886,
7291603,0.712099,
7291604,0.6499066,
7291605,0.65073687,
7291785,0.760867,
7291787,0.824426,
7291795,0.63327813,
7291796,0.8094442,
7291799,0.7845507,
7291800,0.5706744,
7291801,0.5437824,
7291802,0.5609854,
7291803,0.45757183,
7291804,0.65518826,
7291805,0.6796502,
7291806,0.83332473,
7291807,0.55971354,
7291883,0.8559452,
7291887,0.8609015,
7291888,0.883584,
7291897,0.7963021,
7291898,0.7790502,
7291900,0.7539581,
7291901,0.786561,
7291903,0.81474894,
7291904,0.8014354,
7291906,0.8485905,
7291907,0.84396935,
7291909,0.72795135,
7291910,0.8353042,
7291984,0.74347913,
7292203,0.83921546,
7292204,0.8243309,
7292205,0.78395146,
7292206,0.7215195,
7292207,0.7343545,
7292208,0.8522887,
7292209,0.79118294,
7292210,0.8275349,
7292211,0.76905876,
7292212,0.85406584,
7292220,0.8511625,
7292221,0.7007294,
7292222,0.7725697,
7292223,0.83736944,
7292224,0.78234756,
7292229,0.7265614,
7292230,0.67254955,
7292231,0.6927671,
7292232,0.6904565,
7292233,0.65506536,
7292234,0.64199555,
7292235,0.7103625,
7292236,0.5923088,
7292237,0.60531,
7292238,0.73431176,
7292239,0.7103335,
7292240,0.6800006,
7292241,0.6319778,
7292242,0.65373236,
7292245,0.74413085,
7292307,0.8895763,
7292308,0.81660795,
7292309,0.8838114,
7292310,0.8054708,
7292311,0.7223821,
7292312,0.87011635,
7292313,0.84753364,
7292314,0.85823786,
7292315,0.72762734,
7292316,0.76219344,
7292317,0.7300377,
7292318,0.8168562,
7292319,0.83563113,
7292320,0.8200254,
7292321,0.8353433,
7292323,0.7861351,
7292324,0.83292246,
7292325,0.84015185,
7292326,0.8191994,
7292327,0.8269972,
7292328,0.8193462,
7292329,0.92173964,
7292330,0.7704432,
7292332,0.7715347,
7292333,0.6049644,
7292425,0.6430357,
7292862,0.6376296,
7292932,0.9088706,
7292933,0.7877465,
7292934,0.7958751,
7292935,0.77800494,
7292936,0.8298724,
7292937,0.8306649,
7292938,0.90549374,
7292939,0.9350461,
7292943,0.7432425,
7292944,0.85003,
7292945,0.8524517,
7292946,0.7334137,
7292947,0.8512161,
7292949,0.9249472,
7292950,0.7171635,
7292951,0.85782427,
7292953,0.7941672,
7292954,0.84503,
7292955,0.7701104,
7292956,0.7763352,
7292957,0.7742982,
7292960,0.7048594,
7292964,0.815405,
7292965,0.8078273,
7292966,0.8432238,
7292968,0.8623692,
7292969,0.78362244,
7292994,0.8971318,
7292995,0.90356237,
7292996,0.9246145,
7293014,0.8385252,
7293018,0.743202,
7293019,0.7068227,
7293163,0.72916126,
7293164,0.78812325,
7293165,0.7540821,
7293166,0.75375444,
7293167,0.7680192,
7293209,0.76239747,
7293218,0.7247343,
7293223,0.834526,
7293224,0.87641215,
7293244,0.7426405,
7293245,0.7765972,
7293246,0.724757,
7293248,0.7249288,
7293249,0.726005,
7293250,0.7200979,
7293251,0.6987589,
7293252,0.72651964,
7293255,0.8131667,
7293256,0.81177706,
7293257,0.8605312,
7293258,0.8428504,
7293259,0.8648909,
7293260,0.8628414,
7293276,0.9180208,
7293277,0.92608374,
7293278,0.89444673,
7293284,0.90838265,
7293525,0.7193118,
7293526,0.7527914,
7293528,0.82884145,
7293537,0.7721034,
7293538,0.7280497,
7293539,0.61027396,
7293540,0.7033898,
7293542,0.76700366,
7293543,0.7873936,
7293655,0.8187746,
7293656,0.89689225,
7293658,0.753595,
7293663,0.8500278,
7293664,0.8253119,
7293666,0.746951,
7293667,0.77375126,
7293669,0.86795294,
7293671,0.70485306,
7294079,0.86332905,
7294080,0.6434806,
7294190,0.8317014,
7294224,0.8613237,
7294254,0.8549917,
7294285,0.9075506,
7294286,0.78620285,
7294310,0.84396845,
7294311,0.85188466,
7294326,0.8178072,
7294336,0.8569424,
7294337,0.87071306,
7294338,0.92440665,
7294339,0.88913375,
7294340,0.7310982,
7294341,0.8821826,
7294342,0.8135575,
7294351,0.8378115,
7294352,0.7570583,
7294406,0.8508665,
7294407,0.901042,
7294408,0.6384065,
7294409,0.71063083,
7294410,0.68726814,
7294411,0.8036281,
7294431,0.7400085,
7294432,0.60156465,
7294433,0.78613997,
7294458,0.68629825,
7294690,0.7826121,
7294693,0.8864341,
7294694,0.8286219,
7294930,0.8477679,
7294931,0.87753993,
7294937,0.7952003,
7294938,0.8096348,
7294939,0.86429214,
7294940,0.8594125,
7294941,0.7735586,
7294942,0.8054742,
7294943,0.7692932,
7294944,0.72144246,
7294955,0.7260392,
7294956,0.74697363,
7295105,0.8583891,
7295107,0.8333884,
7295108,0.8782526,
7295109,0.78051466,
7295110,0.82913965,
7295111,0.91325957,
7295112,0.6960771,
7295113,0.85998225,
7295123,0.88437676,
7295124,0.74188876,
7295125,0.80538756,
7295210,0.86381936,
7295231,0.73639435,
7295233,0.73350865,
7295239,0.7992166,
7295240,0.8181944,
7295241,0.74403936,
7295242,0.73379034,
7295244,0.85349196,
7295245,0.9174363,
7295246,0.910984,
7295248,0.77699697,
7295249,0.8554074,
7295250,0.8408449,
7295251,0.8525386,
7295252,0.8963126,
7295253,0.8602215,
7295254,0.9136488,
7295255,0.811698,
7295256,0.90524656,
7295261,0.81222165,
7295262,0.78932947,
7295263,0.8531671,
7295265,0.8281732,
7295266,0.66531587,
7295280,0.7978883,
7295281,0.83503443,
7295349,0.7420076,
7295350,0.72698814,
7295354,0.81842005,
7295356,0.8474227,
7295357,0.7795765,
7295358,0.85151875,
7295359,0.58798075,
7295360,0.8218399,
7295361,0.47317967,
7295363,0.8478237,
7295369,0.70378053,
7295380,0.7543963,
7295387,0.5102069,
7295388,0.5445751,
7295389,0.5316194,
7295390,0.51879483,
7295391,0.51896405,
7295392,0.5428937,
7295396,0.8236802,
7295404,0.8699831,
7295409,0.8799384,
7295410,0.8364503,
7295411,0.8126137,
7295413,0.84533215,
7295426,0.8719172,
7295436,0.90597963,
7295437,0.8522225,
7295438,0.8438293,
7295439,0.834209,
7295536,0.25972572,
7295537,0.29291996,
7295538,0.25720394,
7295539,0.27192807,
7295540,0.25084227,
7295541,0.29773962,
7295542,0.2932514,
7295543,0.35573825,
7295544,0.27265322,
7295545,0.31621596,
7295546,0.239144,
7295547,0.2952969,
7295548,0.24096245,
7295549,0.25076577,
7295550,0.75702924,
7295551,0.87466234,
7295552,0.9178862,
7295556,0.726555,
7295559,0.8430818,
7295560,0.91018194,
7295563,0.85949236,
7295564,0.6985138,
7295565,0.78059787,
7295567,0.7518987,
7295568,0.72942185,
7295570,0.7138525,
7295577,0.79803437,
7295578,0.80231464,
7295695,0.80938226,
7295696,0.77795357,
7295697,0.8582891,
7295705,0.8836038,
7295706,0.70228684,
7295707,0.8516745,
7295708,0.89249504,
7295709,0.84807366,
7295710,0.8642431,
7295711,0.8461262,
7295713,0.8875581,
7295714,0.7956309,
7295715,0.6951503,
7295716,0.8033655,
7295717,0.8089181,
7295718,0.82847416,
7295719,0.69304156,
7295720,0.39815468,
7295721,0.7895587,
7295722,0.80952847,
7295723,0.80536306,
7295724,0.82486224,
7295725,0.79634005,
7295726,0.7382183,
7295727,0.80021334,
7295728,0.84984547,
7295729,0.81573546,
7295730,0.82054186,
7295731,0.81965137,
7295732,0.8412192,
7295733,0.8635508,
7295734,0.7923102,
7295735,0.8066257,
7295736,0.70213807,
7295737,0.88671917,
7295738,0.81386364,
7295739,0.8893357,
7295740,0.68093467,
7295741,0.70453674,
7295742,0.70542765,
7295743,0.6581913,
7295744,0.82255995,
7295745,0.8332886,
7295746,0.815339,
7295747,0.8052381,
7295748,0.8033089,
7295749,0.6747764,
7295750,0.7823394,
7295751,0.93112576,
7295752,0.8377482,
7295753,0.7152939,
7295754,0.7639837,
7295755,0.8588649,
7295756,0.6194754,
7295757,0.7607463,
7295758,0.7603448,
7295759,0.7748495,
7295760,0.8187308,
7295761,0.713444,
7295762,0.7413535,
7295765,0.6510023,
7295766,0.59897804,
7295767,0.76346445,
7295768,0.77738595,
7295769,0.8076491,
7295770,0.6577177,
7295771,0.7308736,
7295784,0.8054211,
7295787,0.7736656,
7295788,0.9137735,
7295789,0.83800524,
7295790,0.4958648,
7295791,0.746079,
7295792,0.86926574,
7295793,0.8216427,
7295795,0.82286644,
7295797,0.81788284,
7295798,0.8279207,
7295799,0.8341437,
7295800,0.8659193,
7295801,0.7720057,
7295806,0.8478241,
7295807,0.8488282,
7295808,0.62951314,
7295810,0.776202,
7295844,0.8022972,
7295845,0.8265403,
7295846,0.6799071,
7295847,0.82575196,
7296030,0.6957541,
7296034,0.81125724,
7296036,0.834727,
7296037,0.74246866,
7296040,0.6999862,
7296041,0.8791281,
7296042,0.78309345,
7296043,0.8921509,
7296044,0.8366983,
7296045,0.8887987,
7296046,0.9012728,
7296047,0.86388075,
7296048,0.90554243,
7296049,0.8461891,
7296050,0.8782143,
7296051,0.8069507,
7296052,0.86010563,
7296053,0.80998176,
7296054,0.83579236,
7296056,0.8138793,
7296057,0.85878414,
7296058,0.70308703,
7296059,0.91890603,
7296060,0.8163554,
7296061,0.88972354,
7296062,0.82822734,
7296063,0.88357633,
7296064,0.84840083,
7296065,0.8431165,
7296066,0.7842655,
7296067,0.8912987,
7296068,0.8761303,
7296069,0.7924885,
7296070,0.77892005,
7296071,0.8204523,
7296072,0.8619617,
7296073,0.82718754,
7296074,0.8449543,
7296075,0.87160087,
7296076,0.84799516,
7296077,0.7623452,
7296078,0.81654817,
7296079,0.83560956,
7296080,0.8848934,
7296081,0.78428334,
7296082,0.8493069,
7296083,0.8502587,
7296084,0.8900737,
7296085,0.86283135,
7296086,0.877774,
7296087,0.86242574,
7296088,0.74080443,
7296089,0.8523258,
7296090,0.8106958,
7296091,0.8169626,
7296092,0.8770752,
7296093,0.89445364,
7296094,0.88906217,
7296095,0.76108265,
7296096,0.7185301,
7296097,0.8816314,
7296098,0.7140371,
7296099,0.7010154,
7296100,0.60846734,
7296101,0.761299,
7296102,0.54954237,
7296103,0.7858282,
7296105,0.8603584,
7296106,0.7643842,
7296107,0.8722931,
7296108,0.826455,
7296109,0.83572465,
7296110,0.8731053,
7296111,0.9141945,
7296112,0.8175517,
7296113,0.8886274,
7296114,0.72941417,
7296115,0.86291516,
7296116,0.75882417,
7296117,0.7018379,
7296118,0.6668482,
7296119,0.66712296,
7296120,0.76535577,
7296121,0.72074896,
7296122,0.73248184,
7296123,0.7142518,
7296124,0.791292,
7296125,0.8183684,
7296126,0.9232039,
7296127,0.81224155,
7296128,0.90782905,
7296129,0.72757566,
7296130,0.8363511,
7296131,0.83982235,
7296132,0.81505626,
7296133,0.78309494,
7296134,0.82646644,
7296135,0.93642795,
7296136,0.9034412,
7296137,0.86209,
7296138,0.73467296,
7296139,0.84245837,
7296140,0.77392215,
7296141,0.6849996,
7296142,0.80986303,
7296143,0.7590582,
7296144,0.83551687,
7296145,0.87555856,
7296147,0.86591536,
7296148,0.8079278,
7296149,0.84550923,
7296150,0.8529101,
7296151,0.84377676,
7296152,0.77457094,
7296154,0.8442664,
7296155,0.88350254,
7296156,0.8674077,
7296157,0.6837233,
7296158,0.86344206,
7296159,0.71316636,
7296160,0.7808449,
7296161,0.7112548,
7296162,0.70548785,
7296163,0.89396995,
7296164,0.8900258,
7296165,0.69067544,
7296166,0.864911,
7296167,0.82557607,
7296168,0.73487777,
7296169,0.73781717,
7296170,0.694515,
7296171,0.4587485,
7296172,0.5843311,
7296173,0.7068625,
7296174,0.7553098,
7296175,0.70216364,
7296176,0.6992446,
7296177,0.76462364,
7296178,0.6527368,
7296179,0.6577171,
7296180,0.73568237,
7296181,0.7491681,
7296182,0.8228735,
7296183,0.79273707,
7296184,0.8933484,
7296185,0.8807374,
7296186,0.861652,
7296189,0.76083636,
7296190,0.83188355,
7296191,0.8184901,
7296192,0.8687416,
7296193,0.8496362,
7296194,0.8730456,
7296195,0.80084103,
7296196,0.82697487,
7296197,0.8265159,
7296198,0.8893056,
7296199,0.86254174,
7296359,0.60672414,
7296418,0.7832845,
7296422,0.88648427,
7296423,0.77712363,
7296424,0.8880791,
7296425,0.9032304,
7296426,0.82835263,
7296427,0.8406179,
7296428,0.81617284,
7296429,0.8194878,
7296430,0.7945691,
7296435,0.82516533,
7296436,0.9234019,
7296439,0.8265542,
7296440,0.84446204,
7296441,0.84461194,
7296442,0.8412065,
7296444,0.81202817,
7296445,0.858721,
7296446,0.86719865,
7296448,0.605157,
7296462,0.78888303,
7296473,0.7322769,
7296475,0.74366623,
7296477,0.793026,
7296478,0.45861238,
7296479,0.73267096,
7296480,0.48626018,
7296482,0.7313513,
7296484,0.77348965,
7296485,0.6906173,
7296486,0.64856505,
7296487,0.7891359,
7296488,0.66141033,
7296491,0.7241139,
7296492,0.8628614,
7296493,0.87945807,
7296494,0.8855372,
7296496,0.8720133,
7296497,0.8395176,
7296498,0.8568331,
7296499,0.87319297,
7296500,0.8929105,
7296501,0.88318235,
7296502,0.8702784,
7296504,0.8755348,
7296508,0.79176885,
7296509,0.82203496,
7296511,0.8302838,
7296512,0.76600766,
7296592,0.7409385,
7296593,0.73787045,
7296594,0.78983027,
7296605,0.8620043,
7296607,0.8321245,
7296608,0.84499276,
7296609,0.8542678,
7296612,0.8281337,
7296613,0.878485,
7296614,0.8650734,
7296615,0.7734733,
7296617,0.76186985,
7296618,0.69722414,
7296619,0.82888234,
7296640,0.88811797,
7296642,0.8448266,
7296644,0.7462863,
7296645,0.82927793,
7296662,0.85051584,
7296663,0.8239906,
7296664,0.8497574,
7296665,0.8701188,
7296666,0.86253417,
7296667,0.8478558,
7296668,0.8441732,
7296669,0.8565955,
7296712,0.7140077,
7296713,0.92095745,
7296715,0.83184564,
7296716,0.869375,
7296717,0.86968046,
7296718,0.8654663,
7296719,0.77606183,
7296720,0.7483102,
7296721,0.86840785,
7296722,0.83962554,
7296731,0.7969653,
7296732,0.7710406,
7296766,0.6090271,
7296767,0.61620605,
7296768,0.6092353,
7296790,0.8997049,
7296791,0.8565698,
7296792,0.8702705,
7296793,0.83090895,
7296794,0.86436373,
7296795,0.86373043,
7296796,0.858087,
7296797,0.80385643,
7296798,0.8045386,
7296799,0.8339507,
7296800,0.8064121,
7296802,0.80550647,
7296813,0.66587335,
7296814,0.7796804,
7296815,0.76722604,
7296816,0.7269646,
7296817,0.72899354,
7296818,0.5920559,
7296819,0.69955474,
7296820,0.806594,
7296986,0.6839374,
7296987,0.6088336,
7296988,0.71928847,
7296989,0.6604157,
7296990,0.7136705,
7296991,0.73385304,
7296992,0.6534853,
7296993,0.54311347,
7297922,0.78879726,
7297923,0.81861305,
7297924,0.6326252,
7297925,0.6098845,
7297926,0.7621266,
7297927,0.7911753,
7297928,0.8342332,
7297930,0.8144079,
7297949,0.7730905,
7297950,0.73882043,
7297953,0.8269662,
7297963,0.8413934,
7297964,0.85389555,
7297968,0.8821308,
7297969,0.7400005,
7297970,0.7609772,
7297976,0.83993524,
7297977,0.8298449,
7297978,0.8347097,
7297982,0.65823805,
7297983,0.68679017,
7297984,0.7192287,
7297986,0.5982764,
7297987,0.5911097,
7297988,0.8145084,
7297989,0.7719981,
7297990,0.8373167,
7297993,0.8300126,
7297994,0.87547773,
7297995,0.6213382,
7297999,0.7680901,
7298282,0.7370726,
7298284,0.7693566,
7298286,0.8145517,
7298287,0.7900495,
7298290,0.8972906,
7298291,0.9044628,
7298351,0.79434335,
7298362,0.8765536,
7298364,0.83012354,
7298381,0.82697505,
7298384,0.6415208,
7298387,0.7013133,
7298402,0.82246506,
7298405,0.7385268,
7298406,0.7470482,
7298409,0.80896187,
7298411,0.826581,
7298418,0.84288996,
7298420,0.92502296,
7298425,0.8345304,
7298440,0.69091207,
7298442,0.6847864,
7298443,0.67844844,
7298456,0.53359056,
7298457,0.52965885,
7298459,0.7424822,
7298473,0.7437608,
7298474,0.8304155,
7298481,0.81500006,
7298484,0.8545966,
7298486,0.7290754,
7298488,0.7958131,
7298490,0.60667753,
7298493,0.84397894,
7298496,0.7899896,
7298507,0.909012,
7298509,0.8271279,
7298511,0.7659595,
7298532,0.76042587,
7298880,0.7454784,
7298881,0.84708446,
7298882,0.83433455,
7298883,0.80569303,
7298886,0.8568574,
7298887,0.90535027,
7298888,0.8237477,
7298889,0.5182022,
7298891,0.73912764,
7298893,0.7991605,
7298894,0.8247503,
7298895,0.842723,
7298898,0.77823263,
7298899,0.758215,
7298900,0.81643295,
7298901,0.80639344,
7298902,0.80930537,
7298903,0.7260571,
7298924,0.83052105,
7298944,0.80988973,
7298948,0.8054045,
7298949,0.72900885,
7298999,0.7819151,
7299002,0.83968896,
7299007,0.82079583,
7299008,0.8639275,
7299009,0.81155676,
7299010,0.8533676,
7299011,0.81871074,
7299012,0.85977006,
7299013,0.80572236,
7299014,0.86869526,
7299020,0.84006256,
7299026,0.46173725,
7299027,0.6795154,
7299035,0.7721236,
7299037,0.59608465,
7299041,0.8334985,
7299043,0.73733,
7299044,0.8089938,
7299049,0.9091368,
7299055,0.78121525,
7299057,0.84693265,
7299066,0.5806689,
7299067,0.66994125,
7299069,0.8665375,
7299071,0.72355324,
7299081,0.8287725,
7299090,0.77211237,
7299092,0.77825224,
7299096,0.83458865,
7299097,0.71447456,
7299105,0.8487892,
7299115,0.82416993,
7299117,0.80256015,
7299118,0.790686,
7299120,0.5551545,
7299121,0.77148455,
7299123,0.75034684,
7299126,0.87233615,
7299131,0.67885554,
7299138,0.78298664,
7299150,0.8321312,
7299152,0.70512915,
7299166,0.8764925,
7299183,0.80477524,
7299185,0.555797,
7299210,0.80515206,
7299211,0.7709123,
7299212,0.85114205,
7299213,0.8139113,
7299214,0.81372654,
7299215,0.8781997,
7299216,0.85645866,
7299217,0.7914638,
7299218,0.7033879,
7299219,0.5134798,
7299268,0.6830508,
7299270,0.8202761,
7299271,0.86862123,
7299272,0.81782174,
7299273,0.8620795,
7299274,0.859006,
7299275,0.803983,
7299276,0.6327619,
7299277,0.5988125,
7299278,0.7422453,
7299279,0.8437608,
7299280,0.75595695,
7299281,0.7599327,
7299283,0.5042143,
7299284,0.6958994,
7299358,0.67880136,
7299359,0.77275205,
7299360,0.78714067,
7299426,0.8397818,
7299427,0.8346513,
7299428,0.78164643,
7299430,0.7215137,
7299431,0.77105474,
7299432,0.82977915,
7299433,0.8554051,
7299434,0.79834104,
7299435,0.8442122,
7299527,0.41497794,
7299976,0.78696567,
7299977,0.7113837,
7299978,0.7545754,
7300008,0.8525982,
7300112,0.8353495,
7300113,0.7853924,
7300114,0.83235085,
7300115,0.85212445,
7300116,0.7999631,
7300117,0.8695477,
7300118,0.7753422,
7300119,0.816203,
7300120,0.8381349,
7300121,0.82623076,
7300122,0.81061685,
7300123,0.6829871,
7300124,0.6194632,
7300131,0.7246556,
7300139,0.82959914,
7300151,0.7467498,
7300152,0.81787944,
7300153,0.7598148,
7300154,0.570644,
7300155,0.83163494,
7300156,0.63007915,
7300158,0.8350352,
7300159,0.63441545,
7300162,0.59680516,
7300200,0.6781967,
7300490,0.6199313,
7300497,0.733987,
7300505,0.8628934,
7300527,0.8348719,
7300528,0.8334323,
7300529,0.7047712,
7300530,0.76702607,
7300531,0.8387538,
7300532,0.8316088,
7300533,0.86040896,
7300534,0.7703313,
7300535,0.7128751,
7300536,0.6597847,
7300809,0.81271785,
7300810,0.8726619,
7300811,0.8378694,
7300812,0.90137047,
7300813,0.8380966,
7300814,0.8125199,
7300815,0.73581254,
7300817,0.4881531,
7300818,0.6476602,
7300819,0.7927466,
7300820,0.89273643,
7300821,0.52537817,
7300822,0.70897204,
7300823,0.45560065,
7300825,0.8198741,
7300826,0.68095666,
7300827,0.6132513,
7300828,0.6142242,
7300830,0.83490366,
7300831,0.726183,
7300832,0.7984551,
7300833,0.82426435,
7300834,0.82144564,
7300835,0.81019944,
7300839,0.572726,
7300843,0.15623698,
7300844,0.18297252,
7300845,0.15316404,
7300846,0.57524896,
7300847,0.8790253,
7300939,0.7928056,
7300940,0.66979975,
7300941,0.7347058,
7300942,0.54056484,
7300943,0.6926352,
7300944,0.76231146,
7300946,0.7853363,
7300947,0.80551565,
7300948,0.61761963,
7300949,0.7411392,
7300950,0.66119754,
7300951,0.7419557,
7300952,0.64554113,
7300953,0.8064245,
7300954,0.87940454,
7300955,0.6330509,
7300957,0.85494447,
7300958,0.5886167,
7300959,0.75039893,
7300960,0.7400102,
7300962,0.6999662,
7300963,0.7609922,
7300964,0.8292281,
7300965,0.71075463,
7300966,0.68124795,
7300969,0.75485235,
7300972,0.78281534,
7300973,0.7723196,
7300975,0.7675985,
7300977,0.8441977,
7300978,0.63297606,
7300980,0.77966815,
7300982,0.79465455,
7300983,0.7971325,
7300984,0.79959667,
7300985,0.74107754,
7300986,0.7967204,
7300987,0.85274875,
7300988,0.83362204,
7300989,0.78760034,
7300991,0.87057805,
7300993,0.82002276,
7300994,0.74687463,
7300996,0.7519934,
7300998,0.8000139,
7300999,0.7022006,
7301003,0.68414557,
7301004,0.73673177,
7301005,0.73530155,
7301011,0.6684721,
7301012,0.6417964,
7301013,0.7141549,
7301014,0.67959905,
7301409,0.8229003,
7301430,0.8359921,
7301629,0.7886945,
7301833,0.73431075,
7301943,0.8101125,
7302028,0.7869155,
7302037,0.8814158,
7302210,0.8864427,
7302287,0.7369634,
7302288,0.5755266,
7302289,0.9072723,
7302290,0.80685544,
7302360,0.8498886,
7302461,0.8268103,
7302465,0.8279011,
7302467,0.73631227,
7302472,0.80431277,
7302473,0.8133544,
7302476,0.8894337,
7302477,0.9071249,
7302509,0.8857868,
7302510,0.88478154,
7302511,0.86534655,
7302513,0.8495707,
7302514,0.8401457,
7302627,0.6106582,
7302628,0.8261236,
7302629,0.8419833,
7302630,0.8341896,
7302631,0.8153594,
7302632,0.8281675,
7302633,0.85560477,
7302636,0.803983,
7302639,0.8101871,
7302963,0.67844033,
7302964,0.9018833,
7302965,0.77786946,
7302966,0.6642703,
7302967,0.5881421,
7302968,0.73688054,
7302969,0.7026492,
7302970,0.67111343,
7302972,0.5653087,
7302973,0.68517184,
7302974,0.617543,
7302975,0.68827724,
7302976,0.7079518,
7302977,0.77699614,
7302978,0.6358256,
7302979,0.7367804,
7302980,0.77385384,
7302981,0.7448185,
7302982,0.6317206,
7302983,0.8550473,
7302984,0.5544187,
7302985,0.75988865,
7302986,0.7971917,
7302987,0.7279527,
7302988,0.57325447,
7302989,0.68951184,
7303016,0.7033572,
7303025,0.5355249,
7303037,0.6182474,
7303298,0.756526,
7303299,0.76853985,
7303300,0.7114436,
7303302,0.6593564,
7303310,0.6818249,
7303311,0.7077451,
7303312,0.8356219,
7303313,0.82139266,
7303314,0.6786321,
7303315,0.7119135,
7303316,0.72461915,
7303317,0.8734952,
7303318,0.8324328,
7303319,0.7765478,
7303320,0.7602386,
7303321,0.7550161,
7303322,0.7929449,
7303323,0.802671,
7303324,0.81033057,
7303325,0.7492387,
7303326,0.628331,
7303328,0.8511301,
7303329,0.7836605,
7303330,0.8764459,
7303331,0.8488957,
7303332,0.8767767,
7303333,0.8130206,
7303334,0.77654546,
7303335,0.8316293,
7303336,0.6716605,
7303337,0.8364098,
7303338,0.8330973,
7303339,0.7975134,
7303340,0.7620791,
7303341,0.7952944,
7303342,0.8053559,
7303343,0.8100985,
7303344,0.71388465,
7303345,0.7653101,
7303346,0.7498233,
7303347,0.82243896,
7303348,0.7643634,
7303349,0.89409745,
7303350,0.89287347,
7303351,0.7572565,
7303352,0.6025016,
7303353,0.8976945,
7303354,0.90075725,
7303356,0.8237232,
7303362,0.75881433,
7303363,0.83724654,
7303364,0.48603174,
7303365,0.47216108,
7303366,0.49165985,
7303367,0.4916627,
7303368,0.7537324,
7303369,0.92615014,
7303370,0.7309591,
7303371,0.511875,
7303372,0.64961207,
7303373,0.6058441,
7303501,0.5252084,
7303728,0.5524015,
7303729,0.56304014,
7303730,0.47601032,
7303731,0.5599976,
7303732,0.60270834,
7303733,0.6707124,
7303736,0.5574897,
7303877,0.80264324,
7303885,0.74373263,
7303886,0.7803859,
7303895,0.67006105,
7303896,0.6703149,
7303897,0.700076,
7303898,0.6866239,
7303901,0.796776,
7303903,0.783224,
7303910,0.5404258,
7303913,0.60221803,
7303916,0.56881183,
7303939,0.68738157,
7303981,0.77393365,
7303982,0.677326,
7303991,0.8086814,
7303993,0.7958802,
7303994,0.82734627,
7303997,0.7825931,
7304001,0.8212914,
7304002,0.76360863,
7304003,0.66803694,
7304004,0.6918225,
7304005,0.71864074,
7304006,0.6992959,
7304009,0.69082814,
7304010,0.7369463,
7304039,0.7532942,
7304040,0.7520678,
7304041,0.72672296,
7304043,0.7791867,
7304052,0.8138906,
7304298,0.7664402,
7304299,0.87558705,
7304300,0.8487475,
7304301,0.8969839,
7304302,0.8966735,
7304351,0.8812927,
7304352,0.8578458,
7304353,0.83919793,
7304354,0.8475386,
7304355,0.8865828,
7304356,0.8152982,
7304357,0.8463744,
7304358,0.8046264,
7304359,0.8444176,
7304360,0.86228776,
7304361,0.88642246,
7304362,0.86652076,
7304363,0.8706903,
7304364,0.84018713,
7304365,0.85652703,
7304366,0.8746616,
7304368,0.86282945,
7304370,0.8193851,
7304371,0.8668068,
7304372,0.7991151,
7304373,0.8515679,
7304374,0.8602203,
7304375,0.8244064,
7304376,0.8149532,
7304377,0.8313008,
7304378,0.84768796,
7304504,0.9022551,
7304507,0.80386215,
7304548,0.8670123,
7304549,0.8850276,
7304562,0.82262003,
7304563,0.8222817,
7304693,0.7333048,
7305013,0.57952374,
7305014,0.74974555,
7305015,0.70326483,
7305016,0.77742094,
7305045,0.7160517,
7305046,0.46354896,
7305049,0.81729007,
7305050,0.46156695,
7305051,0.5787464,
7305052,0.4514465,
7305053,0.7552309,
7305054,0.508342,
7305057,0.8466408,
7305058,0.8597203,
7305059,0.86607885,
7305060,0.81463104,
7305061,0.66418236,
7305062,0.7270887,
7305063,0.8227326,
7305064,0.798785,
7305065,0.8534319,
7305066,0.70157856,
7305067,0.7967171,
7305068,0.7197871,
7305069,0.73805535,
7305070,0.52523094,
7305071,0.5242194,
7305072,0.78032684,
7305073,0.829696,
7305146,0.8705501,
7305147,0.65283716,
7305148,0.77379555,
7305149,0.7913126,
7305151,0.6772896,
7305152,0.6871472,
7305153,0.7030436,
7305308,0.8570245,
7305312,0.84960663,
7305313,0.87131613,
7305314,0.84118074,
7305315,0.84141284,
7305316,0.83420986,
7305317,0.8516124,
7305318,0.86470985,
7305320,0.8167197,
7305321,0.81255287,
7305326,0.79951334,
7305327,0.8734169,
7305331,0.76878345,
7305337,0.81823295,
7305339,0.7410215,
7305372,0.79149294,
7305373,0.7676261,
7305374,0.7471496,
7305376,0.7989943,
7305377,0.82421255,
7305378,0.83406025,
7305789,0.7222883,
7305790,0.7701432,
7305791,0.6318147,
7305792,0.8596364,
7306079,0.47105178,
7306081,0.64994556,
7306082,0.50079376,
7306083,0.79629946,
7306084,0.57826656,
7306085,0.530211,
7306086,0.5769151,
7306087,0.7399571,
7306089,0.74873555,
7306094,0.72355527,
7306095,0.5206703,
7306096,0.5535163,
7306097,0.6318748,
7306098,0.6726516,
7306099,0.7016597,
7306100,0.7057217,
7306101,0.72204924,
7306102,0.5419011,
7306414,0.47416204,
7306415,0.35920298,
7306495,0.72368735,
7306496,0.6815929,
7306497,0.70389795,
7306517,0.81056863,
7306518,0.7992147,
7306519,0.78398126,
7306520,0.7835974,
7306529,0.7002257,
7306530,0.7099992,
7306533,0.8614347,
7306534,0.8027115,
7306539,0.831807,
7306540,0.86279774,
7306542,0.79998344,
7306543,0.7798508,
7306568,0.7664253,
7306569,0.7806125,
7306570,0.772842,
7306571,0.82032233,
7306601,0.80839914,
7306628,0.8647378,
7306629,0.8310093,
7306630,0.84925085,
7306631,0.89449954,
7306634,0.81310153,
7306635,0.75231504,
7306640,0.79130316,
7306641,0.89179605,
7306643,0.86543185,
7306658,0.8233206,
7306659,0.80943453,
7306901,0.84855837,
7306903,0.9008515,
7306904,0.85086745,
7306905,0.87232363,
7306906,0.8972732,
7306936,0.39975855,
7306939,0.8251922,
7307049,0.46141148,
7307050,0.49997896,
7307109,0.7939744,
7307139,0.8641942,
7307140,0.84959066,
7307141,0.7234106,
7307146,0.76746774,
7307148,0.7392015,
7307149,0.6895733,
7307150,0.72425616,
7307151,0.57804245,
7307152,0.7309092,
7307153,0.5432461,
7307154,0.8664138,
7307155,0.8236228,
7307213,0.67468274,
7307214,0.68480915,
7307215,0.6234575,
7307216,0.6853641,
7307242,0.6476779,
7307243,0.68352014,
7307247,0.7304118,
7307256,0.7084287,
7307257,0.6869497,
7307258,0.82730865,
7307259,0.51958966,
7307260,0.82058924,
7307262,0.7630701,
7307264,0.86428964,
7307265,0.8201057,
7307266,0.54599446,
7307267,0.80171067,
7307268,0.79427737,
7307269,0.7911139,
7307271,0.8053991,
7307272,0.79287827,
7307298,0.7663532,
7307299,0.7264995,
7307385,0.7703932,
7307387,0.75047475,
7307389,0.6935201,
7307391,0.7039665,
7307393,0.72849476,
7307394,0.6841011,
7307429,0.62960696,
7307433,0.7203673,
7307434,0.7271142,
7307436,0.78781444,
7307437,0.5941932,
7307438,0.55237216,
7307442,0.63898313,
7307443,0.6503569,
7307653,0.83182675,
7307716,0.65424776,
7307717,0.6405717,
7307749,0.5273384,
7307768,0.5915944,
7307775,0.6200934,
7307779,0.6682072,
7307784,0.7177355,
7307785,0.8009838,
7307786,0.80495924,
7307787,0.59165573,
7307788,0.57890606,
7307789,0.6124565,
7307815,0.4782058,
7307816,0.5498468,
7307819,0.80153465,
7307821,0.77909297,
7307822,0.75683373,
7307823,0.7664706,
7307845,0.6868408,
7307846,0.6712497,
7307847,0.69987756,
7307848,0.52548635,
7308230,0.793532,
7308364,0.792148,
7308451,0.55134875,
7308452,0.48905644,
7308453,0.67709,
7308454,0.75235134,
7308455,0.82725096,
7308456,0.7107457,
7308457,0.72218466,
7308458,0.6745078,
7308459,0.68107164,
7308460,0.68167114,
7308461,0.61920005,
7308464,0.6949604,
7308486,0.83749,
7308487,0.76745325,
7308488,0.7025664,
7308489,0.8126871,
7308506,0.79246867,
7308525,0.8239318,
7308535,0.90443903,
7308538,0.6906964,
7308675,0.61543196,
7308676,0.5594436,
7308677,0.5015925,
7308732,0.5741732,
7308733,0.59054196,
7308734,0.58065045,
7308735,0.5474575,
7308736,0.5631683,
7308738,0.6201385,
7308739,0.6090759,
7308743,0.7975682,
7308783,0.8495715,
7308784,0.9216488,
7308785,0.61819935,
7308786,0.5219472,
7308787,0.454672,
7308788,0.77454346,
7308789,0.76842546,
7308790,0.7686722,
7308791,0.7703594,
7308793,0.53478354,
7308794,0.7023997,
7308796,0.8361164,
7308797,0.8322964,
7308798,0.8290416,
7308799,0.8411284,
7308800,0.8820965,
7308801,0.89044785,
7308802,0.867885,
7308803,0.8691491,
7308804,0.89235055,
7308805,0.8838858,
7308806,0.77758723,
7308807,0.74916536,
7308808,0.5465444,
7308809,0.5421937,
7308838,0.8339835,
7308881,0.81468946,
7308882,0.80871433,
7308883,0.9323145,
7308884,0.8289877,
7308993,0.6917116,
7308994,0.86474967,
7308995,0.66642445,
7308996,0.5510727,
7308998,0.78798467,
7308999,0.774505,
7309000,0.7619002,
7309001,0.7372236,
7309002,0.7596995,
7309007,0.82341534,
7309010,0.83963174,
7309011,0.8097216,
7309012,0.8874265,
7309013,0.8913675,
7309017,0.7890506,
7309018,0.7331117,
7309019,0.68904144,
7309020,0.7936212,
7309021,0.80825144,
7309022,0.85517275,
7309023,0.8628967,
7309024,0.6866544,
7309026,0.63314074,
7309027,0.8229518,
7309028,0.84625006,
7309029,0.8269675,
7309030,0.82682604,
7309031,0.7043715,
7309032,0.81771725,
7309033,0.815367,
7309034,0.84783274,
7309035,0.8693906,
7309036,0.8531145,
7309037,0.77178556,
7309038,0.869663,
7309039,0.7467227,
7309040,0.8417,
7309041,0.8543947,
7309042,0.84311455,
7309043,0.76129436,
7309047,0.8269998,
7309048,0.805335,
7309049,0.8096594,
7309056,0.75563663,
7309057,0.819902,
7309058,0.7754517,
7309060,0.8081353,
7309061,0.80660367,
7309062,0.81551135,
7309064,0.8015561,
7309065,0.85842526,
7309066,0.78837466,
7309067,0.7478755,
7309068,0.6627859,
7309070,0.708292,
7309071,0.65535146,
7309072,0.7578673,
7309073,0.7486018,
7309074,0.77447027,
7309076,0.7941293,
7309077,0.76758015,
7309079,0.84380543,
7309081,0.854885,
7309082,0.83509785,
7309083,0.8544304,
7309094,0.69201314,
7309095,0.7649205,
7309097,0.65998423,
7309098,0.8802572,
7309099,0.90448755,
7309100,0.87564,
7309107,0.8537609,
7309112,0.7668547,
7309113,0.6123024,
7309114,0.654747,
7309115,0.63537884,
7309335,0.8593762,
7309336,0.6082365,
7309338,0.85693794,
7309339,0.91841865,
7309340,0.6536483,
7309341,0.7050179,
7309401,0.85144764,
7309402,0.7791157,
7309403,0.82778215,
7309419,0.5308345,
7309420,0.58089817,
7309423,0.5136922,
7309432,0.52993166,
7309433,0.76394814,
7309434,0.7803805,
7309436,0.8262735,
7309437,0.828136,
7309438,0.77491254,
7309439,0.75117093,
7309440,0.7569195,
7309476,0.7353789,
7309477,0.7584716,
7309478,0.83298486,
7309479,0.80999887,
7309480,0.7942984,
7309481,0.7847559,
7309482,0.7963427,
7309483,0.8618251,
7309484,0.8271409,
7309485,0.7900699,
7309486,0.6944347,
7309487,0.59437585,
7309488,0.6913993,
7309489,0.7077969,
7309490,0.75520545,
7309491,0.7546053,
7309494,0.7951225,
7309495,0.70209783,
7309496,0.6005708,
7309497,0.7008432,
7309498,0.60855204,
7309499,0.649853,
7309501,0.7065756,
7309502,0.62694085,
7309504,0.526539,
7309510,0.7718827,
7309513,0.6888599,
7309514,0.8903128,
7309515,0.81213796,
7309516,0.79026794,
7309517,0.82690823,
7309518,0.85949576,
7309519,0.6315889,
7309520,0.8203488,
7309521,0.8451078,
7309522,0.8696851,
7309523,0.6596778,
7309524,0.62027574,
7309525,0.8782976,
7309526,0.8659915,
7309527,0.879567,
7309528,0.8435897,
7309529,0.83854985,
7309530,0.73200494,
7309531,0.8292701,
7309532,0.7824296,
7309533,0.83178294,
7309535,0.77105296,
7309536,0.70381665,
7309540,0.87680775,
7309541,0.8604953,
7309542,0.81894845,
7309588,0.8678656,
7309589,0.90175754,
7309590,0.86921316,
7309653,0.7273943,
7309654,0.6633683,
7309662,0.7748366,
7309881,0.7749918,
7309882,0.8398372,
7309891,0.64328927,
7309903,0.8509501,
7309904,0.78005236,
7309917,0.7672344,
7309918,0.69007856,
7309920,0.8407709,
7309941,0.87464553,
7309942,0.70375645,
7309943,0.8067918,
7309944,0.83975965,
7309945,0.8705077,
7309946,0.8788698,
7309947,0.85875547,
7310015,0.8833628,
7310017,0.72521555,
7310020,0.8037798,
7310374,0.8131029,
7310468,0.6640975,
7310469,0.79471636,
7310470,0.682353,
7310471,0.6849181,
7310472,0.76098263,
7310473,0.7107126,
7310474,0.7473189,
7310475,0.7306783,
7310476,0.46814564,
7310478,0.5601057,
7310510,0.79536575,
7310514,0.7548898,
7310515,0.8678061,
7310516,0.80774754,
7310517,0.5391853,
7310518,0.77758276,
7310521,0.73780316,
7310533,0.79470366,
7310569,0.8112961,
7310570,0.8347943,
7310571,0.8219076,
7310572,0.84009176,
7310573,0.88434947,
7310574,0.8157198,
7310575,0.7528169,
7310576,0.72676736,
7310581,0.8141017,
7310582,0.84672266,
7310583,0.8151741,
7310584,0.66742116,
7310585,0.6514307,
7310586,0.6139677,
7310587,0.5388263,
7310589,0.48757693,
7310590,0.54380333,
7310607,0.7837557,
7310624,0.68924713,
7310625,0.86566824,
7310626,0.72701013,
7310627,0.8787504,
7310628,0.8806698,
7310629,0.8782591,
7310640,0.6613464,
7310641,0.839688,
7310674,0.8279118,
7310720,0.8903262,
7310721,0.9380363,
7310722,0.9146948,
7310750,0.73351014,
7310752,0.7718271,
7310754,0.651796,
7310759,0.7286669,
7310761,0.685557,
7310762,0.746089,
7310775,0.766561,
7310777,0.85419446,
7310780,0.8499996,
7310785,0.77485704,
7310786,0.783219,
7310790,0.8181523,
7310791,0.7711876,
7310792,0.73458177,
7310793,0.78962004,
7310794,0.80461663,
7310795,0.7592076,
7310807,0.71572393,
7311034,0.7784145,
7311035,0.7917732,
7311038,0.73207206,
7311041,0.69183373,
7311042,0.6249928,
7311044,0.91003126,
7311045,0.893203,
7311275,0.70089066,
7311276,0.7001951,
7311277,0.67840445,
7311281,0.64741635,
7311282,0.5639399,
7311283,0.5924393,
7311284,0.7614291,
7311285,0.60366625,
7311286,0.7836712,
7311287,0.81972253,
7311288,0.7619972,
7311290,0.53846294,
7311291,0.5237466,
7311293,0.5098828,
7311294,0.5129557,
7311295,0.6804303,
7311296,0.73533565,
7311297,0.68039894,
7311298,0.62975353,
7311299,0.782449,
7311300,0.737864,
7311301,0.70407397,
7311302,0.69011766,
7311381,0.77393556,
7311382,0.7432586,
7311383,0.5680399,
7311384,0.7607705,
7311385,0.69320625,
7311522,0.7999042,
7311523,0.6459551,
7311524,0.61310625,
7311526,0.6898032,
7311530,0.7232463,
7311531,0.5394077,
7311532,0.53044593,
7311534,0.6636547,
7311541,0.70548666,
7311542,0.6686331,
7311544,0.8203084,
7311546,0.76235723,
7311547,0.67326975,
7311548,0.8321706,
7311549,0.80557954,
7311550,0.6882572,
7311551,0.67841065,
7311552,0.8036511,
7311553,0.87925345,
7311554,0.858974,
7311555,0.7954362,
7311556,0.8370632,
7311557,0.9011017,
7311558,0.8538072,
7311559,0.8226072,
7311560,0.8878314,
7311561,0.8395545,
7311562,0.8101406,
7311563,0.5848965,
7311564,0.8039257,
7311566,0.7195249,
7311567,0.7959361,
7311568,0.85106695,
7311569,0.91386145,
7311571,0.85808474,
7311572,0.8157514,
7311573,0.8212368,
7311574,0.69601506,
7311576,0.8460394,
7311579,0.7944202,
7311580,0.77090955,
7311581,0.8267153,
7311582,0.8263428,
7311583,0.8339318,
7311587,0.782476,
7311588,0.68132365,
7311590,0.69849765,
7311592,0.90108836,
7311593,0.8982711,
7311595,0.73683655,
7311596,0.8191578,
7311597,0.77923304,
7311598,0.7622976,
7311601,0.62190163,
7311603,0.6772403,
7311605,0.8533471,
7311606,0.8621066,
7311607,0.7894519,
7311609,0.86413854,
7311610,0.8419035,
7311611,0.7268222,
7311612,0.6833527,
7311614,0.8187579,
7311615,0.8231106,
7311616,0.84208786,
7311617,0.8309044,
7311618,0.7665013,
7311619,0.75117075,
7311620,0.8085238,
7311626,0.76676226,
7311627,0.7883924,
7311628,0.82989824,
7311706,0.8926388,
7311736,0.5860113,
7311737,0.53353554,
7311753,0.5033252,
7311821,0.8408855,
7311822,0.8110834,
7311823,0.75560486,
7311824,0.7599994,
7312195,0.6690939,
7312196,0.7109738,
7312199,0.77603054,
7312201,0.8556097,
7312208,0.6473378,
7312209,0.6246807,
7312222,0.7621957,
7312224,0.7832842,
7312226,0.74015224,
7312230,0.5737552,
7312231,0.5475918,
7312235,0.6529119,
7312237,0.56775784,
7312238,0.5134998,
7312368,0.67887187,
7312416,0.47619304,
7312417,0.6527134,
7312424,0.8323729,
7312426,0.85229236,
7312429,0.42279965,
7312430,0.5236525,
7312431,0.57095224,
7312443,0.6837809,
7312445,0.689994,
7312446,0.6226053,
7312447,0.704908,
7312449,0.7730212,
7312450,0.81813675,
7312509,0.7197493,
7312657,0.8687551,
7312658,0.829676,
7312664,0.8213085,
7312665,0.7841727,
7312667,0.6806727,
7312668,0.7359184,
7312715,0.5298345,
7312724,0.7822202,
7312739,0.6913591,
7312740,0.5559789,
7312834,0.7639192,
7312839,0.8083453,
7312840,0.7033167,
7312841,0.68783134,
7312842,0.6970945,
7312908,0.6928971,
7312909,0.69128317,
7312910,0.6415329,
7312934,0.64865613,
7313000,0.64999235,
7313022,0.43562764,
7313030,0.7455839,
7313031,0.6613253,
7313034,0.64000714,
7313036,0.6011219,
7313041,0.4967696,
7313045,0.47424135,
7313047,0.440941,
7313192,0.6827721,
7313504,0.4994458,
7313526,0.49049067,
7313527,0.5474532,
7313528,0.5294325,
7313533,0.4227674,
7313535,0.5360935,
7313536,0.57416356,
7313537,0.4733093,
7313538,0.5910595,
7313539,0.58650404,
7313540,0.51002616,
7313561,0.6561219,
7313761,0.7668604,
7313762,0.8178684,
7313763,0.7634492,
7313764,0.7696382,
7313765,0.8258237,
7313766,0.57329756,
7313768,0.7679988,
7313769,0.66012585,
7313770,0.74251515,
7313771,0.76099306,
7313773,0.57348865,
7313779,0.57797074,
7313780,0.48918813,
7313782,0.64984035,
7313787,0.5995917,
7313789,0.53030586,
7313790,0.5332301,
7313793,0.57348865,
7313794,0.5907582,
7313796,0.45692328,
7313803,0.65603477,
7313804,0.68971926,
7313805,0.7265174,
7313806,0.64343333,
7313807,0.6896405,
7313969,0.80473673,
7313970,0.75563383,
7313971,0.7300099,
7313972,0.85086143,
7313973,0.81740826,
7313974,0.7391018,
7313975,0.7765972,
7313976,0.8901006,
7313977,0.8878213,
7313978,0.8126089,
7313979,0.73266536,
7313980,0.797534,
7313981,0.8702738,
7313982,0.8402057,
7313983,0.817816,
7313984,0.7613836,
7313985,0.60575813,
7313986,0.78025335,
7313988,0.7292976,
7313989,0.83435094,
7313992,0.67540145,
7313993,0.6493122,
7313994,0.65368825,
7313997,0.91651684,
7313998,0.8597979,
7313999,0.7016713,
7314000,0.82882214,
7314001,0.86303794,
7314002,0.8421904,
7314003,0.8089732,
7314005,0.8203599,
7314006,0.7361925,
7314227,0.70885414,
7314228,0.6939056,
7314229,0.75659364,
7314230,0.6040276,
7314232,0.7381644,
7314236,0.67800415,
7314248,0.62662154,
7314518,0.82765555,
7314825,0.87083226,
7314891,0.82272476,
7314892,0.73653585,
7314893,0.63114387,
7314894,0.6171442,
7314897,0.8362389,
7314898,0.86296326,
7314899,0.78223103,
7314900,0.7530126,
7314901,0.81092685,
7314925,0.60712045,
7314926,0.60175616,
7314927,0.7868633,
7314928,0.7201633,
7314929,0.8265872,
7314930,0.7863536,
7314931,0.78457725,
7314932,0.7565218,
7314933,0.85052645,
7314936,0.81573516,
7314937,0.71649635,
7314938,0.7165039,
7314941,0.73427695,
7314942,0.7767219,
7314943,0.7844534,
7314946,0.6057708,
7314947,0.66745496,
7314948,0.79046065,
7314954,0.6635171,
7315002,0.8986053,
7315012,0.646029,
7315013,0.73191035,
7315014,0.72377735,
7315015,0.8080099,
7315041,0.8460217,
7315042,0.7816073,
7315043,0.8889066,
7315044,0.889272,
7315045,0.839592,
7315046,0.81315506,
7315047,0.8543363,
7315048,0.85587496,
7315050,0.6629407,
7315052,0.5104079,
7315053,0.6225275,
7315054,0.40386584,
7315055,0.58541095,
7315098,0.79590505,
7315099,0.73436016,
7315100,0.7444347,
7315101,0.74702317,
7315102,0.82651633,
7315103,0.8012153,
7315104,0.7735737,
7315105,0.54310775,
7315106,0.5187148,
7315107,0.5778519,
7315108,0.5568483,
7315109,0.7620389,
7315110,0.7411959,
7315112,0.783509,
7315113,0.8507644,
7315115,0.7723304,
7315116,0.756833,
7315117,0.84055793,
7315118,0.8681819,
7315119,0.60741055,
7315120,0.676412,
7315122,0.8496169,
7315123,0.73362553,
7315124,0.78436786,
7315125,0.7795484,
7315127,0.8056419,
7315568,0.86178577,
7315569,0.85657996,
7315571,0.8378865,
7315572,0.849585,
7315573,0.8131009,
7315575,0.8611112,
7315838,0.8415397,
7315839,0.8304815,
7315841,0.736053,
7315842,0.8461746,
7315843,0.7746978,
7315930,0.7835237,
7315931,0.5884467,
7315932,0.8749724,
7315933,0.8834054,
7315934,0.5318158,
7315935,0.5213567,
7315937,0.7144601,
7315939,0.8313831,
7315940,0.82938486,
7315942,0.79210865,
7315944,0.73440397,
7315975,0.6769003,
7315976,0.7636828,
7315977,0.81772286,
7315978,0.7660273,
7315979,0.7776748,
7315980,0.82075655,
7315981,0.7395876,
7315983,0.812824,
7315984,0.751837,
7315985,0.71585584,
7315986,0.6582694,
7315987,0.7912993,
7315988,0.8455795,
7315989,0.64995635,
7315990,0.80973965,
7315991,0.7630676,
7315992,0.8024427,
7315994,0.7788208,
7315995,0.5982986,
7315996,0.59396327,
7315997,0.54643303,
7315998,0.5870749,
7316000,0.7184221,
7316001,0.7012588,
7316002,0.49297556,
7316003,0.76130944,
7316005,0.70306313,
7316007,0.61013335,
7316008,0.5697099,
7316009,0.43352512,
7316010,0.6783593,
7316011,0.6809861,
7316012,0.69810283,
7316013,0.5931079,
7316014,0.69702095,
7316015,0.7447073,
7316016,0.48513213,
7316018,0.8846484,
7316019,0.88418376,
7316020,0.81735945,
7316021,0.89585346,
7316022,0.89081156,
7316023,0.85462636,
7316024,0.87600094,
7316025,0.66218823,
7316026,0.85353965,
7316027,0.8258645,
7316028,0.91488224,
7316029,0.6895664,
7316030,0.8628386,
7316031,0.9177133,
7316057,0.9405857,
7316058,0.9052414,
7316061,0.91814107,
7316062,0.9217537,
7316063,0.9345405,
7316064,0.9065895,
7316065,0.9185873,
7316066,0.9273894,
7316067,0.87826914,
7316068,0.7838623,
7316069,0.88836884,
7316070,0.7981926,
7316071,0.76637167,
7316072,0.71810836,
7316073,0.8444764,
7316074,0.8782183,
7316075,0.6011074,
7316076,0.68333846,
7316081,0.61073375,
7316082,0.6508314,
7316083,0.8825439,
7316084,0.8905427,
7316085,0.60820293,
7316086,0.84126604,
7316087,0.831572,
7316088,0.8727201,
7316089,0.8890379,
7316090,0.87390935,
7316092,0.8471103,
7316093,0.85068434,
7316163,0.7545841,
7316164,0.7872152,
7316165,0.77554554,
7316166,0.63998663,
7316167,0.5735096,
7316252,0.72182906,
7316258,0.7533469,
7316260,0.78253037,
7316261,0.78363585,
7316265,0.85190064,
7316270,0.43705663,
7316276,0.47729772,
7316277,0.5064764,
7316289,0.8216728,
7316290,0.9398893,
7316291,0.90498555,
7316292,0.91582423,
7316293,0.9282392,
7316294,0.72138214,
7316295,0.8407663,
7316296,0.8195756,
7316297,0.8910271,
7316298,0.9111473,
7316299,0.8718462,
7316300,0.8594543,
7316301,0.9197895,
7316302,0.8801439,
7316303,0.8878112,
7316307,0.86904866,
7316308,0.7042239,
7316309,0.8400339,
7316310,0.8281241,
7316312,0.74519753,
7316333,0.74287254,
7316334,0.65192837,
7316335,0.68944895,
7316336,0.67253524,
7316337,0.6579051,
7316338,0.6260606,
7316339,0.6936198,
7316374,0.79544806,
7316375,0.75763994,
7316376,0.6596571,
7316377,0.6486859,
7316378,0.6905437,
7316379,0.7487502,
7316382,0.8000415,
7316383,0.71193194,
7316384,0.6655604,
7316385,0.6281555,
7316386,0.7068653,
7316387,0.5458278,
7316388,0.68293,
7316391,0.76317126,
7316393,0.77479935,
7316395,0.80775756,
7316396,0.7613065,
7316397,0.70767003,
7316398,0.7637706,
7316399,0.7865689,
7316400,0.7889037,
7316401,0.7871805,
7316412,0.76935595,
7316413,0.8297115,
7316414,0.7920143,
7316415,0.8162521,
7316416,0.83688426,
7316417,0.68199474,
7316418,0.8273758,
7316547,0.815394,
7316548,0.9134812,
7316549,0.8627623,
7316550,0.86548245,
7316570,0.81637836,
7316572,0.7075182,
7316573,0.5350687,
7316574,0.57293993,
7316575,0.5523319,
7316576,0.49591392,
7316577,0.899996,
7316578,0.8995325,
7316579,0.84012896,
7316580,0.7228886,
7316581,0.7028579,
7316582,0.75866437,
7316583,0.8165416,
7316584,0.84118474,
7316585,0.8522955,
7316586,0.8353015,
7316587,0.7776487,
7316588,0.78443235,
7316589,0.79507864,
7316590,0.84461373,
7316591,0.8462103,
7316592,0.77784985,
7316593,0.81393105,
7316594,0.86064345,
7316595,0.89265937,
7316603,0.87710345,
7316604,0.89234763,
7316605,0.8408005,
7316606,0.8765046,
7316607,0.8710479,
7316610,0.86731285,
7316611,0.90555054,
7316612,0.9037164,
7316613,0.91722894,
7316614,0.86659336,
7316615,0.90603364,
7316616,0.9234262,
7316617,0.92133296,
7316618,0.8694869,
7316619,0.9102563,
7316620,0.8963002,
7316621,0.9020527,
7316622,0.91408163,
7316625,0.8753682,
7316626,0.7665202,
7316627,0.8563467,
7316628,0.83137715,
7316629,0.80988306,
7316630,0.74031484,
7316634,0.7839882,
7316635,0.7427021,
7316636,0.80313265,
7316637,0.85105395,
7316641,0.8105827,
7316643,0.9343299,
7316645,0.9280245,
7316646,0.72642946,
7316649,0.5063595,
7316650,0.8037327,
7316651,0.8071631,
7316652,0.7835491,
7316653,0.66673183,
7316654,0.7453816,
7316660,0.7411227,
7316662,0.6200804,
7316664,0.7115496,
7316665,0.78897226,
7316666,0.8716318,
7316667,0.8775496,
7316668,0.81598246,
7316669,0.7081609,
7316675,0.77134037,
7316676,0.76611316,
7316677,0.7448912,
7316678,0.77266943,
7316679,0.88645047,
7316680,0.8505471,
7316682,0.88212866,
7316683,0.90027255,
7316685,0.8506619,
7316686,0.8090752,
7316687,0.87930286,
7316694,0.9105548,
7316695,0.8743555,
7316696,0.8956833,
7316700,0.7181614,
7316702,0.8688573,
7316704,0.84383595,
7316705,0.8559758,
7316706,0.9143093,
7316707,0.92790926,
7316708,0.81391853,
7316709,0.91784585,
7316710,0.92311156,
7316711,0.9186295,
7316712,0.8765271,
7316713,0.91210324,
7316714,0.74286693,
7316715,0.833589,
7316716,0.7777257,
7316717,0.85718447,
7316718,0.8089545,
7316720,0.6904466,
7316721,0.6556917,
7316723,0.7264029,
7316724,0.75597036,
7316725,0.6469523,
7316727,0.74541533,
7316728,0.78621477,
7316730,0.82606465,
7316731,0.8514187,
7316732,0.7789102,
7316755,0.8729269,
7316756,0.8740309,
7316758,0.8583144,
7316759,0.78822654,
7316765,0.86408466,
7316784,0.60469514,
7316785,0.76319,
7316786,0.7532029,
7316787,0.86816067,
7316793,0.873865,
7316794,0.8159227,
7316795,0.8265062,
7316796,0.8077738,
7316797,0.764649,
7316798,0.7993473,
7316799,0.83313084,
7316800,0.71764797,
7316801,0.89144355,
7316802,0.8349665,
7316803,0.5175166,
7316805,0.85054296,
7316982,0.90912503,
7316983,0.8082962,
7316984,0.87531304,
7316985,0.7484839,
7316986,0.74844575,
7316987,0.8246357,
7316988,0.4953167,
7316989,0.51756847,
7316990,0.72537774,
7316991,0.8559541,
7316992,0.7563227,
7316994,0.8321038,
7316995,0.74599975,
7316996,0.76517564,
7317003,0.85905737,
7317004,0.81779313,
7317417,0.6448669,
7317517,0.8560166,
7317518,0.89173454,
7317519,0.88117355,
7317520,0.6055684,
7317521,0.85064006,
7317522,0.8533822,
7317523,0.83754057,
7317524,0.7224209,
7317525,0.75852776,
7317526,0.88362116,
7317527,0.89088655,
7317528,0.87440175,
7317529,0.85349107,
7317530,0.8678547,
7317531,0.84500843,
7317532,0.8155745,
7317533,0.81517303,
7317534,0.79758245,
7317535,0.83198285,
7317536,0.8732845,
7317537,0.82738763,
7317538,0.88744473,
7317539,0.8470726,
7317540,0.89596623,
7317541,0.87505513,
7317542,0.84611714,
7317579,0.581839,
7317580,0.45996177,
7317581,0.5531571,
7317710,0.6891034,
7317711,0.73067284,
7317712,0.6756263,
7317713,0.7622373,
7317714,0.85526353,
7317715,0.82273734,
7317716,0.8413704,
7317717,0.7866254,
7317718,0.8957297,
7317719,0.7723326,
7317720,0.8465595,
7317721,0.7227145,
7317722,0.7957594,
7317723,0.87949395,
7317724,0.7375892,
7317725,0.8502521,
7317726,0.8928494,
7317727,0.8957341,
7317728,0.62870675,
7317729,0.663985,
7317730,0.66856563,
7317731,0.71020585,
7317732,0.759554,
7317733,0.7246829,
7317734,0.5685277,
7317735,0.64299023,
7317736,0.8684185,
7317737,0.6422426,
7317738,0.83386284,
7317739,0.7601478,
7317740,0.64679414,
7317741,0.8382472,
7317743,0.6659983,
7317744,0.8590833,
7317745,0.6415945,
7317746,0.7903439,
7317747,0.8035462,
7317748,0.7719309,
7317749,0.8581853,
7317750,0.7776571,
7317751,0.89055806,
7317752,0.81090635,
7317753,0.83643097,
7317754,0.82203054,
7317755,0.85979366,
7317756,0.7348449,
7317757,0.66233873,
7317760,0.71531683,
7317761,0.7238142,
7317762,0.84627396,
7317763,0.7642179,
7317764,0.7436508,
7317765,0.70537263,
7317766,0.87138295,
7317767,0.8507187,
7317768,0.7683901,
7317769,0.7957427,
7317770,0.8362328,
7317771,0.8786543,
7317772,0.8484231,
7317774,0.80046266,
7317775,0.8479126,
7317776,0.8721494,
7317777,0.893331,
7317778,0.8801584,
7317779,0.89915377,
7317780,0.78424054,
7317797,0.8452546,
7317798,0.8729327,
7317799,0.8419469,
7317800,0.70361006,
7317801,0.7538367,
7317802,0.78615385,
7317940,0.856975,
7317953,0.82768023,
7317954,0.7462894,
7317955,0.89409536,
7317956,0.6438837,
7317957,0.917211,
7317958,0.8831927,
7317959,0.9037594,
7317961,0.909298,
7317962,0.83181906,
7317963,0.87202394,
7317964,0.70196116,
7317965,0.851162,
7317966,0.77738595,
7317967,0.82075244,
7317968,0.8269988,
7317969,0.805036,
7317970,0.68596387,
7317971,0.66115814,
7317972,0.7701793,
7317973,0.78585374,
7317974,0.79401606,
7317975,0.87550354,
7317976,0.67127144,
7317977,0.86858106,
7317978,0.8473706,
7317979,0.8917246,
7317980,0.9330578,
7317981,0.8303838,
7317982,0.7478756,
7317983,0.9094378,
7317984,0.8367486,
7317985,0.8370252,
7317986,0.8850287,
7317987,0.80342376,
7317988,0.5667108,
7317989,0.7724534,
7317990,0.6395078,
7317991,0.829926,
7317992,0.85812414,
7317993,0.711624,
7317994,0.7528676,
7317996,0.87368786,
7317999,0.7547464,
7318000,0.7398974,
7318005,0.7671149,
7318008,0.81880784,
7318009,0.73290956,
7318011,0.8349879,
7318012,0.8331194,
7318150,0.82941544,
7318425,0.794924,
7318426,0.7551294,
7318427,0.8440165,
7318428,0.8534016,
7318429,0.9021495,
7318430,0.8256436,
7318431,0.62257606,
7318432,0.85900337,
7318433,0.8499958,
7318434,0.78069293,
7318435,0.904782,
7318436,0.77745605,
7318439,0.6532664,
7318536,0.7743586,
7318609,0.7079004,
7318704,0.525353,
7318709,0.75388086,
7318710,0.8410622,
7318711,0.8857111,
7318712,0.85125864,
7318713,0.86357194,
7318716,0.72941154,
7318717,0.72896415,
7318720,0.7403438,
7318723,0.74560493,
7318724,0.7482285,
7318725,0.66632897,
7318726,0.8106171,
7318727,0.8050324,
7318728,0.79764473,
7318729,0.81006145,
7318730,0.7858155,
7318731,0.8254542,
7318732,0.68547326,
7318734,0.7492721,
7318735,0.7801201,
7318736,0.8137405,
7318738,0.79580957,
7318743,0.76034987,
7318744,0.6882433,
7318745,0.8370312,
7318749,0.86561453,
7318751,0.8370993,
7318755,0.83028054,
7318756,0.7555668,
7318759,0.8474036,
7318760,0.83880913,
7318761,0.8211873,
7318765,0.8466999,
7318771,0.81204337,
7318775,0.7550486,
7318776,0.77993536,
7318777,0.7777455,
7318784,0.8060592,
7318787,0.6851195,
7318788,0.7266974,
7318789,0.69492126,
7318796,0.8824834,
7318797,0.9044056,
7318799,0.8998462,
7318804,0.88165504,
7318805,0.894542,
7318806,0.9250309,
7318810,0.8236423,
7318811,0.8629074,
7318812,0.909652,
7318813,0.89696604,
7318814,0.915864,
7318816,0.9061984,
7318817,0.6621686,
7318818,0.7441394,
7318819,0.9029867,
7318820,0.87589,
7318821,0.88532525,
7318835,0.8818469,
7318840,0.7733134,
7318841,0.7803908,
7318842,0.8509617,
7318843,0.7783305,
7318844,0.7814576,
7318848,0.7447668,
7318849,0.67627656,
7318971,0.88769716,
7318972,0.8848444,
7318973,0.9026331,
7318974,0.8868586,
7318975,0.8845685,
7318976,0.87938637,
7318977,0.8851112,
7318978,0.91570246,
7318979,0.9003895,
7318980,0.8815828,
7318981,0.90355587,
7318984,0.9209899,
7318985,0.90749466,
7319337,0.54912347,
7319417,0.76242554,
7319418,0.70949817,
7319436,0.9042104,
7319437,0.81257695,
7319438,0.9140806,
7319439,0.9328421,
7319440,0.94773304,
7319441,0.83402145,
7319442,0.8504381,
7319443,0.91610473,
7319444,0.8697419,
7319445,0.75231594,
7319446,0.6501464,
7319448,0.76868975,
7319449,0.8835556,
7319450,0.8274345,
7319451,0.74863136,
7319452,0.80423963,
7319453,0.81434184,
7319454,0.7870952,
7319455,0.8831792,
7319457,0.8588492,
7319458,0.87261385,
7319459,0.9072558,
7319460,0.7554477,
7319461,0.8130677,
7319463,0.80968153,
7319877,0.53038496,
7319878,0.6786153,
7319879,0.5589729,
7319880,0.6358769,
7319881,0.87866664,
7319882,0.90103406,
7319883,0.8740549,
7319884,0.9000184,
7319886,0.8880917,
7319887,0.88766825,
7319888,0.882083,
7319889,0.9302822,
7319890,0.87495553,
7319891,0.92082185,
7319892,0.6838948,
7319893,0.67641,
7319894,0.8170987,
7319895,0.80618477,
7319896,0.7828837,
7319897,0.82725626,
7319961,0.8732375,
7320133,0.85296863,
7320134,0.7962359,
7320135,0.7936237,
7320136,0.7861303,
7320137,0.8330418,
7320138,0.65926963,
7320139,0.7268473,
7320140,0.6988521,
7320155,0.6891402,
7320156,0.6649937,
7320157,0.7887802,
7320158,0.684837,
7320331,0.86511284,
7320332,0.8647847,
7320333,0.8848207,
7320334,0.8368772,
7320335,0.84148926,
7320336,0.809654,
7320337,0.78916293,
7320338,0.78705204,
7320339,0.653639,
7320340,0.6489893,
7320341,0.64817834,
7320342,0.6599802,
7320343,0.715935,
7320344,0.735275,
7320345,0.7656784,
7320346,0.74572366,
7320347,0.69350183,
7320348,0.73694825,
7320349,0.8137308,
7320350,0.7898944,
7320351,0.78621465,
7320352,0.7062116,
7320353,0.6152662,
7320354,0.73281467,
7320355,0.771992,
7320356,0.79506326,
7320357,0.6975167,
7320358,0.8374465,
7320359,0.6881915,
7320360,0.7073425,
7320361,0.6737049,
7320362,0.7838422,
7320363,0.760982,
7320364,0.64422417,
7320365,0.90235347,
7320366,0.86061513,
7320367,0.675721,
7320368,0.7042466,
7320369,0.77720964,
7320370,0.7013623,
7320371,0.86417884,
7320372,0.75411654,
7320373,0.7751791,
7320374,0.73975587,
7320375,0.5977732,
7320376,0.6329137,
7320377,0.86300516,
7320378,0.68439174,
7320379,0.6746927,
7320380,0.6425884,
7320381,0.79790884,
7320382,0.8017547,
7320383,0.755973,
7320385,0.8675542,
7320387,0.7275984,
7321002,0.75284594,
7321003,0.6759022,
7321004,0.82535046,
7321005,0.7499543,
7321006,0.78484756,
7321010,0.6990901,
7321011,0.79768157,
7321013,0.8004116,
7321015,0.7859747,
7321019,0.7924355,
7321020,0.77875906,
7321023,0.7937834,
7321024,0.8026392,
7321034,0.5289697,
7321036,0.51708513,
7321038,0.6679538,
7321039,0.7508703,
7321040,0.76335233,
7321044,0.71835595,
7321046,0.5915335,
7321047,0.6109559,
7321049,0.702814,
7321116,0.72110397,
7321117,0.79823184,
7321118,0.7467069,
7321123,0.8398925,
7321167,0.8137774,
7321192,0.80353904,
7321193,0.7873397,
7321195,0.50021136,
7321196,0.59508204,
7321197,0.8655792,
7321198,0.78571135,
7321199,0.76456904,
7321200,0.8554403,
7321201,0.7859128,
7321202,0.85461074,
7321203,0.9095704,
7321204,0.8108853,
7321205,0.78620523,
7321206,0.68313116,
7321207,0.8254184,
7321208,0.7702673,
7321209,0.6673824,
7321210,0.8335581,
7321211,0.8963431,
7321212,0.909678,
7321213,0.9071055,
7321214,0.91313654,
7321215,0.9033975,
7321216,0.8590103,
7321217,0.8733256,
7321218,0.8743587,
7321219,0.8216479,
7321220,0.8634886,
7321221,0.8388378,
7321222,0.8655446,
7321223,0.87200165,
7321228,0.8650884,
7321229,0.8920226,
7321231,0.8336897,
7321232,0.7870378,
7321233,0.7668312,
7321234,0.7845356,
7321235,0.7480766,
7321236,0.7397836,
7321242,0.84480727,
7321243,0.87361634,
7321244,0.81928355,
7321246,0.9168518,
7321247,0.92549306,
7321248,0.9096395,
7321250,0.8191167,
7321251,0.89962286,
7321252,0.8521317,
7321254,0.800478,
7321255,0.8150104,
7321256,0.916758,
7321257,0.7991628,
7321258,0.9140256,
7321259,0.6967474,
7321260,0.687676,
7321261,0.7897237,
7321262,0.75197685,
7321263,0.68568873,
7321264,0.70342016,
7321265,0.7265443,
7321266,0.6757313,
7321268,0.8288062,
7321269,0.76077217,
7321270,0.7635541,
7321272,0.7749458,
7321274,0.8274556,
7321275,0.8662534,
7321276,0.88091785,
7321277,0.8777421,
7321278,0.8716886,
7321279,0.8650667,
7321280,0.91608125,
7321281,0.9040658,
7321282,0.9023133,
7321283,0.87513024,
7321284,0.89274055,
7321285,0.8844605,
7321286,0.73112255,
7321287,0.9013716,
7321288,0.8012842,
7321289,0.85504043,
7321290,0.88039464,
7321291,0.77835804,
7321292,0.87397534,
7321293,0.80248964,
7321294,0.7150461,
7321295,0.85342336,
7321296,0.84590393,
7321307,0.8928814,
7321308,0.84296405,
7321309,0.80034333,
7321310,0.8718924,
7321725,0.872043,
7321726,0.48435357,
7321727,0.6589084,
7321728,0.70714045,
7321729,0.7281673,
7321730,0.69828033,
7321731,0.795863,
7321732,0.8125049,
7321733,0.7854176,
7321734,0.6903126,
7321735,0.8519378,
7321736,0.7039085,
7321737,0.78704536,
7321738,0.88302565,
7321740,0.77286994,
7321741,0.59028894,
7321743,0.77189004,
7321744,0.80097294,
7321745,0.72476125,
7321746,0.7485464,
7321748,0.77133256,
7321749,0.76945823,
7321754,0.82435113,
7321755,0.81426245,
7321762,0.6751691,
7322427,0.8713294,
7322428,0.6876484,
7322429,0.7796193,
7322430,0.7479496,
7322480,0.68689984,
7322481,0.8340739,
7322482,0.7689248,
7322486,0.836534,
7322487,0.8696332,
7322488,0.8491289,
7322489,0.72083,
7322490,0.80401105,
7322491,0.8663104,
7322492,0.7185529,
7322493,0.6966137,
7322494,0.83561003,
7322495,0.8043434,
7322496,0.8420521,
7322497,0.8607347,
7322498,0.81646043,
7322499,0.8297083,
7322500,0.7727645,
7322501,0.7029264,
7322502,0.73435503,
7322503,0.7810882,
7322504,0.7651725,
7322505,0.7796306,
7322506,0.7094403,
7322507,0.7125483,
7322508,0.7203864,
7322509,0.7920701,
7322510,0.80854183,
7322512,0.7281697,
7322513,0.8484798,
7322514,0.86658907,
7322515,0.90169036,
7322516,0.8978313,
7322517,0.89327353,
7322518,0.9066992,
7322519,0.8128864,
7322520,0.8622542,
7322521,0.8798961,
7322834,0.7250834,
7322835,0.85679275,
7322836,0.8043755,
7322837,0.8276954,
7322838,0.87276495,
7322839,0.854573,
7322850,0.8378969,
7322854,0.8176811,
7322855,0.6603636,
7322858,0.8713165,
7322859,0.81641066,
7322860,0.8489909,
7322861,0.79323715,
7322863,0.8915221,
7322867,0.77107406,
7322877,0.7455618,
7322879,0.8098809,
7322880,0.92499894,
7323165,0.76025844,
7323166,0.65198004,
7323167,0.57958573,
7323175,0.80285066,
7323179,0.767316,
7323215,0.7591442,
7323216,0.6944927,
7323217,0.65204775,
7323226,0.7606709,
7323231,0.5906902,
7323263,0.8412869,
7323315,0.78334975,
7323318,0.68756306,
7323335,0.59728444,
7323336,0.5726821,
7323339,0.74804753,
7323341,0.7465142,
7323347,0.74516183,
7323354,0.9193014,
7323383,0.9061509,
7323384,0.74965906,
7323387,0.7786097,
7323389,0.8363534,
7323399,0.7883574,
7323415,0.8024328,
7323418,0.6212782,
7323419,0.64073,
7323500,0.650706,
7323521,0.5894429,
7323545,0.8747534,
7323546,0.76523507,
7323683,0.72197765,
7323684,0.7245544,
7323685,0.82966894,
7323686,0.7573279,
7323687,0.6976358,
7323688,0.8039475,
7323689,0.8352849,
7323690,0.8560851,
7323691,0.84529746,
7323692,0.8685864,
7323693,0.90084964,
7323694,0.9141458,
7323695,0.9210708,
7323696,0.91440773,
7323697,0.93347573,
7323698,0.8811458,
7323699,0.88048995,
7323700,0.86167765,
7323701,0.8913928,
7323702,0.8856725,
7323703,0.90069175,
7323704,0.9003421,
7323705,0.8586021,
7323706,0.86092013,
7323707,0.9039265,
7323708,0.908107,
7323709,0.9220789,
7323710,0.90511495,
7323711,0.9016826,
7323712,0.8929409,
7323713,0.90894765,
7323714,0.88669145,
7323715,0.89916945,
7323716,0.89933586,
7323717,0.8883354,
7323718,0.86516535,
7323721,0.72989434,
7323730,0.7230047,
7323731,0.83149296,
7323734,0.7403401,
7323735,0.7278999,
7323736,0.79103875,
7323739,0.7871797,
7323742,0.6766475,
7323743,0.4665342,
7323745,0.36323968,
7323749,0.39400908,
7323750,0.47544035,
7323751,0.4578972,
7323752,0.44077465,
7323754,0.719414,
7323755,0.65852284,
7323855,0.80068195,
7323856,0.7890068,
7323857,0.7503675,
7323858,0.76748574,
7323947,0.2856218,
7323948,0.29409817,
7323949,0.25421447,
7323950,0.312936,
7323951,0.30999666,
7323952,0.379779,
7323953,0.26280138,
7323954,0.3081858,
7323955,0.29904282,
7323956,0.28459907,
7323958,0.31445026,
7323959,0.41321653,
7323960,0.40497953,
7323961,0.48869613,
7323962,0.43134847,
7323963,0.24542056,
7323964,0.27366513,
7323965,0.6313159,
7324026,0.5333133,
7324028,0.89150316,
7324029,0.81052357,
7324030,0.8357612,
7324037,0.7595293,
7324038,0.7820433,
7324040,0.7077516,
7324071,0.6479995,
7324072,0.36448896,
7324073,0.3097987,
7324074,0.29092145,
7324075,0.28306133,
7324076,0.25673163,
7324077,0.24502635,
7324078,0.2390165,
7324079,0.400299,
7324080,0.2824412,
7324081,0.24885857,
7324082,0.2511633,
7324083,0.36522853,
7324084,0.3228136,
7324085,0.32778355,
7324086,0.28054366,
7324087,0.29724264,
7324088,0.27387175,
7324089,0.25133532,
7324090,0.30116826,
7324091,0.3173873,
7324093,0.29716864,
7324094,0.35858664,
7324095,0.38891038,
7324096,0.31904158,
7324097,0.2655522,
7324098,0.17828716,
7324099,0.24864295,
7324100,0.26534826,
7324101,0.26109773,
7324102,0.28803715,
7324103,0.28864416,
7324104,0.23692241,
7324105,0.30487156,
7324106,0.24467354,
7324107,0.2879546,
7324108,0.32173562,
7324109,0.30767938,
7324110,0.23544566,
7324111,0.334578,
7324112,0.36215135,
7324113,0.2756696,
7324114,0.28967753,
7324115,0.28306478,
7324116,0.24134615,
7324117,0.274495,
7324118,0.22932018,
7324119,0.29864228,
7324120,0.30051956,
7324121,0.29039875,
7324122,0.29692277,
7324123,0.26911744,
7324124,0.2790758,
7324125,0.24720207,
7324126,0.19814551,
7324127,0.3260573,
7324128,0.34038392,
7324129,0.3477877,
7324130,0.28056377,
7324131,0.21541359,
7324132,0.26450282,
7324133,0.272242,
7324134,0.26450402,
7324135,0.306779,
7324136,0.2398958,
7324137,0.3186313,
7324138,0.27185228,
7324139,0.28741935,
7324140,0.30492654,
7324141,0.3071112,
7324142,0.34619302,
7324143,0.33400607,
7324144,0.3245965,
7324145,0.26587757,
7324146,0.21563733,
7324147,0.2858152,
7324196,0.4309519,
7324197,0.28415486,
7324198,0.30689505,
7324199,0.2787536,
7324200,0.28296614,
7324201,0.23565474,
7324202,0.25172484,
7324203,0.24293359,
7324204,0.2967342,
7324205,0.21036646,
7324206,0.23801632,
7324207,0.251811,
7324208,0.2936648,
7324209,0.2841749,
7324210,0.24551237,
7324211,0.2394087,
7324212,0.27241215,
7324213,0.25451413,
7324214,0.24120629,
7324215,0.23314708,
7324216,0.26419082,
7324217,0.19981495,
7324218,0.22527741,
7324219,0.2052739,
7324220,0.25185734,
7324221,0.26947847,
7324222,0.22969736,
7324223,0.16558494,
7324224,0.18698624,
7324225,0.4419085,
7324226,0.3149362,
7324230,0.26049334,
7324231,0.27672043,
7324337,0.83133733,
7324510,0.79497623,
7324511,0.8253758,
7324512,0.7605222,
7324513,0.82712525,
7324526,0.68585986,
7324527,0.8150088,
7324528,0.7780072,
7324529,0.6736412,
7324531,0.8066178,
7324532,0.7989921,
7324533,0.6907885,
7324534,0.77686805,
7324535,0.52908456,
7324536,0.6199528,
7324537,0.5640315,
7324538,0.64730006,
7324539,0.8182914,
7324540,0.834173,
7324541,0.7877711,
7324542,0.84471476,
7324558,0.7548099,
7324559,0.751025,
7324560,0.7208737,
7324561,0.805858,
7324562,0.7712922,
7324568,0.68649083,
7324569,0.69993347,
7324570,0.6282149,
7324571,0.76763594,
7324811,0.8241876,
7324812,0.66301674,
7324813,0.65818626,
7324814,0.78834546,
7324815,0.7125345,
7324819,0.7897611,
7324904,0.80676544,
7324905,0.8834306,
7324907,0.8889939,
7324912,0.6109087,
7324913,0.66489357,
7324915,0.68565357,
7324916,0.578878,
7324917,0.6605869,
7324918,0.6584255,
7324919,0.6733759,
7324920,0.82479954,
7324921,0.8083795,
7324922,0.78738827,
7324923,0.9177142,
7324925,0.6141076,
7324926,0.6614874,
7324928,0.5831658,
7324929,0.5599681,
7324930,0.7107481,
7324931,0.70103294,
7324935,0.83069634,
7324936,0.76319635,
7324937,0.85802615,
7324938,0.8313071,
7324939,0.79430205,
7324940,0.9118063,
7324941,0.77110684,
7324942,0.7766908,
7324943,0.91263056,
7324944,0.8648936,
7324945,0.9359983,
7324946,0.75730246,
7324948,0.7823132,
7324950,0.8481155,
7324951,0.87034094,
7324952,0.83023834,
7324953,0.8217635,
7324954,0.8653019,
7324955,0.8778634,
7324956,0.8871287,
7324957,0.8061399,
7324958,0.8845917,
7324959,0.7407931,
7324960,0.7892143,
7324961,0.4933736,
7324962,0.7635943,
7324964,0.7032492,
7324965,0.81215554,
7324966,0.79630643,
7324967,0.69429296,
7324968,0.8165545,
7324979,0.7904041,
7324980,0.90012705,
7324981,0.8551585,
7324982,0.87291485,
7324983,0.8537153,
7324984,0.9020309,
7324985,0.860664,
7324986,0.85218275,
7324987,0.8478955,
7324988,0.85280484,
7324989,0.69224596,
7325012,0.7715094,
7325015,0.7087952,
7325016,0.7083816,
7325020,0.6197905,
7325022,0.5711297,
7325025,0.6953787,
7325028,0.7653346,
7325029,0.7844271,
7325550,0.7205895,
7325552,0.8315463,
7325553,0.8309828,
7325554,0.7624906,
7325555,0.7551231,
7325557,0.7196287,
7325559,0.6525694,
7325563,0.56731343,
7325637,0.79169613,
7325638,0.8241766,
7325639,0.76959187,
7325640,0.76715034,
7325641,0.7791548,
7325642,0.79090506,
7325698,0.81463015,
7325946,0.802345,
7325947,0.7098068,
7325948,0.7993874,
7325949,0.8084122,
7326022,0.34005627,
7326023,0.36689663,
7326024,0.27470154,
7326025,0.24823198,
7326026,0.31080276,
7326027,0.2845464,
7326028,0.31403312,
7326029,0.26279086,
7326030,0.30831757,
7326031,0.3069395,
7326032,0.30251122,
7326033,0.28360415,
7326087,0.40792504,
7326096,0.15065181,
7326372,0.7800432,
7326396,0.7369038,
7326398,0.6973607,
7326553,0.61064005,
7326557,0.6477386,
7326559,0.75136226,
7326610,0.5988773,
7326611,0.75668716,
7326612,0.67186695,
7326617,0.8622529,
7326618,0.7737214,
7326619,0.77548844,
7326645,0.5509013,
7326646,0.55444,
7326647,0.54292536,
7326657,0.527947,
7326658,0.7494206,
7326659,0.6005803,
7326660,0.4433912,
7326662,0.7918088,
7326664,0.5410473,
7326665,0.8075705,
7326667,0.65641105,
7326669,0.7224357,
7326671,0.8600652,
7326672,0.8832172,
7326673,0.8340861,
7326675,0.733009,
7326676,0.7550642,
7326679,0.8725928,
7326680,0.8551893,
7326681,0.7664145,
7326686,0.7141711,
7326690,0.88343364,
7326691,0.891943,
7326694,0.73470783,
7326695,0.7564372,
7326697,0.76486075,
7326698,0.7856374,
7327158,0.333474,
7327159,0.25503075,
7327160,0.29134056,
7327161,0.28198117,
7327162,0.21305189,
7327163,0.29866853,
7327164,0.28068915,
7327165,0.26242995,
7327166,0.22285938,
7327167,0.27843577,
7327168,0.26047456,
7327169,0.31984508,
7327170,0.27887648,
7327440,0.85127115,
7327441,0.81547016,
7327442,0.79548264,
7327443,0.6821216,
7327444,0.70792943,
7327445,0.80887854,
7327446,0.7871791,
7327447,0.7407759,
7327448,0.66665196,
7327449,0.7914759,
7327450,0.7337188,
7327451,0.66948867,
7327462,0.73494226,
7327463,0.7948888,
7327465,0.78496814,
7327466,0.80643624,
7327467,0.6508348,
7327468,0.79842323,
7327470,0.64963555,
7327471,0.7901073,
7327472,0.68857014,
7327473,0.767585,
7327475,0.74363875,
7327477,0.66789013,
7327478,0.79537356,
7327479,0.78981805,
7327480,0.8542702,
7327481,0.80880266,
7327482,0.81009614,
7327483,0.7114479,
7327484,0.6937922,
7327485,0.43450078,
7327486,0.81781095,
7327487,0.6339472,
7327488,0.79561925,
7327489,0.7629599,
7327490,0.7788729,
7327491,0.745911,
7327492,0.73861545,
7327493,0.8932711,
7327494,0.72495455,
7327495,0.910931,
7327496,0.5311308,
7327497,0.87842995,
7327498,0.6101822,
7327499,0.6355987,
7327500,0.7273635,
7327501,0.6848205,
7327502,0.30815277,
7327503,0.66920274,
7327505,0.85936654,
7327506,0.8471092,
7327507,0.55554783,
7327508,0.81256574,
7327509,0.79958713,
7327510,0.70859754,
7327511,0.49152446,
7327564,0.5773666,
7327565,0.7514601,
7327567,0.75506467,
7327582,0.88841045,
7327583,0.39835593,
7327585,0.774359,
7327586,0.80632806,
7327587,0.83188707,
7327588,0.60202396,
7327590,0.62698674,
7327591,0.76652217,
7327592,0.7119507,
7327593,0.69774663,
7327594,0.7491134,
7327595,0.84577066,
7327596,0.60006386,
7327597,0.7266169,
7327598,0.7799978,
7327599,0.78659546,
7327600,0.7440959,
7327601,0.7858342,
7327602,0.73127204,
7327604,0.83393204,
7327605,0.85879016,
7327606,0.821055,
7327607,0.8703207,
7327608,0.73067474,
7327609,0.8959314,
7327610,0.70706505,
7327611,0.76606584,
7327612,0.8393688,
7327613,0.8515846,
7327614,0.75601536,
7327615,0.79438347,
7327617,0.69115686,
7327618,0.83905065,
7327620,0.78434443,
7327622,0.79659694,
7327722,0.69855994,
7327723,0.6055455,
7328058,0.8756043,
7328061,0.7968515,
7328062,0.79728353,
7328063,0.8123431,
7328064,0.7046129,
7328066,0.5550724,
7328067,0.6088489,
7328068,0.8188955,
7328069,0.7730835,
7328070,0.89810026,
7328071,0.69065315,
7328072,0.8547645,
7328073,0.84821326,
7328074,0.7999839,
7328075,0.774491,
7328077,0.7129388,
7328078,0.77074194,
7328079,0.76942796,
7328081,0.85864383,
7328082,0.8326979,
7328083,0.78654385,
7328084,0.7673411,
7328085,0.5803134,
7328086,0.8305323,
7328087,0.87013495,
7328088,0.7508296,
7328089,0.71387607,
7328090,0.56894433,
7328091,0.7929834,
7328092,0.7452715,
7328094,0.8094106,
7328095,0.80082583,
7328096,0.795557,
7328154,0.7873481,
7328155,0.8012687,
7328156,0.8944487,
7328157,0.9156945,
7328159,0.86087245,
7328167,0.80384886,
7328168,0.88666236,
7328226,0.63012075,
7328428,0.5097705,
7328429,0.62521386,
7328430,0.72625136,
7328431,0.6814279,
7328588,0.6322093,
7328812,0.6588178,
7328814,0.715699,
7328817,0.7641017,
7328818,0.82196236,
7328845,0.7918792,
7328847,0.7870442,
7329221,0.6841778,
7329222,0.59066445,
7329228,0.8934763,
7329229,0.8664046,
7329232,0.8357415,
7329233,0.85314053,
7329235,0.87362605,
7329236,0.845853,
7329430,0.6222529,
7329431,0.6853971,
7329475,0.7145479,
7329585,0.5275802,
7329586,0.4763515,
7329632,0.6704405,
7329749,0.8708174,
7329878,0.5234638,
7329879,0.8289856,
7329880,0.7153592,
7329881,0.63617176,
7329882,0.7913866,
7329883,0.64572215,
7329884,0.67053694,
7329886,0.7271122,
7329888,0.81616414,
7329889,0.57598794,
7330195,0.79486996,
7330201,0.79921776,
7330202,0.76559985,
7330204,0.7953954,
7330205,0.82717204,
7330249,0.81925195,
7330251,0.86331564,
7330544,0.7474702,
7330646,0.5815606,
7330706,0.8418628,
7330707,0.9013574,
7330722,0.9072217,
7330723,0.4552137,
7330735,0.6925261,
7330736,0.91471756,
7330737,0.7730763,
7330738,0.7818574,
7330777,0.7698051,
7330778,0.7883371,
7330780,0.65360326,
7330781,0.66794306,
7330783,0.79462665,
7330784,0.9025568,
7330787,0.84029865,
7330788,0.80630434,
7330790,0.8053896,
7330791,0.5047952,
7330793,0.6991731,
7330794,0.6532844,
7330795,0.5762446,
7330796,0.7850256,
7330797,0.75436246,
7330798,0.5782223,
7330802,0.719484,
7330803,0.7044193,
7330804,0.8437348,
7330805,0.817985,
7330806,0.86328727,
7330808,0.5083797,
7330809,0.51626045,
7330810,0.51124257,
7330812,0.64504397,
7330845,0.84343374,
7330846,0.82125694,
7330847,0.8842336,
7330848,0.8657667,
7331039,0.92936456,
7331040,0.8993647,
7331429,0.6903284,
7331479,0.79818803,
7331480,0.83782005,
7331481,0.8000335,
7331990,0.8014309,
7332063,0.7347217,
7332065,0.7637643,
7332066,0.7545964,
7332067,0.7178576,
7332069,0.7332729,
7332070,0.8102567,
7332071,0.859629,
7332072,0.7876666,
7332160,0.5910065,
7332161,0.70384353,
7332162,0.7895232,
7332163,0.8092475,
7332167,0.605679,
7332168,0.77813673,
7332169,0.71262074,
7332170,0.8345256,
7332171,0.689437,
7332172,0.6566114,
7332173,0.7452527,
7332174,0.75725776,
7332175,0.6552401,
7332176,0.85599095,
7332177,0.7152826,
7332178,0.7119473,
7332179,0.7433212,
7332180,0.7476304,
7332181,0.6302893,
7332182,0.5267798,
7332183,0.6415685,
7332184,0.67024547,
7332185,0.6220593,
7332186,0.77642536,
7332187,0.750496,
7332196,0.54926,
7332197,0.6032561,
7332198,0.86305696,
7332199,0.6444758,
7332217,0.7935576,
7332293,0.81919897,
7332294,0.8674613,
7332295,0.84213495,
7332296,0.84910554,
7332297,0.83291274,
7332299,0.866464,
7332300,0.8106546,
7332302,0.7390427,
7332304,0.69485956,
7332306,0.6593419,
7332307,0.7352794,
7332308,0.6523508,
7332309,0.732478,
7332312,0.9081052,
7332313,0.8965207,
7332314,0.89877623,
7332315,0.7974805,
7332316,0.86332446,
7332317,0.72959375,
7332318,0.768845,
7332319,0.5714454,
7332320,0.5684207,
7332321,0.8068935,
7332322,0.63177973,
7332323,0.6898409,
7332324,0.70669746,
7332325,0.708861,
7332326,0.6747105,
7332327,0.6291865,
7332329,0.6631913,
7332331,0.71507055,
7332381,0.7635662,
7332383,0.5068643,
7332384,0.4867674,
7332388,0.8327776,
7332393,0.77375007,
7332414,0.79842806,
7332802,0.6233792,
7332803,0.80647564,
7332821,0.6642644,
7332822,0.8304438,
7332823,0.7717115,
7333361,0.8440208,
7333362,0.8522689,
7333363,0.8490045,
7333386,0.7831155,
7333387,0.89284796,
7333776,0.91030216,
7333794,0.92784935,
7333829,0.85222083,
7333830,0.9217275,
7333843,0.79205567,
7333844,0.91719496,
7333846,0.9362477,
7333847,0.8950754,
7333849,0.91115,
7333850,0.8393594,
7333851,0.84112024,
7333852,0.9183856,
7333853,0.90518904,
7333854,0.8925299,
7333855,0.90810525,
7333856,0.8804399,
7333857,0.8678997,
7333858,0.86037534,
7333859,0.9131993,
7333860,0.8630455,
7333862,0.8191741,
7333863,0.92112553,
7333864,0.8827294,
7333865,0.878014,
7333866,0.6577344,
7333867,0.8600463,
7333868,0.86929935,
7333869,0.9180878,
7333870,0.8649306,
7333871,0.78611356,
7333872,0.78717816,
7333873,0.7969553,
7333874,0.9211193,
7333875,0.87648255,
7333876,0.82172716,
7333877,0.8935655,
7333878,0.8882797,
7333879,0.8880768,
7333880,0.8943032,
7333881,0.79452276,
7333882,0.8824248,
7333883,0.8218255,
7333884,0.90043575,
7333885,0.8926393,
7333886,0.8624059,
7333894,0.91063553,
7333895,0.8538401,
7333896,0.9029521,
7333924,0.8304655,
7333925,0.86988485,
7333949,0.77921134,
7333950,0.8198683,
7333951,0.7765209,
7333952,0.8064046,
7333953,0.8152755,
7333954,0.7921039,
7333955,0.6682669,
7333956,0.5062744,
7333957,0.6807692,
7334005,0.8401717,
7334006,0.7904193,
7334007,0.72401744,
7334008,0.6852227,
7334009,0.72417086,
7334010,0.77485126,
7334011,0.81507206,
7334012,0.7777942,
7334013,0.71716046,
7334015,0.76566565,
7334016,0.8203719,
7334017,0.81107473,
7334018,0.577555,
7334020,0.6389095,
7334022,0.76843697,
7334023,0.874353,
7334024,0.86436665,
7334025,0.81813073,
7334026,0.7585024,
7334027,0.62086505,
7334028,0.81499195,
7334029,0.81629616,
7334031,0.8163868,
7334032,0.7672449,
7334033,0.83435386,
7334041,0.88265043,
7334043,0.90339965,
7334200,0.36795136,
7334577,0.68713367,
7334578,0.6001031,
7334579,0.6756534,
7334580,0.8188481,
7334581,0.6480791,
7334582,0.6376731,
7334583,0.6369384,
7334584,0.5711835,
7334585,0.71194196,
7334586,0.67568636,
7334587,0.8666233,
7334588,0.6987683,
7334589,0.8623978,
7334590,0.7023407,
7334591,0.7544479,
7334592,0.7931081,
7334593,0.7574928,
7334594,0.7351138,
7334595,0.82040805,
7334596,0.830018,
7334597,0.67560834,
7334598,0.7599822,
7334599,0.7591291,
7334600,0.8364751,
7334601,0.7659109,
7334602,0.7595248,
7334603,0.7417724,
7334604,0.7410584,
7334605,0.743735,
7334606,0.7151395,
7334607,0.54922706,
7334608,0.7206253,
7334609,0.6832872,
7334610,0.63064706,
7334612,0.662954,
7334613,0.7327619,
7334614,0.6903625,
7334615,0.80383193,
7334616,0.8606114,
7334617,0.68761045,
7334618,0.85430175,
7334632,0.5005127,
7334633,0.54570526,
7334634,0.7326082,
7334635,0.7478543,
7334636,0.78526634,
7334637,0.82987666,
7334638,0.41497624,
7334639,0.733891,
7334640,0.7634175,
7334641,0.8129643,
7334642,0.81489015,
7334643,0.7539094,
7334644,0.91987336,
7334646,0.8346381,
7334647,0.53880626,
7334648,0.8858661,
7334649,0.7953881,
7334650,0.8291381,
7334652,0.70207715,
7334653,0.8513706,
7334654,0.8328185,
7334655,0.8504806,
7334656,0.5704222,
7334657,0.7045852,
7334658,0.52513343,
7334659,0.7613898,
7334660,0.5895638,
7334661,0.68074137,
7334662,0.62009835,
7334663,0.6756957,
7334664,0.80868405,
7334665,0.90360624,
7334666,0.5936796,
7334667,0.87907714,
7334668,0.860299,
7334721,0.49498126,
7334722,0.629783,
7334723,0.5399313,
7334724,0.54236764,
7334725,0.53858995,
7334726,0.52478755,
7334727,0.44029257,
7334728,0.7090052,
7334729,0.6957262,
7334730,0.56614447,
7334731,0.51791525,
7334732,0.5825839,
7334733,0.84041005,
7334734,0.7511621,
7334735,0.7928888,
7334736,0.8103261,
7334737,0.8045347,
7334738,0.7204839,
7334739,0.80266464,
7334740,0.7868507,
7334741,0.55036265,
7334742,0.6031204,
7334743,0.6266783,
7334744,0.5022365,
7334745,0.6425692,
7334746,0.83250725,
7334749,0.8384906,
7334750,0.72172713,
7334751,0.84219056,
7334752,0.5639759,
7334753,0.7596298,
7334754,0.8571069,
7334755,0.8387418,
7334756,0.6562819,
7334757,0.8261655,
7334758,0.8049183,
7334759,0.5940163,
7334760,0.8152831,
7334761,0.79648036,
7334762,0.8222539,
7334763,0.60199213,
7334765,0.5316574,
7334766,0.63292205,
7334772,0.7344461,
7334827,0.6458761,
7334828,0.73856956,
7334829,0.66330594,
7334830,0.6196364,
7334831,0.82171386,
7334832,0.85422444,
7334833,0.7122959,
7334834,0.8533426,
7334835,0.81857663,
7334836,0.66673255,
7334837,0.7995631,
7334838,0.68869025,
7334839,0.7709738,
7334840,0.66483176,
7334841,0.8315097,
7334842,0.5315836,
7334843,0.54336303,
7334844,0.7235416,
7334845,0.6220006,
7334847,0.4770596,
7334848,0.5126514,
7334849,0.89165044,
7334850,0.83332294,
7334851,0.7792366,
7334852,0.8035285,
7334853,0.6131814,
7334854,0.8335383,
7334855,0.69646484,
7334888,0.38753903,
7334889,0.6384729,
7334890,0.57727623,
7334891,0.5673748,
7334893,0.69757557,
7334894,0.6374633,
7334895,0.7694723,
7334896,0.55209756,
7334897,0.6127221,
7334898,0.64942205,
7334899,0.54850215,
7334900,0.5203744,
7334901,0.54680127,
7334902,0.53770196,
7334903,0.6567922,
7334904,0.51782686,
7334905,0.6577701,
7334907,0.6916405,
7334908,0.7390458,
7334909,0.8394778,
7334910,0.571295,
7334911,0.80482936,
7334912,0.68941456,
7334913,0.87923723,
7334915,0.82743406,
7334916,0.70722777,
7334917,0.69278485,
7334918,0.6645642,
7334919,0.68221164,
7334923,0.64935017,
7334925,0.71305,
7334926,0.70566547,
7334927,0.8109425,
7334950,0.6475465,
7334951,0.72471756,
7334952,0.6848041,
7334953,0.71074057,
7334954,0.7540078,
7334955,0.7972323,
7334956,0.5410062,
7334957,0.6163332,
7334958,0.78433675,
7334959,0.8503022,
7334960,0.80666804,
7334961,0.773364,
7334962,0.81862175,
7334963,0.7597758,
7334964,0.8095287,
7334965,0.80951333,
7334966,0.8192926,
7334967,0.8492135,
7335049,0.52377385,
7335351,0.62587446,
7335385,0.74867195,
7335386,0.86800396,
7335387,0.79033613,
7335389,0.70410544,
7335460,0.7361115,
7335461,0.71301603,
7335462,0.5907611,
7335463,0.478192,
7335464,0.47812724,
7335465,0.45839944,
7335466,0.59322923,
7335467,0.55842555,
7335468,0.7575963,
7335469,0.74526143,
7335470,0.70344776,
7335472,0.514827,
7335473,0.5947438,
7335474,0.58304113,
7335475,0.5056348,
7335476,0.56737787,
7335477,0.61709076,
7335478,0.65591305,
7335479,0.703493,
7335480,0.64580625,
7335481,0.6852736,
7335482,0.55259037,
7335483,0.5973271,
7335484,0.7029248,
7335486,0.81835073,
7335487,0.840098,
7335488,0.64831865,
7335489,0.8044694,
7335490,0.74514014,
7335491,0.80044365,
7335492,0.6706258,
7335493,0.6164116,
7335494,0.7297836,
7335844,0.8241068,
7335846,0.8292931,
7335852,0.6106479,
7335854,0.8980519,
7335869,0.7566779,
7335870,0.75830805,
7335872,0.8109651,
7335874,0.819534,
7335875,0.6022157,
7335876,0.6319615,
7335878,0.6922063,
7335880,0.7151428,
7335881,0.7950168,
7335883,0.75174713,
7335948,0.81553906,
7335949,0.815469,
7335950,0.8010227,
7335953,0.7956656,
7335954,0.8838386,
7335956,0.85392267,
7335958,0.6696519,
7335961,0.87586206,
7335962,0.6970446,
7335964,0.5580545,
7335966,0.78054345,
7335967,0.6062964,
7336014,0.68224263,
7336258,0.5479103,
7336259,0.5888933,
7336260,0.5882247,
7336261,0.568865,
7336262,0.8226625,
7336286,0.77180856,
7336290,0.8185196,
7336291,0.81317496,
7336293,0.679068,
7336294,0.6893455,
7336344,0.67902684,
7336345,0.846334,
7336346,0.8624446,
7336354,0.78005075,
7336364,0.89922005,
7336380,0.8495696,
7336542,0.85831374,
7336543,0.8619859,
7336544,0.71942484,
7336545,0.8276734,
7336546,0.6493071,
7336547,0.6552805,
7336548,0.68813646,
7336549,0.72934926,
7336550,0.8124013,
7336551,0.8559898,
7336552,0.76854974,
7336553,0.60712534,
7336554,0.6675843,
7336555,0.73895174,
7336556,0.69099694,
7336560,0.7835492,
7336561,0.86419874,
7336562,0.84370786,
7336563,0.6738591,
7336564,0.6952079,
7336565,0.5897864,
7336566,0.77278316,
7336608,0.8369292,
7336609,0.59616745,
7336614,0.82251763,
7336626,0.60351706,
7336642,0.8917699,
7336645,0.85154396,
7336647,0.8926469,
7336659,0.6965316,
7336666,0.764267,
7336667,0.78569657,
7336897,0.7121848,
7336898,0.7447101,
7336902,0.838372,
7336904,0.62622,
7336907,0.86294305,
7336908,0.77410996,
7336912,0.83074695,
7336913,0.8513994,
7336915,0.84152675,
7336918,0.86942923,
7336927,0.878863,
7336932,0.8285032,
7336935,0.7841261,
7336936,0.8063089,
7336938,0.737045,
7336946,0.5835295,
7336950,0.7467097,
7336958,0.87288594,
7336959,0.7575682,
7336960,0.77772355,
7336961,0.76958585,
7336962,0.6646789,
7336963,0.6098382,
7336964,0.6441429,
7336966,0.7011497,
7336968,0.7953017,
7336969,0.73148406,
7336970,0.8116499,
7336971,0.8803848,
7336972,0.89206284,
7336973,0.889133,
7336974,0.78497046,
7336976,0.78643095,
7336977,0.7804246,
7337067,0.8079402,
7337106,0.65141046,
7337107,0.5889986,
7337108,0.7414648,
7337109,0.7477725,
7337110,0.7268691,
7337127,0.82817405,
7337128,0.8768409,
7337133,0.7121803,
7337134,0.80732,
7337135,0.7081385,
7337137,0.7197532,
7337138,0.5933574,
7337546,0.76234436,
7337547,0.7209444,
7337548,0.88200986,
7337549,0.8174939,
7337550,0.838638,
7337551,0.7655577,
7337552,0.9014592,
7337553,0.8882194,
7337576,0.836427,
7337580,0.9143216,
7337581,0.90170115,
7337582,0.83588564,
7337583,0.83545136,
7337584,0.8321624,
7337586,0.7861726,
7337616,0.7999937,
7337617,0.8237554,
7337618,0.8225587,
7337637,0.8312018,
7337781,0.85041225,
7337782,0.8454642,
7337783,0.78671545,
7337784,0.89714843,
7337785,0.8905312,
7337786,0.87046385,
7337787,0.91301966,
7337788,0.9021,
7337789,0.903636,
7337790,0.90456957,
7337791,0.8016092,
7337792,0.8968677,
7337793,0.9041917,
7337794,0.890923,
7337795,0.9020603,
7337796,0.8902348,
7337797,0.89411,
7337798,0.88615036,
7337799,0.8815773,
7337800,0.77702457,
7337816,0.7728914,
7337817,0.76883864,
7337818,0.7391935,
7337823,0.8015642,
7337824,0.7347711,
7337825,0.9040596,
7337826,0.90048236,
7337827,0.9084436,
7337828,0.8714828,
7337842,0.7699744,
7338059,0.79815364,
7338061,0.6520108,
7338062,0.62352777,
7338063,0.8316415,
7338064,0.8077912,
7338065,0.82673335,
7338067,0.64578354,
7338068,0.73716414,
7338069,0.8238335,
7338070,0.83042336,
7338071,0.8092413,
7338072,0.8208397,
7338101,0.82134134,
7338102,0.74646795,
7338103,0.68014044,
7338148,0.8107822,
7338164,0.6351912,
7338165,0.66872954,
7338221,0.28103298,
7338222,0.28423652,
7338223,0.29419532,
7338224,0.2775044,
7338225,0.29230875,
7338226,0.26646698,
7338228,0.32362372,
7338229,0.22335781,
7338231,0.3047129,
7338232,0.21101178,
7338233,0.2454643,
7338235,0.1677379,
7338236,0.36663994,
7338237,0.20999831,
7338238,0.22358614,
7338239,0.28128076,
7338240,0.31140587,
7338241,0.31364205,
7338242,0.36259136,
7338243,0.45183,
7338245,0.23437665,
7338246,0.37787744,
7338247,0.35998696,
7338248,0.30086625,
7338249,0.23831394,
7338250,0.37486288,
7338251,0.31586656,
7338252,0.39690688,
7338253,0.25570095,
7338254,0.2596167,
7338386,0.85595787,
7338387,0.85267514,
7338388,0.83575547,
7338389,0.8021528,
7338390,0.8358205,
7338391,0.70360214,
7338392,0.63376933,
7338399,0.7900755,
7338400,0.71531296,
7338401,0.58404136,
7338402,0.7596859,
7338403,0.828682,
7338404,0.65161246,
7338405,0.6686267,
7338406,0.64383006,
7338407,0.73006636,
7338408,0.80081546,
7338409,0.80599004,
7338410,0.81344295,
7338411,0.7264395,
7338418,0.83330053,
7338419,0.78356576,
7338420,0.8413764,
7338421,0.7764285,
7338577,0.87930787,
7338581,0.48478153,
7338582,0.7513838,
7338583,0.79591614,
7338584,0.7326707,
7338585,0.76354957,
7338586,0.82024604,
7338587,0.7352797,
7338588,0.77989364,
7338589,0.875502,
7338590,0.87526244,
7338591,0.88251305,
7338592,0.81776977,
7338593,0.7958709,
7338594,0.83119273,
7338595,0.80822605,
7338596,0.8123461,
7338597,0.6619518,
7338598,0.5876022,
7338599,0.85010755,
7338600,0.9119564,
7338601,0.7788332,
7338602,0.7925551,
7338603,0.71355706,
7338607,0.8767398,
7338615,0.855918,
7338616,0.6718231,
7338617,0.7331917,
7338618,0.7335264,
7338619,0.64669085,
7338620,0.77343565,
7338621,0.6306803,
7338622,0.73340535,
7338623,0.69501853,
7338624,0.72430676,
7338625,0.83509135,
7338626,0.7530381,
7338627,0.8522147,
7338628,0.7591269,
7338632,0.7822631,
7338633,0.47340098,
7338634,0.8259472,
7338635,0.83090055,
7338636,0.7481546,
7338637,0.69592416,
7338649,0.8765311,
7338650,0.78365415,
7338651,0.60458136,
7338652,0.77294713,
7338653,0.67980784,
7338654,0.8994793,
7338655,0.80779207,
7338656,0.8737352,
7338657,0.7240653,
7338658,0.8103162,
7338659,0.78082377,
7338767,0.8962202,
7338768,0.86602014,
7338819,0.6881495,
7338919,0.6597492,
7338922,0.86965305,
7338923,0.8325397,
7338924,0.8217766,
7338925,0.7776536,
7338926,0.6511247,
7338927,0.82437015,
7338928,0.8044531,
7338929,0.66745466,
7338931,0.6639155,
7339222,0.505295,
7339223,0.4521343,
7339224,0.5478909,
7339225,0.469265,
7339342,0.46472532,
7339343,0.5679297,
7339344,0.50815725,
7339345,0.5643595,
7339348,0.7479939,
7339349,0.8232892,
7339350,0.7692508,
7339351,0.86077166,
7339352,0.80802494,
7339353,0.8054253,
7339354,0.7952766,
7339355,0.8941838,
7339356,0.8840594,
7339357,0.8093413,
7339358,0.8295145,
7339413,0.77446795,
7339715,0.8236689,
7339716,0.83080906,
7339717,0.8086539,
7339719,0.45147172,
7339720,0.7754538,
7339869,0.7919555,
7339870,0.8398606,
7339871,0.8666062,
7339872,0.7701973,
7339879,0.75413406,
7339880,0.84293294,
7339909,0.89067584,
7339910,0.7997601,
7339911,0.82315975,
7339912,0.8721696,
7339915,0.7854998,
7339916,0.75124705,
7339917,0.72594595,
7339918,0.81724846,
7339919,0.58801866,
7339920,0.78728634,
7339921,0.77876294,
7339922,0.71839476,
7339924,0.7614212,
7340049,0.9223631,
7340050,0.9060971,
7340051,0.8650692,
7340052,0.9221069,
7340053,0.8945913,
7340054,0.9103045,
7340056,0.8768776,
7340057,0.8772736,
7340058,0.92298603,
7340060,0.8928927,
7340061,0.9093548,
7340140,0.6868631,
7340395,0.8754297,
7340396,0.6253055,
7340516,0.7909369,
7340517,0.83534455,
7340518,0.8142058,
7340519,0.63409287,
7340520,0.7433417,
7340521,0.7308201,
7340522,0.70838904,
7340523,0.7268137,
7340524,0.8216819,
7340528,0.8188005,
7340529,0.82711464,
7340531,0.82505316,
7340532,0.775864,
7340533,0.8650464,
7340534,0.9037562,
7340536,0.91035265,
7340537,0.75678986,
7340570,0.865772,
7340571,0.7722241,
7340584,0.7910962,
7340585,0.83271563,
7340586,0.78836125,
7340595,0.60052377,
7340598,0.75693774,
7340599,0.7495562,
7340637,0.8729042,
7340638,0.7558293,
7340639,0.76025563,
7340640,0.6924058,
7340655,0.85757667,
7340657,0.9135726,
7340659,0.9153884,
7340718,0.8398482,
7340719,0.9032876,
7340720,0.8695697,
7340721,0.92059326,
7340722,0.8554083,
7340723,0.91816044,
7340724,0.8664451,
7340725,0.9266578,
7340726,0.876988,
7340728,0.87842727,
7340729,0.8999278,
7340732,0.616202,
7340733,0.5392659,
7340734,0.60723203,
7340735,0.6356148,
7340736,0.8021613,
7340834,0.79013956,
7340835,0.82398725,
7340836,0.78724873,
7340837,0.8656035,
7340838,0.8022023,
7340839,0.8069237,
7340840,0.8312446,
7340841,0.8415203,
7340842,0.7081083,
7340864,0.85858744,
7340865,0.85100204,
7340866,0.8429106,
7340876,0.78255445,
7340877,0.7305373,
7340878,0.7379618,
7340879,0.8548601,
7340880,0.7611507,
7340881,0.8618402,
7340882,0.8166805,
7340883,0.8278194,
7340970,0.79991317,
7340971,0.8240207,
7340972,0.68836635,
7340973,0.6961869,
7340974,0.7512013,
7340975,0.8550822,
7340976,0.82742584,
7340977,0.7655949,
7340978,0.757518,
7340979,0.83923906,
7340980,0.8551438,
7340981,0.890822,
7340983,0.729632,
7340984,0.83636355,
7340985,0.6510004,
7340986,0.7564997,
7340987,0.856804,
7340988,0.6794633,
7340990,0.833397,
7340991,0.85527134,
7341229,0.42918864,
7341251,0.70801085,
7341418,0.8757929,
7341499,0.81481886,
7341500,0.7813709,
7341501,0.7832886,
7341502,0.6602869,
7341503,0.75136983,
7341504,0.7155972,
7341505,0.7093951,
7341506,0.8072492,
7341507,0.8903692,
7341508,0.81924945,
7341509,0.8783456,
7341511,0.83025384,
7341512,0.7895587,
7341513,0.85130113,
7341516,0.8232196,
7341518,0.8879073,
7341519,0.84543264,
7341520,0.77722394,
7341521,0.8224554,
7341522,0.77132094,
7341523,0.89534223,
7341526,0.8368826,
7341529,0.7908986,
7341532,0.8962489,
7341533,0.7260807,
7341540,0.7021473,
7341541,0.9133914,
7341542,0.9069934,
7341543,0.8793558,
7341544,0.65345544,
7341545,0.9014974,
7341546,0.8009063,
7341547,0.7598372,
7341548,0.8194862,
7341549,0.8307453,
7341550,0.6941357,
7341551,0.6249012,
7341552,0.80651695,
7341553,0.8253671,
7341554,0.87695825,
7341555,0.90020674,
7341556,0.88339716,
7341557,0.7886143,
7341558,0.7873993,
7341562,0.79870194,
7341563,0.8587561,
7341565,0.8296281,
7341568,0.8301324,
7341569,0.8435497,
7341570,0.76912117,
7341571,0.80141395,
7341572,0.7914632,
7341574,0.79089975,
7341575,0.8244152,
7341578,0.81064343,
7341579,0.82151175,
7341580,0.9065473,
7341581,0.88245636,
7341590,0.89228445,
7341591,0.74867034,
7341592,0.90636516,
7341593,0.6807609,
7341595,0.9067089,
7341596,0.9050913,
7341597,0.8968556,
7341598,0.8988109,
7341601,0.82649773,
7341602,0.8217417,
7341603,0.91935647,
7341604,0.9102662,
7341622,0.6941646,
7341623,0.816915,
7341625,0.8693427,
7341626,0.7188684,
7341627,0.7799412,
7341630,0.916493,
7341631,0.8928004,
7341632,0.8025148,
7341633,0.8119644,
7341648,0.8622563,
7341649,0.8655166,
7341652,0.8940385,
7341653,0.8863561,
7341705,0.26272675,
7341714,0.8667725,
7341715,0.87481266,
7341716,0.7961188,
7341717,0.5708109,
7341718,0.63984615,
7341721,0.8571716,
7341722,0.72031873,
7341736,0.8410881,
7341740,0.8720844,
7341741,0.8940781,
7341742,0.88810956,
7341743,0.7399459,
7341744,0.86335653,
7341745,0.79004085,
7341747,0.80704486,
7341748,0.8998443,
7341749,0.86493427,
7341750,0.83775604,
7341751,0.8646778,
7341752,0.8572895,
7341753,0.8463779,
7341754,0.81338125,
7341755,0.7655565,
7341756,0.8058712,
7341757,0.84036785,
7341758,0.8120644,
7341759,0.8653128,
7341760,0.8401333,
7341762,0.7559152,
7341764,0.5370743,
7341765,0.8108717,
7341766,0.605416,
7341767,0.5917641,
7341768,0.54389334,
7341769,0.555327,
7341770,0.5257951,
7341773,0.82904124,
7341774,0.92501265,
7341780,0.5168766,
7341783,0.88106704,
7341784,0.81181,
7341792,0.85120153,
7341793,0.87600833,
7341794,0.877315,
7341795,0.82880193,
7341796,0.86092645,
7341797,0.8211119,
7341798,0.8479837,
7341800,0.7655744,
7341801,0.7670091,
7341802,0.7834048,
7341803,0.86360306,
7341804,0.7111825,
7341805,0.79750836,
7341806,0.77745926,
7341807,0.79549587,
7341810,0.7419503,
7341811,0.708416,
7341821,0.7886382,
7341822,0.8162696,
7341823,0.7644083,
7341856,0.84282404,
7341857,0.89011496,
7341859,0.80548453,
7341860,0.802925,
7341861,0.8391795,
7341862,0.80919635,
7341909,0.6493094,
7341910,0.66307634,
7341911,0.6357319,
7341912,0.6441324,
7341913,0.63777804,
7341914,0.6841779,
7341916,0.7029846,
7341917,0.73702157,
7341918,0.60468906,
7341919,0.69862676,
7341943,0.8911807,
7341944,0.8970983,
7341945,0.82485473,
7341946,0.8949248,
7341947,0.7862352,
7341948,0.8899949,
7341949,0.65881735,
7341956,0.7780014,
7341957,0.8500194,
7341958,0.88903654,
7341959,0.6182039,
7341960,0.770384,
7341963,0.7208853,
7341964,0.68124974,
7341965,0.83888686,
7341966,0.8042848,
7341967,0.8362739,
7341972,0.89632565,
7341973,0.88683385,
7341974,0.88067955,
7341975,0.89776385,
7341976,0.8969118,
7342076,0.9028425,
7342077,0.8759596,
7342078,0.88297844,
7342079,0.8932443,
7342080,0.89153737,
7342081,0.90574455,
7342089,0.6390518,
7342090,0.6855901,
7342091,0.5666809,
7342092,0.6109561,
7342094,0.83086556,
7342095,0.77699095,
7342096,0.84904647,
7342097,0.860848,
7342098,0.8409621,
7342100,0.80370647,
7342101,0.8025121,
7342102,0.7955578,
7342118,0.72628146,
7342121,0.82839984,
7342125,0.84888136,
7342126,0.87533706,
7342127,0.8492905,
7342128,0.87455,
7342129,0.85920364,
7342130,0.8807291,
7342131,0.7191544,
7342132,0.7651291,
7342176,0.82724726,
7342177,0.8152887,
7342178,0.84608066,
7342179,0.899748,
7342199,0.841657,
7342200,0.8682023,
7342202,0.77755874,
7342203,0.82870096,
7342204,0.8588873,
7342495,0.90285045,
7342496,0.90019333,
7342510,0.8832753,
7342511,0.8832753,
7342512,0.8921499,
7342513,0.88813794,
7342514,0.9314025,
7342516,0.9314025,
7342519,0.9139232,
7342520,0.9138073,
7342522,0.8574057,
7342523,0.7936444,
7342567,0.8961687,
7342568,0.9156021,
7342571,0.8323667,
7342572,0.91781235,
7342574,0.902188,
7342579,0.82996887,
7342642,0.9029904,
7342707,0.81653386,
7342708,0.8164545,
7342710,0.8016655,
7342711,0.8016655,
7342712,0.7990766,
7342713,0.8395781,
7342716,0.6222078,
7342717,0.6394952,
7342856,0.90035415,
7342857,0.7421174,
7342858,0.8051768,
7342859,0.75636315,
7342864,0.71681035,
7342865,0.7102919,
7342866,0.71660817,
7342867,0.7364653,
7342951,0.65568376,
7342952,0.8482952,
7342953,0.71328473,
7342954,0.6140341,
7342958,0.7705126,
7342959,0.63289213,
7342964,0.7398902,
7342965,0.7239217,
7343023,0.77898246,
7343024,0.8101051,
7343027,0.8289702,
7343030,0.7878391,
7343031,0.7365615,
7343032,0.7664782,
7343805,0.8163383,
7344165,0.8560513,
7344166,0.8409475,
7344168,0.71874213,
7344169,0.77558994,
7344170,0.8212617,
7344171,0.71271205,
7344173,0.6721088,
7344174,0.8171562,
7344175,0.8428395,
7344176,0.6719304,
7344178,0.73109615,
7344180,0.6860471,
7344181,0.8471778,
7344182,0.7615398,
7344183,0.8171137,
7344191,0.904348,
7344193,0.89644945,
7344194,0.88233286,
7344196,0.79163694,
7344200,0.8071703,
7344201,0.82702017,
7344202,0.76980925,
7344203,0.7260353,
7344204,0.7797499,
7344205,0.69451666,
7344206,0.85472673,
7344207,0.739539,
7344208,0.8700629,
7344209,0.8035743,
7344210,0.8717387,
7344211,0.8979795,
7344212,0.9180812,
7344213,0.92963666,
7344214,0.82570535,
7344215,0.8196775,
7344216,0.8937205,
7344232,0.9056446,
7344247,0.77363753,
7344248,0.8698648,
7344250,0.86706126,
7344251,0.778641,
7344253,0.78092295,
7344257,0.92459303,
7344260,0.6935957,
7344262,0.70979416,
7344263,0.78979397,
7344264,0.83335197,
7344276,0.7494111,
7344277,0.82286656,
7344278,0.8207805,
7344304,0.5550972,
7344305,0.8499761,
7344306,0.7847961,
7344307,0.90123934,
7344308,0.5801417,
7344309,0.68943274,
7344310,0.7640305,
7344311,0.68441194,
7344312,0.80395216,
7344313,0.9157815,
7344314,0.7864282,
7344315,0.8436849,
7344316,0.86470026,
7344317,0.88782287,
7344318,0.9048804,
7344319,0.79874223,
7344320,0.82172334,
7344321,0.8976862,
7344322,0.9355907,
7344323,0.9097193,
7344325,0.72040075,
7344326,0.8976447,
7344327,0.7539053,
7344328,0.7480077,
7344329,0.40833712,
7344331,0.65538394,
7344332,0.54282707,
7344373,0.74493366,
7344374,0.8014854,
7344375,0.73368335,
7344377,0.8904678,
7344444,0.8619883,
7344492,0.26618928,
7344506,0.7727463,
7344507,0.6434838,
7344508,0.8811639,
7344513,0.6416988,
7344514,0.5714996,
7344515,0.82311755,
7344651,0.7932809,
7344652,0.54657316,
7344653,0.5093108,
7344654,0.70944166,
7344655,0.69501483,
7344656,0.67638576,
7344657,0.68715864,
7344658,0.76640505,
7344659,0.8330295,
7344660,0.723025,
7344661,0.85257393,
7344662,0.65288293,
7344664,0.7093729,
7344665,0.80851305,
7344666,0.8276781,
7344667,0.7250069,
7344669,0.80707175,
7344670,0.92936677,
7344671,0.766376,
7344672,0.86874104,
7344673,0.7766744,
7344674,0.6432743,
7344675,0.68326277,
7344682,0.7886639,
7344684,0.88465106,
7344685,0.7222517,
7344688,0.5298695,
7344689,0.8582184,
7344690,0.77295923,
7344691,0.6741291,
7344692,0.68351257,
7344693,0.75629866,
7344694,0.8194205,
7344717,0.8708584,
7344718,0.8723097,
7344722,0.90179676,
7344723,0.688402,
7344726,0.6776496,
7344727,0.7310386,
7344728,0.81773037,
7344729,0.9154158,
7344730,0.6888065,
7344731,0.90457135,
7344732,0.7193616,
7344733,0.7576517,
7344734,0.8821319,
7344735,0.79590863,
7344736,0.6398775,
7344737,0.82725185,
7344738,0.6999622,
7344739,0.7657146,
7344742,0.7960065,
7344744,0.7099349,
7344749,0.8756193,
7344758,0.77883434,
7344782,0.7648232,
7344783,0.547117,
7344784,0.6489733,
7344785,0.8106461,
7344786,0.8908283,
7344795,0.79022986,
7344802,0.6105163,
7344804,0.6264293,
7344827,0.5548883,
7344859,0.62632245,
7344888,0.5866579,
7344913,0.57927203,
7344915,0.678333,
7344920,0.59400755,
7344923,0.6417247,
7344924,0.6238333,
7344925,0.5638579,
7344926,0.46883133,
7344927,0.6377512,
7344928,0.53771544,
7345022,0.8348085,
7345287,0.8190765,
7345288,0.83421445,
7345345,0.8020005,
7345347,0.77381665,
7345367,0.8169456,
7345368,0.8276438,
7345369,0.8035365,
7345370,0.8002615,
7345374,0.84976774,
7345378,0.6788019,
7345383,0.83083683,
7345386,0.8120519,
7345422,0.7589111,
7345423,0.7752484,
7345430,0.90361947,
7345433,0.734522,
7345437,0.69940054,
7345439,0.7422558,
7345440,0.7813119,
7345443,0.75058526,
7345445,0.82821614,
7345446,0.86914843,
7345447,0.8558421,
7345448,0.75457036,
7345449,0.8342038,
7345450,0.7715232,
7345451,0.80367637,
7345452,0.815908,
7345453,0.72356236,
7345454,0.7980057,
7345455,0.7445342,
7345456,0.7694561,
7345457,0.7307572,
7345458,0.79353374,
7345459,0.5735368,
7345461,0.7261906,
7345462,0.878267,
7345468,0.8121564,
7345470,0.800961,
7345471,0.83287555,
7345472,0.75390744,
7345473,0.79605776,
7345475,0.882826,
7345476,0.85077333,
7345477,0.76260024,
7345479,0.80081964,
7345484,0.7828874,
7345485,0.8221181,
7345486,0.7165466,
7345487,0.7835422,
7345488,0.7186069,
7345489,0.7533514,
7345490,0.6591477,
7345491,0.70800865,
7345492,0.69438845,
7345493,0.7055113,
7345494,0.40260723,
7345495,0.76772547,
7345496,0.83084315,
7345497,0.71414137,
7345498,0.83171725,
7345499,0.8087114,
7345500,0.6637474,
7345503,0.74155957,
7345505,0.7893783,
7345506,0.71939474,
7345507,0.7434487,
7345509,0.67416257,
7345510,0.779465,
7345511,0.70843285,
7345512,0.77956337,
7345513,0.72674805,
7345534,0.92452264,
7345535,0.92761487,
7345541,0.90437436,
7345542,0.822446,
7345544,0.75049585,
7345545,0.8542298,
7345546,0.8437437,
7345547,0.8302869,
7345548,0.8710222,
7345563,0.6432705,
7345616,0.81275135,
7345637,0.6174565,
7345638,0.79403424,
7345729,0.16290371,
7345730,0.12632143,
7345869,0.73732203,
7345870,0.6884619,
7345871,0.7022791,
7345872,0.69641405,
7345873,0.68655425,
7345882,0.84377074,
7345884,0.8789237,
7345886,0.74426347,
7345888,0.6826127,
7345889,0.78952503,
7345952,0.7509848,
7345953,0.7997686,
7345977,0.6732817,
7346047,0.86562216,
7346162,0.8901484,
7346163,0.89079726,
7346164,0.8535133,
7346165,0.88115364,
7346166,0.881196,
7346167,0.90283924,
7346168,0.877124,
7346169,0.8893303,
7346235,0.92612314,
7346236,0.8841703,
7346237,0.86194587,
7346238,0.85312116,
7346239,0.8095897,
7346267,0.89280474,
7346268,0.9056136,
7346269,0.9008838,
7346270,0.9065523,
7346271,0.89981365,
7346272,0.8701709,
7346273,0.72348356,
7346274,0.8020611,
7346275,0.7918331,
7346456,0.85446656,
7346460,0.90565085,
7346461,0.92450374,
7346470,0.8867158,
7346472,0.91908413,
7346473,0.88419175,
7346481,0.86670566,
7346487,0.8675769,
7346488,0.89644605,
7346489,0.8594385,
7346490,0.85723287,
7346492,0.67496955,
7346494,0.7622435,
7346496,0.7570386,
7346497,0.7536393,
7346511,0.910353,
7346512,0.88774294,
7346520,0.760734,
7346521,0.86718297,
7346523,0.87803185,
7346524,0.90382123,
7346527,0.7337566,
7346531,0.75280404,
7346532,0.7617441,
7346533,0.7735522,
7346534,0.6664043,
7346541,0.79209805,
7346542,0.72188205,
7346543,0.82564294,
7346544,0.48519966,
7346545,0.79359597,
7346547,0.6942866,
7346548,0.79370934,
7346549,0.83074105,
7346550,0.748412,
7346551,0.8040351,
7346570,0.8682111,
7346571,0.80374753,
7346572,0.7534844,
7346573,0.81254315,
7346574,0.8470382,
7346575,0.8206301,
7346577,0.7581995,
7346578,0.80812055,
7346579,0.7053372,
7346580,0.811797,
7346586,0.8358954,
7346588,0.8061475,
7346832,0.44429144,
7346847,0.80659413,
7346854,0.84330636,
7346857,0.7939352,
7346868,0.77043957,
7346870,0.81610316,
7346944,0.79146576,
7346955,0.82309324,
7346956,0.876102,
7346958,0.8910709,
7346959,0.8866514,
7346962,0.54458755,
7346964,0.8021855,
7346970,0.76538837,
7346972,0.6911779,
7346974,0.74525666,
7346976,0.75414586,
7346977,0.6271098,
7346991,0.82883257,
7346993,0.747011,
7346994,0.72306687,
7346995,0.8550753,
7346996,0.85712785,
7346997,0.84516114,
7346998,0.8159135,
7346999,0.824812,
7347000,0.7735907,
7347002,0.857384,
7347003,0.77234995,
7347008,0.8757842,
7347010,0.8483319,
7347011,0.7758666,
7347013,0.5236559,
7347016,0.6653495,
7347018,0.6708285,
7347021,0.7256676,
7347147,0.85643244,
7347148,0.8761311,
7347149,0.8724858,
7347151,0.8332713,
7347155,0.90399325,
7347156,0.7307476,
7347274,0.73099136,
7347278,0.7643176,
7347280,0.7206783,
7347281,0.5736287,
7347284,0.7496059,
7347287,0.81521606,
7347427,0.8442612,
7347470,0.85211784,
7347471,0.8689867,
7347486,0.8473984,
7347488,0.7893061,
7347489,0.82213444,
7347490,0.8936273,
7347491,0.88118386,
7347492,0.85178334,
7347496,0.86528295,
7347497,0.7783131,
7347498,0.65920204,
7347499,0.9073396,
7347501,0.8554562,
7347502,0.9058201,
7347503,0.7880055,
7347504,0.798669,
7347505,0.798639,
7347506,0.86060137,
7347594,0.81336194,
7347605,0.8687193,
7347612,0.76573044,
7347634,0.72356516,
7347637,0.86346066,
7347638,0.80614775,
7347639,0.65744823,
7347640,0.538521,
7347641,0.66408813,
7347643,0.79893726,
7347647,0.8226009,
7347648,0.7930952,
7347650,0.7290816,
7347651,0.76302916,
7347669,0.86872363,
7347670,0.8241295,
7347671,0.5894353,
7347673,0.74448705,
7347676,0.86711633,
7347677,0.8240345,
7347678,0.79610384,
7347679,0.8321623,
7347680,0.836979,
7347681,0.82897264,
7347682,0.77623355,
7347683,0.8006588,
7347692,0.86106694,
7347697,0.6972202,
7347698,0.7197945,
7347699,0.6152711,
7347700,0.8218529,
7347701,0.79714,
7347702,0.72769874,
7347703,0.8120863,
7347704,0.8441256,
7347705,0.55826056,
7347706,0.53474444,
7347707,0.76273125,
7347708,0.74690115,
7347942,0.80882853,
7347951,0.84014815,
7347952,0.83852994,
7347953,0.8076351,
7347954,0.84588873,
7348034,0.86154324,
7348035,0.8669776,
7348036,0.8559439,
7348037,0.8789957,
7348055,0.7013795,
7348065,0.8255262,
7348066,0.836302,
7348117,0.73850024,
7348118,0.7119698,
7348119,0.7413513,
7348139,0.7363243,
7348140,0.78256506,
7348141,0.7934087,
7348142,0.8935529,
7348143,0.7661813,
7348144,0.90317965,
7348145,0.8658971,
7348172,0.8540172,
7348174,0.7744616,
7348175,0.779617,
7348176,0.7960801,
7348177,0.7568543,
7348178,0.7486784,
7348256,0.83858013,
7348366,0.68548745,
7348367,0.58778465,
7348368,0.6334784,
7348369,0.71968335,
7348370,0.8542856,
7348371,0.74970454,
7348372,0.57846993,
7348373,0.84477246,
7348375,0.7883461,
7348376,0.74381983,
7348377,0.7710694,
7348378,0.7019152,
7348379,0.9147844,
7348380,0.83808154,
7348381,0.8309384,
7348382,0.7486824,
7348391,0.7808246,
7348392,0.83055764,
7348458,0.8575207,
7348459,0.83374226,
7348460,0.85858554,
7348461,0.86327815,
7348462,0.8959751,
7348463,0.84262526,
7348464,0.8943243,
7348465,0.9342349,
7348466,0.8265522,
7348467,0.9198126,
7348468,0.8205865,
7348469,0.82983017,
7348470,0.7684883,
7348473,0.7104225,
7348475,0.91901076,
7348568,0.70284486,
7348569,0.7248351,
7348570,0.6660164,
7348571,0.64822507,
7348705,0.588626,
7348706,0.5652394,
7348713,0.7375103,
7348714,0.65563965,
7348715,0.80751663,
7348717,0.71682614,
7348718,0.73830384,
7348719,0.7349494,
7348720,0.7080873,
7348721,0.85242075,
7348722,0.8184569,
7348723,0.8002651,
7348789,0.7800893,
7348793,0.7470627,
7348809,0.81208163,
7348811,0.815434,
7348812,0.785913,
7348813,0.80138373,
7348815,0.7420177,
7348817,0.73325557,
7348826,0.869205,
7348827,0.8224324,
7348828,0.8084412,
7348829,0.8424487,
7348905,0.8183742,
7348973,0.77148706,
7348974,0.77702063,
7348975,0.8570884,
7348976,0.89185417,
7348978,0.8536966,
7348985,0.6700846,
7348986,0.7345699,
7348987,0.75473464,
7349332,0.82977784,
7349333,0.8931292,
7349334,0.8522351,
7349372,0.78462225,
7349373,0.8278571,
7349384,0.86733526,
7349399,0.7181411,
7349414,0.82887024,
7349415,0.867384,
7349416,0.8123009,
7349417,0.76438844,
7349418,0.77469957,
7349419,0.8583859,
7349420,0.8288834,
7349423,0.6612318,
7349424,0.68774134,
7349425,0.5859543,
7349426,0.85491806,
7349427,0.9019224,
7349488,0.8938191,
7349499,0.72013915,
7349600,0.8752082,
7349601,0.88897383,
7349602,0.8654913,
7349603,0.8173199,
7349604,0.8663763,
7349605,0.88880837,
7349606,0.86154157,
7349607,0.8599023,
7349608,0.8164573,
7349610,0.8821912,
7349612,0.79744714,
7349613,0.82357013,
7349614,0.8074724,
7350117,0.8207574,
7350118,0.8319121,
7350210,0.77838945,
7350211,0.8359488,
7350213,0.82697386,
7350214,0.74629873,
7350215,0.5480327,
7350216,0.66351396,
7350217,0.8329041,
7350218,0.80897194,
7350219,0.731801,
7350220,0.6823534,
7350221,0.69918686,
7350222,0.64837927,
7350223,0.7176821,
7350250,0.68354875,
7350251,0.66405916,
7350263,0.8721123,
7350282,0.75155854,
7350283,0.73370135,
7350284,0.7954324,
7350285,0.83319926,
7350286,0.83449054,
7350287,0.83744603,
7350288,0.8078923,
7350289,0.6462876,
7350290,0.75502175,
7350291,0.6868936,
7350292,0.8073877,
7350293,0.7760984,
7350294,0.7785109,
7350295,0.6855743,
7350296,0.87725353,
7350297,0.8614627,
7350321,0.80609125,
7350325,0.8597051,
7350329,0.8773742,
7350356,0.8547115,
7350374,0.88689023,
7350375,0.80180526,
7350376,0.8106022,
7350384,0.7842176,
7350634,0.7777185,
7350635,0.8292731,
7350636,0.7690264,
7350637,0.79824084,
7350690,0.70112795,
7350695,0.6891718,
7350773,0.7853795,
7350774,0.8452708,
7350775,0.82156205,
7350776,0.8281299,
7350777,0.85782933,
7350778,0.85630965,
7350784,0.8524512,
7350786,0.61825204,
7350791,0.6400974,
7350824,0.8334993,
7350827,0.78912735,
7350828,0.7236435,
7350829,0.706479,
7350830,0.65653396,
7350978,0.356734,
7350979,0.2887336,
7350981,0.3111193,
7350982,0.30780202,
7350984,0.33222184,
7350985,0.3086556,
7350986,0.33572564,
7350987,0.30806392,
7350988,0.33549625,
7350989,0.31658745,
7350990,0.26242742,
7350991,0.25834593,
7350992,0.24184549,
7350993,0.21074297,
7350994,0.24564576,
7350995,0.2593034,
7350996,0.289281,
7350997,0.2570108,
7350998,0.26449662,
7350999,0.28364944,
7351000,0.29463315,
7351001,0.2300438,
7351002,0.2472079,
7351003,0.29994884,
7351004,0.4046944,
7351005,0.3273535,
7351006,0.3223316,
7351007,0.36481148,
7351008,0.2720948,
7351009,0.27784947,
7351010,0.29708332,
7351011,0.29984736,
7351012,0.27567095,
7351015,0.20591918,
7351016,0.23609485,
7351017,0.31156683,
7351018,0.24050446,
7351019,0.22157224,
7351021,0.21715368,
7351022,0.23548886,
7351023,0.22624178,
7351024,0.257303,
7351025,0.30188593,
7351274,0.77607715,
7351275,0.7449889,
7351276,0.68144184,
7351278,0.7122904,
7351280,0.7429019,
7351282,0.7602929,
7351284,0.7687458,
7351286,0.6454736,
7351288,0.75933343,
7351304,0.21204449,
7351306,0.25830808,
7351307,0.2194119,
7351308,0.23707992,
7351309,0.2610443,
7351310,0.26107153,
7351311,0.3000993,
7351312,0.24590178,
7351317,0.23917644,
7351318,0.2864093,
7351319,0.24793078,
7351320,0.29145017,
7351321,0.33612004,
7351322,0.2925885,
7351323,0.30991316,
7351324,0.28683004,
7351325,0.30091745,
7351326,0.29715768,
7351327,0.2660866,
7351328,0.34060588,
7351404,0.8005056,
7351405,0.61252654,
7351406,0.653203,
7351407,0.5985012,
7351408,0.55195135,
7351409,0.5041345,
7351410,0.6396775,
7351411,0.6182828,
7351412,0.5624731,
7351413,0.5260915,
7351414,0.5422591,
7351415,0.68194747,
7351416,0.6481094,
7351417,0.67227435,
7351418,0.5312312,
7351419,0.6139001,
7351420,0.58082384,
7351422,0.4827847,
7351423,0.691277,
7351424,0.69384795,
7351425,0.57750624,
7351464,0.79512954,
7351495,0.75685805,
7351496,0.7415357,
7351497,0.6049993,
7351601,0.82564753,
7351604,0.8384154,
7351605,0.86089617,
7351612,0.6794994,
7351635,0.8731103,
7351939,0.49933562,
7351940,0.47485828,
7351995,0.5501236,
7351996,0.6313452,
7351997,0.7792061,
7351998,0.6028521,
7352008,0.79520273,
7352009,0.7851476,
7352010,0.83813095,
7352011,0.8658406,
7352012,0.8400245,
7352014,0.8967501,
7352015,0.83495146,
7352016,0.85938823,
7352045,0.8878246,
7352046,0.9015069,
7352047,0.832798,
7352073,0.9255501,
7352080,0.90276724,
7352155,0.74443394,
7352156,0.8838568,
7352157,0.7589549,
7352158,0.8143816,
7352159,0.81053305,
7352160,0.8529115,
7352161,0.7084236,
7352162,0.7715554,
7352163,0.7063333,
7352164,0.83012795,
7352165,0.83742213,
7352166,0.806336,
7352167,0.82563823,
7352168,0.8486455,
7352170,0.8494468,
7352178,0.74721736,
7352180,0.7411704,
7352181,0.72208154,
7352182,0.8188224,
7352183,0.7467151,
7352184,0.769995,
7352185,0.82447577,
7352186,0.88027173,
7352187,0.79813015,
7352188,0.8361285,
7352189,0.7396543,
7352191,0.6962634,
7352192,0.6531052,
7352193,0.6296433,
7352194,0.69463634,
7352195,0.7718745,
7352196,0.78776306,
7352197,0.79437035,
7352198,0.7174345,
7352199,0.8253312,
7352200,0.79335165,
7352202,0.87559634,
7352203,0.8461668,
7352205,0.82072145,
7352206,0.78417933,
7352207,0.78773457,
7352208,0.7710336,
7352210,0.8071267,
7352211,0.77050936,
7352230,0.5652525,
7352231,0.70366526,
7352232,0.6421402,
7352263,0.56657165,
7352264,0.5850498,
7352265,0.6497612,
7352266,0.64633566,
7352267,0.6584165,
7352269,0.6348283,
7352270,0.5520909,
7352271,0.6552351,
7352272,0.71431535,
7352274,0.50764084,
7352319,0.8329704,
7352320,0.8559312,
7352322,0.7318874,
7352323,0.74414176,
7352324,0.8741423,
7352326,0.7591332,
7352327,0.7896072,
7352328,0.84315354,
7352329,0.82059944,
7352330,0.89898705,
7352331,0.86455995,
7352332,0.88626534,
7352334,0.79575694,
7352335,0.81079495,
7352336,0.85953027,
7352347,0.8147431,
7352348,0.8263926,
7352349,0.8503566,
7352350,0.7975269,
7352352,0.74018514,
7352353,0.88105273,
7352354,0.84665394,
7352355,0.8651558,
7352356,0.8660033,
7352357,0.82281226,
7352358,0.8276413,
7352359,0.79999673,
7352360,0.77389073,
7352361,0.7160764,
7352362,0.877385,
7352363,0.85061735,
7352364,0.86722225,
7352365,0.8968728,
7352366,0.8366523,
7352367,0.8543771,
7352368,0.8944055,
7352369,0.84665924,
7352370,0.7382696,
7352371,0.6750006,
7352372,0.70242965,
7352373,0.77653366,
7352374,0.77865225,
7352375,0.58430165,
7352376,0.8257109,
7352377,0.8045291,
7352378,0.6382489,
7352380,0.7628182,
7352381,0.7451004,
7352382,0.793293,
7352383,0.8011031,
7352384,0.79044944,
7352385,0.7485222,
7352386,0.7832305,
7352387,0.78856623,
7352389,0.7659993,
7352390,0.77824336,
7352391,0.7751767,
7352392,0.8185696,
7352393,0.62985337,
7352394,0.76811266,
7352395,0.7236007,
7352396,0.8191254,
7352397,0.8020588,
7352398,0.8149824,
7352399,0.6823156,
7352400,0.8042388,
7352401,0.84553576,
7352402,0.83142126,
7352403,0.76651543,
7352405,0.8108116,
7352406,0.8245618,
7352408,0.7489188,
7352409,0.8055193,
7352410,0.839542,
7352411,0.8416089,
7352412,0.8399283,
7352413,0.8551226,
7352414,0.83410984,
7352416,0.8611702,
7352417,0.81590784,
7352418,0.83983266,
7352419,0.81677276,
7352420,0.8398248,
7352421,0.88143295,
7352422,0.8243008,
7352423,0.821834,
7352424,0.8375817,
7352425,0.882194,
7352426,0.8694572,
7352427,0.85981286,
7352428,0.76671606,
7352429,0.8298916,
7352430,0.79224837,
7352431,0.7822576,
7352432,0.909575,
7352433,0.8526241,
7352434,0.92457354,
7352435,0.90897775,
7352436,0.41702446,
7352437,0.7519712,
7352438,0.80194587,
7352439,0.83048767,
7352440,0.76322997,
7352441,0.6415656,
7352442,0.69884336,
7352443,0.57660264,
7352445,0.69287735,
7352446,0.87854654,
7352447,0.8511084,
7352448,0.76964605,
7352449,0.81726557,
7352450,0.7681466,
7352451,0.8394999,
7352452,0.67932993,
7352453,0.78552824,
7352454,0.7885753,
7352455,0.80554837,
7352591,0.6333267,
7352592,0.7295895,
7352593,0.7143432,
7352594,0.6605462,
7352595,0.55036706,
7352596,0.60263556,
7352597,0.72730064,
7352598,0.6443482,
7352599,0.67315006,
7352600,0.6221394,
7352601,0.60500306,
7352602,0.5499744,
7352865,0.7818685,
7352866,0.8716448,
7352867,0.5515431,
7352868,0.580362,
7352869,0.6729351,
7352870,0.6941691,
7352871,0.6914073,
7352872,0.72598827,
7352873,0.77235305,
7352874,0.8769508,
7352875,0.8491911,
7352876,0.5756289,
7352877,0.55343854,
7352878,0.8602219,
7352879,0.45339185,
7352880,0.7799416,
7352881,0.7975441,
7352882,0.7932056,
7352883,0.8172803,
7352884,0.779241,
7352886,0.49011904,
7352887,0.77643996,
7352888,0.6398496,
7352889,0.6777965,
7352890,0.70547795,
7352891,0.6507544,
7352892,0.6889734,
7352893,0.69696474,
7352894,0.6572793,
7352895,0.83209574,
7352896,0.65921986,
7352897,0.58719337,
7352898,0.7707826,
7352899,0.86439824,
7352900,0.84453917,
7352901,0.73541725,
7352902,0.7650089,
7352903,0.5823682,
7352904,0.61858,
7352905,0.7949561,
7352906,0.69506943,
7352907,0.6851702,
7352908,0.7181442,
7352909,0.7465616,
7352910,0.7039891,
7352911,0.73705316,
7352912,0.6979689,
7352913,0.85809076,
7352914,0.77576977,
7352915,0.7744713,
7352916,0.68896174,
7352918,0.57411104,
7352919,0.5645698,
7352920,0.5232281,
7352921,0.5044439,
7352922,0.5167032,
7352923,0.68019056,
7352926,0.6688824,
7352927,0.6796894,
7352928,0.74223965,
7352929,0.84739494,
7352930,0.8227885,
7352931,0.780951,
7352933,0.7875183,
7352934,0.6828862,
7352935,0.7307547,
7352936,0.6409323,
7352937,0.75731313,
7353618,0.4748376,
7353619,0.46576682,
7353620,0.47799078,
7353668,0.593784,
7353669,0.46387208,
7353670,0.57967156,
7353671,0.48091242,
7353672,0.56552577,
7353673,0.47980648,
7353674,0.5183733,
7353675,0.51718956,
7353676,0.5206611,
7353677,0.5601556,
7353678,0.50655174,
7353679,0.5156905,
7353680,0.5117901,
7353681,0.5475656,
7353682,0.29527605,
7353683,0.57508737,
7353684,0.5558682,
7353834,0.7644496,
7353837,0.504915,
7353838,0.7671023,
7353839,0.7653441,
7353840,0.8821453,
7353841,0.6146961,
7353842,0.8128107,
7353843,0.7693075,
7353844,0.8572776,
7353845,0.7734481,
7353846,0.7045178,
7353848,0.6701862,
7353849,0.8542802,
7353850,0.89442736,
7353853,0.8591678,
7353854,0.8728097,
7353858,0.8315209,
7353859,0.81202954,
7353860,0.70647675,
7353861,0.79018456,
7353863,0.80839366,
7353865,0.5828523,
7353866,0.7762551,
7353868,0.8159291,
7353871,0.79908323,
7353872,0.67190516,
7353873,0.62153316,
7353874,0.5203955,
7353875,0.791275,
7353876,0.740442,
7353877,0.7077895,
7353878,0.8140975,
7353879,0.9304063,
7353880,0.72372305,
7353881,0.5708335,
7353882,0.6312313,
7353884,0.70835453,
7353885,0.63105416,
7353886,0.45790824,
7353887,0.7406073,
7353888,0.56505096,
7353889,0.64121056,
7353890,0.48315403,
7353891,0.85100013,
7353892,0.6382892,
7353893,0.6306916,
7353894,0.60624176,
7353895,0.66585416,
7353896,0.6765478,
7353899,0.5838081,
7353900,0.587274,
7353901,0.73361397,
7353902,0.8283681,
7353905,0.6982286,
7353906,0.8455334,
7353907,0.82128304,
7353908,0.83013546,
7353918,0.5902426,
7353921,0.6413167,
7353922,0.5534138,
7353923,0.54414916,
7353924,0.86061573,
7353925,0.83652467,
7353952,0.27101046,
7353965,0.7485363,
7353966,0.7647349,
7353975,0.88810843,
7353976,0.86996233,
7353978,0.8513869,
7354007,0.79900306,
7354008,0.6914245,
7354009,0.7096497,
7354095,0.79657745,
7354096,0.7773856,
7354097,0.79649085,
7354098,0.85903865,
7354101,0.7844435,
7354102,0.76085854,
7354110,0.86524326,
7354120,0.87326574,
7354123,0.90422434,
7354158,0.85097384,
7354159,0.7011609,
7354160,0.71479946,
7354161,0.66338485,
7354163,0.8550201,
7354164,0.8754488,
7354181,0.6794573,
7354183,0.58830225,
7354186,0.70166737,
7354200,0.69981164,
7354201,0.68654174,
7354202,0.76234037,
7354357,0.73697704,
7354358,0.8074861,
7354359,0.8332777,
7354360,0.80252296,
7354361,0.5698746,
7354362,0.7355755,
7354363,0.8245841,
7354364,0.85290337,
7354383,0.75301355,
7354384,0.8319305,
7354469,0.81718653,
7354615,0.77418214,
7354659,0.80531025,
7354660,0.8108444,
7354661,0.83803207,
7354662,0.799974,
7354663,0.77971137,
7354688,0.27442256,
7354689,0.28920528,
7354697,0.7725546,
7354698,0.6710848,
7354699,0.642549,
7354700,0.7683202,
7354701,0.7849096,
7354733,0.82867235,
7354734,0.8029538,
7354735,0.83206683,
7354736,0.7682748,
7354964,0.8179042,
7354968,0.79135245,
7355037,0.7633708,
7355038,0.7739741,
7355039,0.7862335,
7355040,0.75876665,
7355041,0.738199,
7355042,0.7240252,
7355043,0.89632004,
7355045,0.80588394,
7355049,0.8326665,
7355050,0.8601681,
7355053,0.78656834,
7355054,0.8555009,
7355055,0.7845472,
7355057,0.85002184,
7355060,0.8067023,
7355063,0.8466287,
7355064,0.7467111,
7355065,0.6803936,
7355066,0.7632675,
7355068,0.7455525,
7355069,0.7243895,
7355071,0.8231958,
7355075,0.7862138,
7355077,0.58736837,
7355078,0.7802903,
7355079,0.67511344,
7355081,0.8551803,
7355082,0.86142623,
7355083,0.8174469,
7355085,0.5935213,
7355087,0.62274396,
7355088,0.62960577,
7355090,0.7930465,
7355093,0.8428477,
7355094,0.7125981,
7355098,0.8711956,
7355122,0.76368433,
7355124,0.8416929,
7355290,0.7700808,
7355291,0.837547,
7355292,0.80714506,
7355293,0.78813595,
7355294,0.7408756,
7355295,0.785942,
7355296,0.68019366,
7355297,0.6285512,
7355298,0.6806863,
7355299,0.64864194,
7355300,0.69241345,
7355301,0.85715926,
7355302,0.8188874,
7355303,0.8729145,
7355304,0.76972157,
7355305,0.5193119,
7355306,0.7888609,
7355307,0.8638731,
7355308,0.54428655,
7355310,0.7940313,
7355311,0.7706919,
7355312,0.7101601,
7355322,0.7980633,
7355323,0.65334296,
7355324,0.6725699,
7355325,0.6579389,
7355326,0.37063518,
7355327,0.44590238,
7355328,0.5573074,
7355329,0.5816218,
7355330,0.8185906,
7355331,0.5410453,
7355332,0.83281773,
7355333,0.7432916,
7355334,0.77916217,
7355335,0.7392391,
7355336,0.8297153,
7355337,0.50406635,
7355338,0.8114468,
7355339,0.7098837,
7355340,0.6462208,
7355341,0.6180173,
7355342,0.59240514,
7355343,0.8176134,
7355344,0.83022994,
7355345,0.8151785,
7355347,0.7614801,
7355348,0.8233856,
7355349,0.8178659,
7355350,0.69976276,
7355351,0.889023,
7355352,0.7209441,
7355353,0.8482258,
7355354,0.71327895,
7355355,0.84139127,
7355356,0.75237703,
7355357,0.73692876,
7355358,0.5568122,
7355557,0.33608603,
7355558,0.2559615,
7355559,0.29287368,
7355560,0.24290054,
7355561,0.235557,
7355562,0.24697521,
7355563,0.22964044,
7355564,0.27733898,
7355565,0.33055392,
7355566,0.41821262,
7355567,0.28193682,
7355568,0.23905066,
7355569,0.32558277,
7355570,0.44766074,
7355572,0.26177678,
7355573,0.3489957,
7355574,0.32573268,
7355575,0.21720965,
7355576,0.34595793,
7355577,0.2604924,
7355578,0.26174167,
7355579,0.3268295,
7355580,0.24891728,
7355581,0.23291099,
7355582,0.28305957,
7355583,0.2863887,
7355584,0.26192015,
7355585,0.22857353,
7355586,0.3084544,
7355587,0.2317956,
7355588,0.2670889,
7355589,0.30051932,
7355590,0.23018886,
7355591,0.22236563,
7355592,0.33287862,
7355593,0.24108362,
7355690,0.8847869,
7355691,0.7826721,
7355692,0.88924587,
7355693,0.9042911,
7355694,0.878145,
7355695,0.9068744,
7355697,0.90403646,
7355699,0.742105,
7355707,0.650168,
7355708,0.71793956,
7355709,0.7466648,
7355710,0.8324998,
7355711,0.8951568,
7355712,0.88832587,
7355713,0.8479049,
7355714,0.90303123,
7355715,0.780234,
7355716,0.9083119,
7355717,0.90032643,
7355719,0.8998757,
7355721,0.8320985,
7355796,0.82833385,
7355797,0.77610916,
7355798,0.7289607,
7355799,0.85626376,
7355800,0.8689198,
7355801,0.84109503,
7355802,0.81383395,
7355803,0.7992998,
7355804,0.79624367,
7355812,0.5770189,
7355813,0.53314936,
7355814,0.52288204,
7355815,0.5585935,
7355816,0.49898872,
7355817,0.5057778,
7355819,0.56286234,
7355820,0.5785153,
7355821,0.5190331,
7355822,0.5362283,
7355830,0.60187274,
7355831,0.5737574,
7355832,0.6203206,
7355833,0.5536713,
7355835,0.5371974,
7355836,0.53882045,
7355837,0.60002005,
7355839,0.68174666,
7355843,0.8921204,
7355844,0.84788454,
7355845,0.79371446,
7355846,0.7823725,
7355847,0.79771787,
7355872,0.7552459,
7355889,0.26995194,
7355890,0.30484524,
7355891,0.23172769,
7355892,0.23876305,
7355893,0.20776187,
7355894,0.2453454,
7355895,0.24860439,
7355896,0.2544613,
7355897,0.2545186,
7355898,0.21692887,
7355899,0.24141793,
7355900,0.20866618,
7355901,0.21990454,
7356094,0.8108178,
7356100,0.7892037,
7356233,0.6725045,
7356234,0.5285137,
7356235,0.7496125,
7356237,0.65984964,
7356239,0.6439499,
7356240,0.7802091,
7356241,0.75149345,
7356242,0.8574445,
7356243,0.425795,
7356244,0.68782365,
7356245,0.85129076,
7356246,0.48906693,
7356247,0.55012697,
7356248,0.58761984,
7356249,0.7590086,
7356250,0.8169615,
7356251,0.4305013,
7356252,0.3864045,
7356254,0.4628492,
7356255,0.59278303,
7356256,0.8024289,
7356257,0.6351005,
7356258,0.76415354,
7356259,0.738147,
7356260,0.4983868,
7356261,0.62492776,
7356264,0.34205288,
7356266,0.7011231,
7356268,0.7656167,
7356269,0.76486564,
7356270,0.85976,
7356360,0.8635461,
7356361,0.6664623,
7356362,0.76814324,
7356363,0.66157347,
7356364,0.6342,
7356365,0.80659807,
7356366,0.7713199,
7356367,0.70863086,
7356368,0.5429805,
7356369,0.56618875,
7356370,0.6522752,
7356503,0.52595717,
7356504,0.55191207,
7356505,0.8787478,
7356506,0.86848366,
7356507,0.8849063,
7356508,0.8676535,
7356509,0.8449742,
7356510,0.8582683,
7356511,0.74367815,
7356512,0.84401613,
7356513,0.8060801,
7356514,0.8643349,
7356515,0.6963985,
7356516,0.6968921,
7356517,0.6780114,
7356518,0.66628784,
7356573,0.70229995,
7356574,0.76139075,
7356575,0.8276642,
7356576,0.8560839,
7356577,0.7404302,
7356578,0.6862129,
7356579,0.80899227,
7356580,0.51173854,
7356581,0.48646295,
7356582,0.54796094,
7356711,0.8291244,
7356729,0.8650728,
7356730,0.8107477,
7356731,0.8252546,
7356732,0.7625616,
7356733,0.7898861,
7356734,0.8170966,
7356735,0.780768,
7356736,0.83041376,
7356737,0.84556365,
7356738,0.8066353,
7356739,0.81072885,
7356740,0.8528211,
7356741,0.85428065,
7356742,0.8726736,
7356743,0.724213,
7356744,0.82028633,
7356745,0.8322178,
7356746,0.86177605,
7356747,0.8559253,
7356748,0.84977484,
7356749,0.78781843,
7356750,0.89318645,
7356751,0.896387,
7356752,0.86451817,
7356753,0.88340974,
7356754,0.8763068,
7356755,0.7830313,
7356825,0.5448687,
7356826,0.5358629,
7356827,0.5796099,
7356828,0.5156466,
7356829,0.5704267,
7356830,0.5552017,
7356831,0.56410664,
7356832,0.65394557,
7356833,0.5131675,
7356865,0.84509903,
7356866,0.8568583,
7356868,0.7913925,
7356869,0.7878481,
7356870,0.7626069,
7356871,0.758621,
7356872,0.7172123,
7356873,0.61740947,
7356994,0.70654446,
7356995,0.841298,
7356996,0.8658348,
7356997,0.8200528,
7356999,0.8724121,
7357000,0.78554565,
7357001,0.5863299,
7357003,0.817983,
7357005,0.74574727,
7357006,0.791486,
7357007,0.81022483,
7357008,0.69149506,
7357009,0.7268612,
7357012,0.7654637,
7357018,0.7795645,
7357019,0.83226115,
7357020,0.7950597,
7357021,0.87345886,
7357022,0.76617724,
7357023,0.7998984,
7357024,0.81024915,
7357025,0.836183,
7357026,0.6969463,
7357027,0.7637131,
7357028,0.77145076,
7357030,0.86985654,
7357031,0.89194363,
7357032,0.76285845,
7357046,0.68019176,
7357048,0.72419673,
7357049,0.56636924,
7357050,0.7463526,
7357527,0.81514764,
7357528,0.7948586,
7357529,0.78064144,
7357531,0.67747927,
7357532,0.74682117,
7357533,0.59986234,
7357534,0.52032775,
7357536,0.68299145,
7357537,0.72704566,
7357538,0.8324355,
7357540,0.8122286,
7357542,0.7746523,
7357543,0.6759354,
7357545,0.77214855,
7357546,0.75040615,
7357547,0.8637145,
7357548,0.8900808,
7357549,0.8785506,
7357550,0.85992765,
7357551,0.74264854,
7357552,0.84757483,
7357553,0.8154379,
7357554,0.7995737,
7357555,0.8520234,
7357556,0.8734005,
7357557,0.77098674,
7357558,0.8204867,
7357559,0.85658073,
7357560,0.86060774,
7357561,0.8352419,
7357562,0.8289405,
7357563,0.8267979,
7357564,0.7170797,
7357565,0.828867,
7357566,0.75692046,
7357567,0.6207524,
7357568,0.719116,
7357569,0.6948909,
7357570,0.6076235,
7357571,0.6848534,
7357574,0.73659694,
7357575,0.72555786,
7357576,0.74271977,
7357577,0.88911426,
7357578,0.811392,
7357581,0.8044749,
7357582,0.91943026,
7357583,0.8891059,
7357584,0.8268116,
7357585,0.81346667,
7357586,0.78515846,
7357587,0.7973911,
7357588,0.71093196,
7357589,0.8090442,
7357590,0.7649814,
7357591,0.6830703,
7357592,0.7375659,
7357593,0.69306684,
7357594,0.8232619,
7357595,0.8176127,
7357596,0.8718225,
7357597,0.892896,
7357598,0.8115835,
7357599,0.739583,
7357600,0.8021073,
7357601,0.6849096,
7357602,0.7789233,
7357603,0.6950868,
7357604,0.6503085,
7357605,0.52550644,
7357606,0.6229581,
7357607,0.947934,
7357608,0.82201964,
7357609,0.78661835,
7357610,0.7694228,
7357611,0.7300394,
7357624,0.75264585,
7357625,0.6755881,
7357626,0.77727824,
7357627,0.8584658,
7357628,0.75915086,
7357629,0.6241456,
7357630,0.59585273,
7357631,0.6010434,
7357632,0.77019453,
7357633,0.76615524,
7358289,0.8099777,
7358290,0.8384471,
7358291,0.8088837,
7358292,0.80713946,
7358293,0.7179005,
7358294,0.7187924,
7358295,0.7822415,
7358296,0.7757309,
7358297,0.79107416,
7358298,0.70576155,
7358299,0.61711943,
7358300,0.6776055,
7358301,0.56259155,
7358304,0.68910927,
7358305,0.54808456,
7358306,0.46107063,
7358307,0.57237124,
7358308,0.7163063,
7358309,0.7685753,
7358311,0.62237793,
7358312,0.646548,
7358313,0.68110925,
7358314,0.6620629,
7358315,0.54328036,
7358321,0.6667311,
7358322,0.7635118,
7358323,0.74452376,
7358324,0.792319,
7358325,0.7475707,
7358326,0.76807576,
7358328,0.48764023,
7358329,0.45130855,
7358330,0.47157192,
7358331,0.4774536,
7358332,0.50102115,
7358333,0.5905603,
7358334,0.6401362,
7358335,0.5095106,
7358336,0.48363626,
7358337,0.6092844,
7358338,0.543728,
7358339,0.68728423,
7358340,0.3201331,
7358341,0.76970786,
7358343,0.500848,
7358344,0.7051565,
7358345,0.6758097,
7358346,0.66708106,
7358347,0.7235825,
7358348,0.5830751,
7358349,0.5990373,
7358355,0.58923626,
7358356,0.57691056,
7358357,0.8812875,
7358358,0.6807933,
7358359,0.7817933,
7358360,0.7654555,
7358361,0.75772786,
7358362,0.8104143,
7358368,0.5763266,
7358369,0.65557134,
7358370,0.79755414,
7358379,0.68947375,
7358381,0.70953065,
7358382,0.82705253,
7358383,0.78617454,
7358384,0.7871394,
7358389,0.83215284,
7358390,0.77132493,
7358391,0.77876276,
7358392,0.7228522,
7358393,0.8037445,
7358394,0.76577413,
7358396,0.76712525,
7358398,0.6502587,
7358400,0.8352727,
7358401,0.7565653,
7358605,0.8672957,
7358609,0.83196354,
7358610,0.833609,
7358611,0.7886909,
7358612,0.83790916,
7358705,0.56664985,
7358708,0.79944116,
7358709,0.8123865,
7358710,0.75546205,
7358712,0.8375589,
7358716,0.8177961,
7358717,0.84020543,
7358718,0.4265223,
7358719,0.84327984,
7358720,0.77073586,
7358721,0.7390853,
7358723,0.50150836,
7358724,0.5185751,
7358725,0.4953114,
7358726,0.41582596,
7358727,0.39810428,
7358728,0.77619463,
7358731,0.8525938,
7358732,0.8789267,
7358733,0.8419814,
7358734,0.7854299,
7358735,0.8436453,
7358736,0.81962657,
7358737,0.8537267,
7358738,0.74434733,
7358739,0.8564021,
7358740,0.81984085,
7358741,0.6199268,
7358742,0.7575934,
7358743,0.79491144,
7358744,0.6734697,
7358745,0.66092634,
7358748,0.8186188,
7358749,0.8033158,
7358751,0.85216707,
7358752,0.71998334,
7358753,0.84785414,
7358754,0.73299944,
7358755,0.8622079,
7358756,0.8098535,
7358757,0.85486144,
7358758,0.84918684,
7358759,0.82835346,
7358760,0.82839125,
7358772,0.9170616,
7358774,0.8678227,
7358775,0.9147942,
7358776,0.7746901,
7358778,0.90157974,
7358779,0.9144302,
7358780,0.8511694,
7358781,0.8452382,
7358782,0.7968452,
7358783,0.7968452,
7358784,0.8662412,
7358785,0.8662412,
7358820,0.9128744,
7358821,0.9128744,
7358822,0.85992694,
7358823,0.85992694,
7358824,0.9148076,
7358825,0.9112715,
7358826,0.9339832,
7358827,0.9383716,
7358828,0.93183565,
7358829,0.9291654,
7358830,0.8916176,
7358831,0.8913584,
7358833,0.9249864,
7358834,0.92957616,
7358849,0.9104528,
7358850,0.8807924,
7358866,0.9270183,
7358867,0.93200827,
7358868,0.9120197,
7358869,0.9042235,
7358888,0.93509746,
7358889,0.93509746,
7358906,0.92589426,
7358907,0.92589426,
7358908,0.93675214,
7358909,0.93675214,
7358910,0.9195939,
7358911,0.9195939,
7358912,0.9337982,
7358913,0.9337982,
7358914,0.8911582,
7358915,0.8911582,
7358916,0.8179262,
7358917,0.8534821,
7358918,0.90554017,
7358919,0.90554017,
7358930,0.90864927,
7358953,0.90864927,
7358961,0.9435216,
7358984,0.9419917,
7358987,0.8648466,
7358992,0.88651645,
7358994,0.9155459,
7359019,0.87755585,
7359020,0.88531715,
7359023,0.8985943,
7359024,0.8985943,
7359027,0.8434874,
7359028,0.82580495,
7359029,0.8687879,
7359030,0.8594032,
7359031,0.8865888,
7359032,0.876036,
7359185,0.9121969,
7359186,0.9090761,
7359187,0.8791663,
7359188,0.8689574,
7359204,0.9111509,
7359205,0.9093367,
7359206,0.92843795,
7359207,0.92843795,
7359210,0.7713272,
7359211,0.7713272,
7359310,0.81215435,
7359312,0.7582413,
7359314,0.63905203,
7359316,0.8558936,
7359527,0.74026316,
7359604,0.28608072,
7359605,0.7021434,
7359606,0.86981434,
7359607,0.27281287,
7359608,0.29047346,
7359609,0.25785694,
7359613,0.22412327,
7359614,0.21133201,
7359616,0.25396225,
7359617,0.30341658,
7359618,0.22755487,
7359619,0.24440125,
7359620,0.26492244,
7359621,0.27181944,
7359623,0.2685007,
7359624,0.22627199,
7359625,0.25465998,
7359627,0.29287037,
7359629,0.26389205,
7359630,0.2727777,
7359632,0.25835553,
7359633,0.24092537,
7359634,0.24445337,
7359636,0.29720417,
7359637,0.31404188,
7359638,0.3516993,
7359652,0.8663525,
7359653,0.8226725,
7359654,0.83376205,
7359655,0.21108548,
7359656,0.20260054,
7359657,0.4652084,
7359659,0.46692201,
7359661,0.7449981,
7359670,0.63247746,
7359676,0.8121361,
7359678,0.76804036,
7359679,0.7164007,
7359680,0.72709167,
7359681,0.7856068,
7359684,0.22841676,
7359685,0.2822965,
7359686,0.2658655,
7359687,0.22150753,
7359688,0.22137147,
7359689,0.22397947,
7359696,0.27076092,
7359697,0.33714283,
7359698,0.38195923,
7359699,0.22577818,
7359700,0.29671115,
7359743,0.24245767,
7359911,0.81759644,
7359912,0.769282,
7359913,0.79249936,
7359914,0.9050742,
7359915,0.7361006,
7359916,0.765806,
7359917,0.67957985,
7359918,0.82774836,
7359919,0.771198,
7359920,0.7777911,
7359921,0.7349943,
7359922,0.785372,
7359923,0.691542,
7359924,0.7871622,
7359925,0.6773266,
7359926,0.7424551,
7359927,0.8785322,
7359928,0.84546155,
7359929,0.83877945,
7359930,0.92298186,
7359931,0.82263017,
7359932,0.81813085,
7359934,0.6609127,
7359936,0.69930315,
7359937,0.4832504,
7359938,0.7451717,
7359939,0.6650957,
7359940,0.6735658,
7359941,0.6771125,
7359942,0.7603337,
7359943,0.6801598,
7359944,0.6174676,
7359945,0.6723224,
7359946,0.6501355,
7359947,0.9284199,
7359948,0.92849547,
7359958,0.85877925,
7359959,0.8175216,
7359961,0.8610447,
7359962,0.8738236,
7359963,0.8849754,
7359964,0.7919992,
7359967,0.6305438,
7359968,0.7580893,
7359969,0.6155971,
7359970,0.7967017,
7359971,0.84908736,
7359972,0.83449864,
7359973,0.8434142,
7359974,0.7313695,
7359975,0.9054083,
7359977,0.8247191,
7359978,0.7710003,
7359979,0.7695632,
7359980,0.8015225,
7359981,0.5975916,
7359982,0.8430083,
7359983,0.8335259,
7359984,0.7546737,
7359985,0.6668082,
7359986,0.6244834,
7359988,0.7094004,
7359989,0.7367326,
7359990,0.91241586,
7359991,0.90830684,
7359992,0.8776289,
7359993,0.8295712,
7359994,0.8951589,
7359995,0.46275556,
7359996,0.5409121,
7359997,0.9107601,
7359998,0.73326963,
7359999,0.6960344,
7360000,0.9140229,
7360001,0.7883485,
7360003,0.86124164,
7360004,0.8728825,
7360005,0.8358113,
7360006,0.7696115,
7360007,0.8073519,
7360008,0.81691426,
7360009,0.8452075,
7360010,0.8309207,
7360012,0.8814701,
7360014,0.8638788,
7360015,0.8582202,
7360016,0.8998949,
7360017,0.8491602,
7360018,0.9124765,
7360019,0.9089677,
7360020,0.875262,
7360021,0.74226147,
7360022,0.8520938,
7360023,0.8981386,
7360024,0.7343302,
7360025,0.6176881,
7360026,0.8420833,
7360027,0.8660753,
7360028,0.801078,
7360029,0.8531155,
7360030,0.7683506,
7360031,0.80907816,
7360032,0.7992129,
7360033,0.7118762,
7360034,0.89762497,
7360035,0.8765058,
7360036,0.840568,
7360037,0.89391416,
7360038,0.7342988,
7360039,0.6784222,
7360074,0.9007869,
7360075,0.8426097,
7360078,0.8635803,
7360129,0.76235914,
7360252,0.92342925,
7360253,0.80828416,
7360254,0.85544384,
7360255,0.8364218,
7360256,0.77700984,
7360257,0.8388445,
7360409,0.8001233,
7360410,0.87331307,
7360411,0.8519735,
7360412,0.7594046,
7360413,0.7451686,
7360414,0.7709582,
7360415,0.6527694,
7360416,0.7194659,
7360418,0.79720783,
7360419,0.8033122,
7360420,0.8004906,
7360421,0.7876948,
7360422,0.78804016,
7360423,0.81555986,
7360424,0.75932753,
7360426,0.7648778,
7360427,0.86952335,
7360428,0.8457297,
7360429,0.8246234,
7360431,0.79822195,
7360432,0.84678906,
7360433,0.7918465,
7360434,0.8127711,
7360435,0.8429368,
7360436,0.8247024,
7360437,0.8680496,
7360438,0.8421415,
7360439,0.847128,
7360440,0.837055,
7360441,0.8022261,
7360443,0.81101364,
7360444,0.7205862,
7360445,0.788628,
7360446,0.8022821,
7360447,0.8037239,
7360448,0.8218195,
7360449,0.84163064,
7360450,0.7938109,
7360451,0.77259153,
7360453,0.734034,
7360454,0.7659402,
7360455,0.7401778,
7360456,0.86788356,
7360457,0.82538253,
7360458,0.8081475,
7360459,0.7879185,
7360460,0.80462503,
7360461,0.7820882,
7360462,0.74107754,
7360463,0.7361277,
7360464,0.7739058,
7360466,0.6485117,
7360467,0.67355305,
7360468,0.7472986,
7360471,0.7405119,
7360472,0.8047893,
7360473,0.63218284,
7360474,0.7384686,
7360475,0.7684235,
7360478,0.722066,
7360479,0.70471394,
7360480,0.8344996,
7360481,0.808625,
7360482,0.7399973,
7360483,0.86098593,
7360484,0.7740663,
7360485,0.7377628,
7360486,0.7071708,
7360487,0.86144996,
7360488,0.8228065,
7360489,0.86449033,
7360490,0.8521486,
7360491,0.7541955,
7360493,0.8412493,
7360494,0.7987643,
7360496,0.7613117,
7360497,0.73941195,
7360498,0.7546701,
7360500,0.81566316,
7360502,0.80741906,
7360503,0.78131115,
7360505,0.67399323,
7360506,0.7582499,
7360507,0.7687837,
7360508,0.7049452,
7360509,0.74356765,
7360511,0.65314436,
7360512,0.63705593,
7360514,0.81333226,
7360515,0.7839151,
7360516,0.8257656,
7360517,0.7857796,
7360519,0.7115185,
7360520,0.7013759,
7360521,0.74271667,
7360522,0.7814956,
7360524,0.8807321,
7360525,0.81297404,
7360526,0.9132089,
7360528,0.85513407,
7360529,0.5017478,
7360530,0.62848735,
7360531,0.84050775,
7360532,0.83271194,
7360533,0.7871154,
7360534,0.7063118,
7360536,0.7540723,
7360537,0.79149395,
7360538,0.7071711,
7360539,0.8038061,
7360540,0.67806643,
7360541,0.6545161,
7360542,0.8232738,
7360543,0.81209505,
7360545,0.7549176,
7360546,0.78561866,
7360547,0.6058892,
7360548,0.64963984,
7360549,0.67915106,
7360550,0.8656436,
7360552,0.9380203,
7360553,0.61647743,
7360554,0.63299596,
7360555,0.74203545,
7360557,0.8292485,
7360558,0.47584996,
7360559,0.52383816,
7360560,0.6061443,
7360561,0.52192706,
7360562,0.58094114,
7360563,0.828702,
7360564,0.44693813,
7360565,0.5208216,
7360567,0.5916611,
7360568,0.54997134,
7360569,0.69143397,
7360570,0.6599523,
7360571,0.228282,
7360574,0.4013426,
7360575,0.7559948,
7360576,0.7444683,
7360577,0.7268078,
7360579,0.6939125,
7360580,0.73925966,
7360581,0.6552644,
7360583,0.78288776,
7360584,0.7530486,
7360585,0.7505004,
7360586,0.7499728,
7360588,0.8203095,
7360690,0.6129315,
7360691,0.5604126,
7360692,0.7683482,
7360693,0.7118073,
7360694,0.80869204,
7360695,0.7495098,
7360696,0.7068256,
7360697,0.7866542,
7360698,0.63720965,
7360699,0.7917444,
7360700,0.7997896,
7360701,0.76339364,
7360702,0.76622564,
7360703,0.78476244,
7360704,0.63345563,
7360705,0.74374205,
7360706,0.82701004,
7360707,0.6951251,
7360708,0.6763953,
7360710,0.83651847,
7360711,0.7839842,
7360712,0.8027706,
7360713,0.61817116,
7360714,0.5924291,
7360715,0.72226745,
7360716,0.8158343,
7360717,0.87376785,
7360718,0.7461887,
7360719,0.7550796,
7360720,0.6100707,
7360721,0.7221602,
7360723,0.6861389,
7360724,0.68748087,
7360725,0.8516645,
7360726,0.82081354,
7360727,0.811159,
7360728,0.68401355,
7360729,0.76727116,
7360730,0.83907926,
7360731,0.7734821,
7360732,0.7798553,
7360733,0.7279636,
7360734,0.83538437,
7360735,0.88285416,
7360736,0.8311875,
7360737,0.62001985,
7360738,0.8455352,
7360739,0.8031924,
7360740,0.78072876,
7360741,0.7416736,
7360742,0.8150202,
7360743,0.705741,
7360745,0.71412283,
7360746,0.7116254,
7360747,0.654705,
7360748,0.839452,
7360749,0.8315932,
7360750,0.6124596,
7360751,0.89755666,
7360752,0.8136139,
7360753,0.88657784,
7360754,0.51303613,
7360755,0.5151338,
7360756,0.74615395,
7360757,0.8103519,
7360758,0.75540894,
7360759,0.80588585,
7360761,0.72102135,
7360762,0.60247463,
7360763,0.68825984,
7360764,0.7459182,
7360765,0.6662393,
7360766,0.70109034,
7360767,0.75549614,
7360768,0.8528822,
7360769,0.8578349,
7360770,0.71153814,
7360771,0.7422183,
7360772,0.7726548,
7360773,0.76443684,
7360774,0.63522136,
7360775,0.6490846,
7360776,0.52300584,
7360777,0.47772273,
7360778,0.5193215,
7360779,0.7220415,
7360780,0.7961867,
7360781,0.8418494,
7360782,0.8365914,
7360783,0.82808083,
7360784,0.8863037,
7360785,0.77851665,
7360786,0.8758067,
7360787,0.8502395,
7360788,0.7761835,
7360789,0.7615024,
7360790,0.6769123,
7360791,0.6171815,
7360792,0.6912605,
7360871,0.7596254,
7360894,0.843719,
7361122,0.7742574,
7361123,0.8483448,
7361124,0.7688231,
7361125,0.8523368,
7361126,0.8924549,
7361127,0.83287454,
7361128,0.7968686,
7361129,0.7030967,
7361135,0.8448528,
7361136,0.82668096,
7361137,0.8078271,
7361138,0.8084552,
7361207,0.7655007,
7361208,0.79345065,
7361209,0.77042633,
7361210,0.6039814,
7361211,0.82124066,
7361212,0.8776206,
7361213,0.85900813,
7361214,0.60782367,
7361215,0.57842165,
7361223,0.8205404,
7361225,0.79138637,
7361226,0.7522105,
7361228,0.8223094,
7361229,0.85077465,
7361396,0.6398079,
7361427,0.7119396,
7361430,0.7409216,
7361431,0.6310889,
7361432,0.5169847,
7361433,0.5093868,
7361434,0.76716834,
7361435,0.734771,
7361436,0.8363693,
7361438,0.72974616,
7361439,0.74644697,
7361440,0.55808663,
7361441,0.64169616,
7361442,0.579098,
7361444,0.5853376,
7361445,0.77588147,
7361446,0.8273899,
7361447,0.4649518,
7361448,0.70567137,
7361449,0.6887444,
7361450,0.68079686,
7361451,0.7431019,
7361452,0.7740444,
7361453,0.79937285,
7361454,0.628159,
7361455,0.50481135,
7361457,0.77444845,
7361460,0.7167667,
7361465,0.6799993,
7361478,0.6418384,
7361480,0.59113544,
7361481,0.7821554,
7361482,0.80443734,
7361483,0.80862623,
7361484,0.817681,
7361485,0.8086028,
7361488,0.81832546,
7361489,0.7397138,
7361490,0.8523666,
7361491,0.8640237,
7361492,0.8636636,
7361493,0.85736465,
7361494,0.89325994,
7361495,0.6863513,
7361499,0.7032795,
7361500,0.7846291,
7361517,0.8759246,
7361518,0.7498623,
7361519,0.83123195,
7361520,0.7794807,
7361521,0.85071576,
7361522,0.82545966,
7361523,0.8397966,
7361528,0.7661629,
7361529,0.8020132,
7361530,0.8313778,
7361556,0.7804016,
7361557,0.60702,
7361558,0.7512605,
7361571,0.58253235,
7361573,0.7380495,
7361574,0.49980688,
7361575,0.67693424,
7361576,0.8818083,
7361577,0.83681,
7361578,0.84084153,
7361579,0.81519353,
7361580,0.5243887,
7361581,0.5987685,
7361582,0.6471893,
7361583,0.7639065,
7361584,0.7973735,
7361585,0.8390337,
7361586,0.7685461,
7361587,0.814771,
7361588,0.82355887,
7361589,0.8892209,
7361590,0.87414956,
7361591,0.8961075,
7361592,0.89796156,
7361593,0.86243385,
7361595,0.59046274,
7361597,0.5227621,
7361598,0.46929583,
7361601,0.6405923,
7361602,0.69881654,
7361603,0.76784766,
7361604,0.7939028,
7361605,0.46197182,
7361606,0.5843857,
7361607,0.69271815,
7361608,0.62421054,
7361609,0.64508754,
7361610,0.599249,
7361611,0.71731013,
7361614,0.66230744,
7361648,0.87104404,
7361649,0.87811154,
7361651,0.89828336,
7361652,0.72494924,
7361653,0.689725,
7361654,0.8509434,
7361655,0.84682786,
7361657,0.52968484,
7361665,0.6346723,
7361667,0.6347933,
7361691,0.81437063,
7361692,0.7629504,
7361719,0.83937454,
7361720,0.843062,
7361721,0.857082,
7361894,0.8432069,
7362002,0.8864277,
7362003,0.8464077,
7362004,0.86500376,
7362005,0.8827735,
7362007,0.8954587,
7362008,0.8873855,
7362009,0.69630814,
7362010,0.7869936,
7362011,0.8370456,
7362012,0.83399594,
7362013,0.8967413,
7362046,0.58414817,
7362047,0.7074134,
7362048,0.734858,
7362049,0.73744637,
7362052,0.8863439,
7362070,0.8797875,
7362080,0.8661537,
7362086,0.8533921,
7362109,0.85993123,
7362110,0.7604432,
7362111,0.5319559,
7362112,0.6828286,
7362113,0.7652172,
7362114,0.8192736,
7362115,0.8592648,
7362117,0.7876924,
7362118,0.8108983,
7362119,0.8293803,
7362120,0.76908827,
7362132,0.6827097,
7362133,0.65549445,
7362134,0.5297213,
7362165,0.7522817,
7362170,0.7987122,
7362171,0.7875987,
7362172,0.8395786,
7362174,0.8856995,
7362176,0.8362965,
7362177,0.7149893,
7362178,0.7867271,
7362179,0.7916628,
7362180,0.7381557,
7362181,0.8091064,
7362182,0.77817166,
7362183,0.80473256,
7362209,0.8187884,
7362210,0.907997,
7362211,0.88100207,
7362212,0.87495524,
7362213,0.84546006,
7362242,0.65497047,
7362243,0.59454864,
7362244,0.6322712,
7362248,0.5753413,
7362249,0.56182003,
7362250,0.5680504,
7362251,0.5529255,
7362252,0.57150257,
7362290,0.8825958,
7362291,0.6164249,
7362292,0.5811469,
7362293,0.70646477,
7362295,0.72017366,
7362296,0.71245515,
7362297,0.7368971,
7362844,0.69995207,
7362845,0.78728056,
7362846,0.82323927,
7362847,0.66986567,
7362848,0.7153063,
7362849,0.7820803,
7362851,0.7051881,
7362852,0.7055577,
7362853,0.70732594,
7362854,0.45229003,
7362855,0.7617651,
7362856,0.6344133,
7362857,0.5672316,
7362858,0.6066984,
7362860,0.7114727,
7362862,0.66166407,
7362863,0.55902106,
7362864,0.57646364,
7362865,0.7592685,
7362866,0.76867825,
7362867,0.7709596,
7362871,0.6468335,
7362872,0.6188023,
7362873,0.7701944,
7362874,0.76560867,
7362875,0.7238493,
7362878,0.6794799,
7362879,0.8505697,
7362880,0.86659646,
7362883,0.8832366,
7362884,0.9208872,
7362935,0.5695097,
7362943,0.5789091,
7363006,0.8994676,
7363007,0.8590315,
7363008,0.8708684,
7363009,0.9083894,
7363010,0.8823417,
7363142,0.7574795,
7363143,0.7448805,
7363144,0.81700355,
7363145,0.84861183,
7363220,0.6736567,
7363221,0.6257802,
7363223,0.6841898,
7363224,0.7154987,
7363380,0.6303899,
7363381,0.59101695,
7363382,0.701966,
7363383,0.7139544,
7363384,0.70666045,
7363386,0.8767538,
7363391,0.56609696,
7363392,0.75805587,
7363393,0.5792309,
7363394,0.7234725,
7363395,0.57900923,
7363397,0.57576376,
7363398,0.6969971,
7363399,0.80371916,
7363401,0.71017104,
7363402,0.7176278,
7363403,0.7030457,
7363404,0.7043283,
7363405,0.7068298,
7363525,0.7926466,
7363526,0.904827,
7363527,0.86675346,
7363528,0.8137502,
7363529,0.79227275,
7363530,0.812001,
7363531,0.80290854,
7363532,0.835893,
7363533,0.8613502,
7363534,0.7899139,
7363535,0.8957627,
7363536,0.8786923,
7363541,0.61370677,
7363542,0.7783055,
7363545,0.7265553,
7363549,0.76700497,
7363550,0.7835835,
7363551,0.7759846,
7363554,0.760445,
7363563,0.7146643,
7363577,0.7692664,
7363578,0.74194723,
7363592,0.89392644,
7363593,0.80934024,
7363594,0.9017106,
7363595,0.6473424,
7363598,0.51150244,
7363599,0.54398423,
7363600,0.48151276,
7363601,0.5398169,
7363602,0.43145114,
7363603,0.51267284,
7363645,0.9037422,
7363648,0.7479436,
7363665,0.8431053,
7363666,0.77928376,
7363668,0.9013982,
7363669,0.8613896,
7363670,0.87128204,
7363671,0.7953623,
7363672,0.8657661,
7363674,0.7776179,
7363675,0.7675477,
7363676,0.7304978,
7363677,0.7132485,
7363678,0.84068584,
7363679,0.8925668,
7363680,0.73615754,
7363683,0.72885364,
7363684,0.73295593,
7363685,0.6511542,
7363748,0.8351688,
7363749,0.7864705,
7363751,0.8443808,
7363752,0.7824878,
7363753,0.837542,
7363754,0.80116415,
7363755,0.81513256,
7363756,0.84377223,
7363757,0.8326994,
7363758,0.7389621,
7363759,0.7103762,
7363760,0.7194609,
7363761,0.6700245,
7363769,0.85587496,
7363779,0.7735369,
7363840,0.79014194,
7363841,0.73030984,
7363842,0.77614486,
7363844,0.8522246,
7363931,0.675128,
7363932,0.6640957,
7363933,0.7037222,
7363934,0.6662543,
7363935,0.63539416,
7363944,0.7074391,
7363945,0.74409497,
7363946,0.73794705,
7363947,0.65210426,
7363948,0.5938861,
7363949,0.6553117,
7363950,0.64028466,
7363951,0.6431262,
7363952,0.70010614,
7363953,0.7622445,
7363954,0.6865585,
7363955,0.68591076,
7363956,0.66515887,
7363957,0.58363277,
7363958,0.52754456,
7363959,0.6854233,
7363960,0.65974176,
7363961,0.71083164,
7363966,0.5154572,
7363967,0.531197,
7363968,0.52629524,
7364152,0.699849,
7364153,0.7434055,
7364154,0.85020113,
7364155,0.86093915,
7364160,0.8175268,
7364161,0.7613911,
7364162,0.816552,
7364164,0.7979749,
7364313,0.67363834,
7364315,0.6932132,
7364316,0.7795615,
7364318,0.6963757,
7364320,0.6669724,
7364321,0.6669724,
7364338,0.6737448,
7364504,0.76939017,
7364505,0.81075406,
7364549,0.72968584,
7364582,0.7659611,
7364593,0.75460166,
7364629,0.73371506,
7364689,0.8285201,
7364690,0.8199144,
7364691,0.66618115,
7364692,0.7409758,
7364693,0.7348195,
7364694,0.75129896,
7364695,0.76668143,
7364700,0.6567881,
7364706,0.71840894,
7364707,0.643237,
7364803,0.7583278,
7364804,0.84170735,
7364805,0.7684534,
7364876,0.7794404,
7364877,0.77974635,
7364878,0.7302773,
7364882,0.7586788,
7364910,0.69518185,
7364912,0.8249137,
7364918,0.9154192,
7364919,0.87512964,
7364921,0.7223447,
7364923,0.615675,
7364926,0.8523973,
7364928,0.83024395,
7364930,0.8209253,
7364933,0.72879493,
7364934,0.65732896,
7364936,0.78451455,
7364938,0.7961062,
7364940,0.7566797,
7364942,0.8540459,
7364959,0.7075402,
7364963,0.8796125,
7364964,0.74986684,
7364965,0.75957847,
7364966,0.8314048,
7364967,0.8370411,
7364968,0.7138236,
7364969,0.70703256,
7364974,0.8353393,
7364975,0.78734463,
7364976,0.8588954,
7364981,0.71442145,
7364983,0.82334006,
7364985,0.8057022,
7364987,0.8326299,
7364989,0.80464816,
7364991,0.8319145,
7364993,0.83195794,
7364994,0.5949419,
7364995,0.73476255,
7364996,0.82126814,
7364997,0.78764045,
7364998,0.80181426,
7364999,0.7623306,
7365000,0.82110995,
7365007,0.7675982,
7365008,0.8057595,
7365009,0.8085171,
7365012,0.78838056,
7365014,0.8816413,
7365015,0.8621579,
7365016,0.81692076,
7365019,0.7462262,
7365022,0.839031,
7365023,0.8697627,
7365024,0.5112063,
7365028,0.6715317,
7365029,0.7156797,
7365030,0.7323744,
7365031,0.73288107,
7365032,0.7143226,
7365037,0.6359401,
7365038,0.8399309,
7365039,0.67165,
7365040,0.6333877,
7365141,0.7657559,
7365179,0.75178456,
7365200,0.6569268,
7365264,0.77872306,
7365269,0.6374784,
7365270,0.89265144,
7365271,0.8969649,
7365273,0.87509865,
7365274,0.90117157,
7365275,0.7867929,
7365276,0.8693263,
7365277,0.8712943,
7365278,0.87687063,
7365279,0.8606599,
7365295,0.7374575,
7365296,0.6862143,
7365297,0.6164454,
7365298,0.5942736,
7365299,0.75746024,
7365302,0.56421673,
7365366,0.8683113,
7365367,0.81571126,
7365368,0.73109174,
7365495,0.6585403,
7365889,0.844926,
7365890,0.7502905,
7365891,0.7998547,
7365893,0.7651097,
7365894,0.77218866,
7365895,0.7425963,
7365896,0.9155494,
7365897,0.6517418,
7365898,0.9028124,
7365899,0.8153929,
7365909,0.7500362,
7365910,0.8995757,
7365911,0.785957,
7365912,0.73441535,
7365913,0.77541643,
7365914,0.7561619,
7365915,0.80655843,
7365916,0.7583678,
7365917,0.7490886,
7365918,0.8110007,
7365919,0.71887344,
7365920,0.87308836,
7365922,0.8369318,
7365923,0.8462418,
7365924,0.87342733,
7366299,0.746307,
7366310,0.7150264,
7366311,0.75752544,
7366313,0.8646917,
7366318,0.74932355,
7366319,0.6744124,
7366320,0.7533851,
7366322,0.8391425,
7366323,0.8353432,
7366325,0.54697824,
7366326,0.5862419,
7366327,0.6826871,
7366328,0.80231166,
7366338,0.86143315,
7366339,0.63983464,
7366340,0.8261875,
7366344,0.8598059,
7366345,0.85930216,
7366346,0.85911894,
7366347,0.6904235,
7366348,0.7543967,
7366349,0.7312555,
7366352,0.707377,
7366354,0.6878972,
7366361,0.794643,
7366362,0.7089291,
7366363,0.6411039,
7366364,0.64202803,
7366365,0.57561666,
7366366,0.6947216,
7366367,0.6181801,
7366368,0.63250643,
7366369,0.66172206,
7366465,0.86369914,
7366466,0.87658983,
7366467,0.8958415,
7366468,0.8857443,
7366470,0.7175007,
7366471,0.7669864,
7366472,0.81006926,
7366535,0.813676,
7366536,0.8091712,
7366537,0.8501939,
7366542,0.6925588,
7366543,0.66928196,
7366569,0.8277009,
7366570,0.7456618,
7366576,0.7268334,
7366577,0.78074455,
7366578,0.86049795,
7366609,0.7745076,
7366610,0.77569705,
7366611,0.80322176,
7366612,0.7928831,
7366613,0.66835254,
7366614,0.83702946,
7366615,0.8482969,
7366616,0.8555509,
7366625,0.6122271,
7366626,0.85113966,
7366627,0.780966,
7366648,0.74842703,
7366650,0.70098525,
7366655,0.8073082,
7366680,0.76635075,
7366686,0.7571867,
7366687,0.78991437,
7366689,0.8400304,
7366690,0.6930491,
7366691,0.7865599,
7366692,0.86731815,
7366693,0.85131353,
7366694,0.7953173,
7366695,0.7683969,
7366696,0.7502061,
7366697,0.91617656,
7366700,0.7555021,
7366701,0.8277538,
7366702,0.8372497,
7366703,0.87920475,
7366704,0.65542793,
7366705,0.8066165,
7366706,0.7656756,
7366707,0.84165436,
7366708,0.76019824,
7366710,0.4046185,
7366712,0.8771649,
7366714,0.7313819,
7366716,0.8850757,
7366717,0.86751705,
7366718,0.84184015,
7366719,0.89546454,
7366720,0.8779981,
7366721,0.87238073,
7366722,0.82391965,
7366723,0.88566417,
7366725,0.89641786,
7366726,0.73295707,
7366730,0.7893682,
7366732,0.80138004,
7366734,0.7639657,
7366735,0.79934245,
7366736,0.90384525,
7366737,0.8381424,
7366739,0.71438736,
7366740,0.88387555,
7366741,0.69546527,
7366742,0.8713286,
7366743,0.77823627,
7366744,0.73783153,
7366745,0.6569979,
7366746,0.71343136,
7366748,0.92355645,
7366749,0.8122245,
7366752,0.91843593,
7366754,0.8411866,
7366755,0.931002,
7366756,0.9210728,
7366868,0.822739,
7366869,0.8245835,
7366870,0.758575,
7366871,0.39994735,
7366872,0.57781917,
7366873,0.48602396,
7366874,0.55041486,
7366875,0.40881792,
7366876,0.50638217,
7366877,0.5489253,
7366878,0.6221681,
7366879,0.5491414,
7367098,0.8626375,
7367099,0.9064665,
7367100,0.90416145,
7367204,0.8269925,
7367206,0.7831011,
7367207,0.7875097,
7367254,0.86099035,
7367255,0.9067779,
7367256,0.8758211,
7367330,0.8143743,
7367331,0.814858,
7367332,0.8552878,
7367333,0.7252538,
7367334,0.8097088,
7367335,0.8676044,
7367339,0.8270825,
7367342,0.8568805,
7367343,0.7690407,
7367344,0.8265302,
7367432,0.76581854,
7367438,0.7800052,
7367439,0.805597,
7367440,0.7911629,
7367441,0.8126708,
7367473,0.9030473,
7367474,0.8872141,
7367475,0.845998,
7367476,0.89660484,
7367477,0.893919,
7367478,0.8699491,
7367479,0.80926913,
7367480,0.8320523,
7367481,0.7885607,
7367585,0.7088441,
7367586,0.76355726,
7367974,0.74374694,
7367975,0.8573397,
7367976,0.88006413,
7367977,0.7276003,
7367978,0.89383733,
7367986,0.784244,
7368066,0.8331706,
7368067,0.8557971,
7368068,0.807397,
7368069,0.84580237,
7368070,0.8321708,
7368071,0.72931117,
7368072,0.4773978,
7368073,0.5939324,
7368074,0.48475194,
7368075,0.7353853,
7368076,0.78490686,
7368077,0.70395297,
7368078,0.4965489,
7368079,0.90629375,
7368080,0.9062426,
7368081,0.89218754,
7368082,0.9037382,
7368083,0.9025893,
7368084,0.8859892,
7368085,0.835621,
7368086,0.90900844,
7368089,0.8413922,
7368090,0.8981952,
7368091,0.9114027,
7368092,0.7837635,
7368093,0.68333024,
7368094,0.8101536,
7368095,0.7065527,
7368096,0.76160365,
7368110,0.8906167,
7368111,0.7305442,
7368112,0.79697484,
7368115,0.8278348,
7368237,0.6945813,
7368238,0.58566517,
7368591,0.6155447,
7368592,0.72091913,
7368595,0.7060671,
7368596,0.8553707,
7368604,0.7805228,
7368605,0.7701327,
7368614,0.81539494,
7368615,0.66534257,
7368616,0.76003546,
7368617,0.73804855,
7368618,0.7235525,
7368619,0.72457504,
7368620,0.7277919,
7368621,0.677567,
7368622,0.729433,
7368623,0.81731015,
7368624,0.6726922,
7368625,0.79630506,
7368627,0.84015,
7368628,0.6360143,
7368629,0.7405115,
7368630,0.69952005,
7368631,0.6723336,
7368632,0.8229996,
7368633,0.49573016,
7368634,0.51183945,
7368635,0.6463705,
7368636,0.62851673,
7368637,0.8064357,
7368638,0.80968964,
7368639,0.8145543,
7368640,0.7132169,
7368641,0.8103343,
7368642,0.68312687,
7368644,0.8147394,
7368645,0.7205763,
7368646,0.7249385,
7368647,0.79429257,
7368654,0.5063318,
7368656,0.5026299,
7368657,0.79764515,
7368658,0.8234991,
7368659,0.81072915,
7368939,0.28133693,
7368940,0.2637387,
7368941,0.3483511,
7368942,0.35603616,
7368943,0.38216066,
7368944,0.30843464,
7368945,0.31827813,
7368946,0.2883961,
7368947,0.32688802,
7368948,0.26971784,
7368949,0.25818282,
7368950,0.28339168,
7368951,0.29902816,
7368952,0.22617099,
7368953,0.28883123,
7368954,0.32846466,
7368955,0.30668053,
7368956,0.35460457,
7368957,0.28346792,
7368958,0.28512082,
7368959,0.21329828,
7368960,0.24303567,
7368961,0.21563956,
7368963,0.27330238,
7368964,0.36297753,
7368965,0.2961496,
7368966,0.25023893,
7368968,0.22267734,
7368969,0.26779923,
7368971,0.27762824,
7368972,0.25878096,
7368973,0.27770263,
7368974,0.26928973,
7368975,0.25019202,
7368976,0.24781775,
7368977,0.2627504,
7368978,0.26961407,
7368979,0.30926985,
7368990,0.2664582,
7369339,0.9069609,
7369340,0.87444466,
7369359,0.92858106,
7369433,0.9084012,
7369463,0.9165422,
7369558,0.86971796,
7369594,0.8952635,
7369676,0.91826004,
7369677,0.89210343,
7369678,0.887278,
7369679,0.9328302,
7369680,0.7822953,
7369683,0.8892005,
7369684,0.78501153,
7369685,0.81362236,
7369686,0.81286204,
7369687,0.8479636,
7369688,0.78307205,
7369689,0.8579283,
7369703,0.70167506,
7369709,0.8067661,
7369714,0.82142437,
7369715,0.7186976,
7369722,0.77878904,
7369723,0.6524112,
7369724,0.75924385,
7369725,0.66445976,
7369726,0.8342037,
7369728,0.8080296,
7369729,0.86052513,
7369730,0.88848996,
7369733,0.90061814,
7369734,0.9161392,
7369735,0.8930312,
7369736,0.8822589,
7369737,0.8284675,
7369766,0.6618882,
7369767,0.5636419,
7369768,0.63285995,
7369790,0.77505165,
7369802,0.7523281,
7369803,0.7820737,
7369805,0.86173487,
7369806,0.8666498,
7369807,0.8341275,
7369808,0.7838446,
7369809,0.80837214,
7369810,0.82912034,
7369841,0.6500427,
7369842,0.6960692,
7369843,0.5929096,
7369844,0.7616961,
7369845,0.8022065,
7369846,0.756334,
7369888,0.8917844,
7369889,0.9198324,
7369890,0.90120065,
7369891,0.91467,
7369892,0.91504717,
7369893,0.91071916,
7369894,0.89372194,
7369895,0.8686218,
7369896,0.9012357,
7369897,0.89288056,
7369898,0.8711567,
7369899,0.84858954,
7369900,0.8736492,
7369901,0.7196765,
7369902,0.9005608,
7369903,0.7320778,
7369904,0.83467495,
7369905,0.6222032,
7369906,0.6026897,
7369907,0.5822719,
7369908,0.57097834,
7369909,0.7719243,
7369910,0.77323246,
7369911,0.79829633,
7369912,0.79679286,
7369914,0.78762835,
7369968,0.63350034,
7369992,0.7411332,
7370023,0.8316048,
7370024,0.7814053,
7370025,0.7875321,
7370026,0.8121975,
7370035,0.6357196,
7370038,0.5093328,
7370039,0.39201683,
7370171,0.7607331,
7370229,0.8081464,
7370230,0.8581852,
7370231,0.7972247,
7370356,0.79174584,
7370494,0.75652885,
7370495,0.6835796,
7370496,0.6600849,
7370497,0.6212066,
7370498,0.7921529,
7370499,0.8370147,
7370500,0.7657428,
7370501,0.5264279,
7370502,0.7929027,
7370503,0.6927353,
7370504,0.6134088,
7370505,0.82686627,
7370506,0.8218933,
7370507,0.83948094,
7370508,0.83113414,
7370509,0.84245783,
7370510,0.78194666,
7370511,0.5176703,
7370512,0.732722,
7370513,0.7833479,
7370514,0.66834956,
7370515,0.75397724,
7370516,0.8169789,
7370517,0.78418607,
7370518,0.7361965,
7370519,0.76002955,
7370520,0.6977365,
7370521,0.8547623,
7370522,0.7339291,
7370523,0.66750395,
7370524,0.6730473,
7370567,0.7594521,
7370572,0.6887792,
7370663,0.8343528,
7370664,0.8781952,
7370665,0.80062896,
7370666,0.8633835,
7370667,0.873761,
7370668,0.8941751,
7370669,0.8891393,
7370670,0.8840609,
7370673,0.7624668,
7370674,0.68915063,
7370675,0.73149824,
7370676,0.7378434,
7370677,0.6767969,
7370678,0.6236006,
7370679,0.63297725,
7370680,0.6665104,
7370681,0.725163,
7370682,0.7933863,
7370683,0.7898881,
7370685,0.8654546,
7370686,0.91392815,
7370687,0.8557946,
7370688,0.8589339,
7370689,0.9220178,
7370690,0.9015688,
7370691,0.8714109,
7370692,0.8579831,
7370693,0.7955275,
7370695,0.9176051,
7370696,0.8683741,
7370697,0.85384226,
7370698,0.926923,
7370699,0.90793693,
7370700,0.9114661,
7370701,0.71386147,
7370702,0.6822364,
7370703,0.61280936,
7370705,0.5961791,
7370706,0.8771727,
7370707,0.8635921,
7370708,0.88404304,
7370709,0.8635999,
7370710,0.8486671,
7370711,0.8005626,
7370712,0.8225092,
7370713,0.70583946,
7370731,0.74248,
7370735,0.7966448,
7370736,0.90875465,
7370737,0.743495,
7370738,0.7615761,
7370739,0.78148186,
7370740,0.8067701,
7371060,0.79803413,
7371063,0.7153079,
7371064,0.7438296,
7371065,0.8336561,
7371129,0.8594113,
7371156,0.5970008,
7371157,0.62988853,
7371158,0.65392417,
7371159,0.89465654,
7371160,0.7836411,
7371166,0.8007836,
7371167,0.8114853,
7371168,0.85424405,
7371181,0.8134871,
7371182,0.837391,
7371183,0.7912847,
7371184,0.7840774,
7371185,0.834783,
7371186,0.8784223,
7371188,0.8372024,
7371189,0.8296105,
7371190,0.8679954,
7371191,0.84526074,
7371192,0.8440259,
7371193,0.83818567,
7371194,0.8650791,
7371202,0.806797,
7371203,0.79065007,
7371204,0.81148887,
7371205,0.83570474,
7371206,0.81531245,
7371207,0.86186206,
7371208,0.8041015,
7371209,0.850396,
7371210,0.8286039,
7371213,0.8865032,
7371217,0.8402146,
7371219,0.77913105,
7371224,0.83492285,
7371227,0.7418393,
7371228,0.82401425,
7371229,0.78568524,
7371230,0.8153211,
7371231,0.8127976,
7371232,0.81919664,
7371241,0.80248123,
7371329,0.30278087,
7371330,0.28596574,
7371331,0.26641673,
7371332,0.24632522,
7371333,0.28348863,
7371334,0.23849213,
7371335,0.29119483,
7371336,0.24360389,
7371354,0.77304065,
7371355,0.728603,
7371357,0.74197394,
7371358,0.79774535,
7371364,0.61275494,
7371540,0.89098936,
7371541,0.75289726,
7371721,0.886651,
7371722,0.87090105,
7371723,0.8638057,
7371724,0.8808364,
7371725,0.85028994,
7371761,0.77557003,
7371762,0.79096067,
7371763,0.7750091,
7371764,0.7952322,
7371765,0.7720849,
7371766,0.7384473,
7371767,0.8558619,
7371768,0.8451579,
7371827,0.8468587,
7371828,0.8819402,
7371829,0.85138816,
7371830,0.875315,
7371831,0.8628223,
7371832,0.8275542,
7371895,0.48014632,
7371945,0.8925183,
7371951,0.25789723,
7371952,0.3027993,
7371954,0.28213787,
7371988,0.25195253,
7372110,0.7622226,
7372156,0.8130313,
7372157,0.7438574,
7372158,0.678768,
7372160,0.8749772,
7372171,0.7876263,
7372463,0.2490281,
7372464,0.22781946,
7372467,0.2333722,
7373016,0.91398084,
7373017,0.92639804,
7373132,0.78840643,
7373133,0.8734932,
7373134,0.8808467,
7373135,0.8480226,
7373136,0.87730545,
7373137,0.8747529,
7373138,0.82015586,
7373139,0.8608222,
7373140,0.8489396,
7373141,0.81125367,
7373142,0.783529,
7373143,0.8214798,
7373144,0.8058867,
7373145,0.8119247,
7373146,0.8566982,
7373147,0.83618176,
7373148,0.7115677,
7373149,0.8443916,
7373150,0.82894427,
7373151,0.82208276,
7373152,0.87735784,
7373153,0.8441887,
7373154,0.7989432,
7373155,0.8309184,
7373156,0.8660704,
7373157,0.8668263,
7373158,0.7414756,
7373165,0.7303373,
7373166,0.7036309,
7373167,0.8400332,
7373473,0.7193853,
7373477,0.8311303,
7373479,0.92279994,
7375144,0.78037083,
7375456,0.7598115,
7375457,0.7047752,
7375458,0.85099965,
7375459,0.72439474,
7375460,0.7766295,
7375461,0.8680537,
7375462,0.65611887,
7375463,0.8309048,
7375464,0.88073474,
7375465,0.710238,
7375560,0.90902895,
7375561,0.90963376,
7375562,0.90137655,
7375563,0.7909398,
7375564,0.69942987,
7375566,0.7434423,
7375567,0.66993946,
7375568,0.71736515,
7375569,0.7355592,
7375570,0.69143677,
7375571,0.65493417,
7375572,0.6659107,
7375659,0.8765723,
7375660,0.8511322,
7375827,0.783608,
7375828,0.73181516,
7375829,0.86788356,
7375830,0.85466594,
7375831,0.8198519,
7375832,0.7733268,
7375833,0.72500765,
7375834,0.73462886,
7375876,0.8498182,
7375878,0.89942425,
7375889,0.900456,
7375891,0.8014783,
7375892,0.850817,
7375893,0.8334408,
7375894,0.81387174,
7375899,0.9133584,
7375900,0.7541966,
7375916,0.7680028,
7375918,0.9212936,
7375926,0.88335526,
7375927,0.8812984,
7375933,0.75106835,
7375934,0.7975263,
7375935,0.66292703,
7375936,0.774557,
7375937,0.738658,
7375941,0.6748506,
7375942,0.8206735,
7375943,0.8656962,
7375944,0.86028886,
7375946,0.8462967,
7375948,0.7326816,
7375949,0.7286193,
7375952,0.7635137,
7375953,0.88962275,
7375954,0.73398286,
7375955,0.7627108,
7375956,0.69146484,
7375957,0.8650174,
7375958,0.5684793,
7375959,0.74857163,
7375960,0.7589642,
7375961,0.90850705,
7375962,0.74223936,
7375963,0.8819281,
7375964,0.766674,
7375965,0.86063963,
7375966,0.8948155,
7376018,0.897037,
7376019,0.92066926,
7376020,0.9180567,
7376021,0.7979428,
7376022,0.8207245,
7376029,0.8201514,
7376030,0.74298865,
7376032,0.8242095,
7376033,0.8214225,
7376035,0.7122976,
7376036,0.7651152,
7376037,0.6497117,
7376039,0.80544645,
7376040,0.6013695,
7376041,0.7919377,
7376042,0.783282,
7376043,0.74675405,
7376044,0.8479601,
7376045,0.905166,
7376088,0.4706371,
7376089,0.8310533,
7376090,0.66420007,
7376094,0.7664845,
7376108,0.79959637,
7376109,0.6202742,
7376110,0.6394796,
7376286,0.8040983,
7376338,0.9306687,
7376339,0.91444767,
7376341,0.9083363,
7376342,0.89318347,
7376343,0.90499324,
7376344,0.8515758,
7376345,0.8620683,
7376346,0.9368987,
7376347,0.9401183,
7376348,0.81382436,
7376349,0.76059306,
7376350,0.9033637,
7376351,0.8616273,
7376352,0.7617711,
7376353,0.89604187,
7376354,0.880292,
7376355,0.86613506,
7376356,0.78959006,
7376357,0.81632215,
7376360,0.6957378,
7376424,0.7662751,
7376425,0.84891635,
7376426,0.86194694,
7376427,0.85872924,
7376430,0.9128994,
7376431,0.8379262,
7376432,0.8912777,
7376433,0.84730375,
7376434,0.6412974,
7376435,0.72550786,
7376436,0.5440261,
7376437,0.6689341,
7376481,0.82732725,
7376482,0.8751341,
7376483,0.79297507,
7376484,0.7839288,
7376485,0.81071997,
7376486,0.5631668,
7376492,0.7944481,
7376493,0.749189,
7376496,0.59630066,
7376497,0.68612134,
7376498,0.56109565,
7376499,0.7628089,
7376500,0.787013,
7376501,0.74935454,
7376502,0.86791486,
7376503,0.863842,
7376526,0.5730281,
7376530,0.82552177,
7376531,0.46976468,
7376532,0.65143764,
7376533,0.95107764,
7376534,0.92422086,
7376535,0.87779707,
7376539,0.9386854,
7376565,0.78656274,
7376566,0.64251506,
7376569,0.9278989,
7376570,0.83060825,
7376572,0.8255411,
7376575,0.73326504,
7376593,0.88490826,
7376594,0.8162225,
7376595,0.90682125,
7376596,0.78166634,
7376597,0.87481415,
7376598,0.74983054,
7376599,0.82397556,
7376600,0.8113734,
7376602,0.8088504,
7376603,0.78780174,
7376604,0.7589589,
7376605,0.82186437,
7376606,0.7674107,
7376618,0.62726516,
7376622,0.74706006,
7376623,0.7865517,
7376624,0.79899013,
7376625,0.677269,
7376626,0.7545584,
7376627,0.8464667,
7376628,0.81166536,
7376629,0.7502329,
7376630,0.75941575,
7376631,0.72505647,
7376633,0.69655395,
7376949,0.8237693,
7377108,0.7327823,
7377109,0.8313882,
7377110,0.8453458,
7377111,0.8263912,
7377134,0.78919965,
7377135,0.764762,
7377136,0.7581508,
7377173,0.8589318,
7377174,0.948168,
7377175,0.8591,
7377176,0.9021146,
7377177,0.6563124,
7377178,0.8155186,
7377179,0.8493639,
7377181,0.73230165,
7377182,0.81812334,
7377183,0.8006664,
7377184,0.63917196,
7377185,0.7691041,
7377186,0.6424651,
7377255,0.26865742,
7377330,0.8537109,
7377346,0.8447231,
7377347,0.82740176,
7377348,0.653209,
7377349,0.7625845,
7377350,0.78163147,
7377351,0.84402746,
7377352,0.564028,
7377353,0.63117415,
7377354,0.87522614,
7377355,0.7211069,
7377356,0.84915024,
7377357,0.7732877,
7377358,0.70182604,
7377359,0.78929293,
7377360,0.83518386,
7377361,0.6049205,
7377365,0.74826777,
7377367,0.81012374,
7377368,0.7353272,
7377369,0.77500606,
7377370,0.708824,
7377372,0.88251674,
7377373,0.69093114,
7377374,0.5580321,
7377375,0.6989633,
7377376,0.712921,
7377377,0.73346144,
7377378,0.6649378,
7377379,0.7133045,
7377380,0.5397023,
7377381,0.71831065,
7377382,0.6417404,
7377383,0.8575834,
7377384,0.64233685,
7377385,0.66449195,
7377386,0.682986,
7377387,0.7064096,
7377388,0.834669,
7377389,0.7224107,
7377401,0.77492666,
7377409,0.8600933,
7377410,0.7885548,
7377411,0.7917093,
7377412,0.45108116,
7377413,0.7908165,
7377414,0.82752585,
7377415,0.6599412,
7377416,0.685492,
7377417,0.67376304,
7377418,0.6157966,
7377419,0.81366634,
7377420,0.7453599,
7377421,0.81666505,
7377422,0.74376696,
7377423,0.6666036,
7377424,0.8479381,
7377425,0.80358773,
7377426,0.8140005,
7377427,0.8811895,
7377428,0.7324666,
7377429,0.7983752,
7377430,0.83150506,
7377973,0.8529795,
7378038,0.8863223,
7378039,0.9146561,
7378042,0.9057878,
7378102,0.83122855,
7378104,0.8327698,
7378123,0.87779945,
7378126,0.6501046,
7378128,0.883423,
7378129,0.6998711,
7378133,0.8346467,
7378135,0.81692165,
7378136,0.7333654,
7378137,0.7588631,
7378142,0.7820197,
7378143,0.68308467,
7378144,0.7780852,
7378146,0.6973621,
7378147,0.79018444,
7378148,0.6789854,
7378149,0.7667342,
7378150,0.8407392,
7378151,0.8653452,
7378153,0.7195245,
7378154,0.8889303,
7378155,0.85843694,
7378157,0.6111116,
7378158,0.80588436,
7378159,0.6672601,
7378160,0.6490603,
7378161,0.8479155,
7378162,0.7947558,
7378163,0.83959264,
7378164,0.8387211,
7378165,0.6608107,
7378166,0.69479215,
7378167,0.51297915,
7378169,0.5135891,
7378170,0.6615187,
7378171,0.8282171,
7378172,0.8610053,
7378174,0.80869794,
7378175,0.6482988,
7378176,0.78446907,
7378177,0.8469894,
7378178,0.8225459,
7378179,0.8258297,
7378180,0.7499619,
7378181,0.7805194,
7378182,0.8489964,
7378183,0.84747565,
7378184,0.8683982,
7378185,0.762776,
7378186,0.8298195,
7378187,0.823064,
7378188,0.8005931,
7378189,0.8263195,
7378200,0.8330004,
7378203,0.84227675,
7378257,0.36688307,
7378376,0.8428867,
7378412,0.7975562,
7378413,0.72017837,
7378414,0.69166887,
7378415,0.68522996,
7378417,0.3891369,
7378418,0.6590539,
7378422,0.7942088,
7378517,0.6714244,
7378518,0.6756431,
7378610,0.8083499,
7378611,0.7621299,
7378628,0.87359416,
7378629,0.7508718,
7378632,0.71367574,
7378633,0.6940411,
7378634,0.52835774,
7378667,0.8810538,
7378669,0.8047906,
7378678,0.8313214,
7378714,0.897172,
7378721,0.9162238,
7378723,0.926607,
7378727,0.8488752,
7378824,0.55368006,
7378826,0.66205794,
7378827,0.6305552,
7378828,0.5663052,
7378829,0.44611806,
7378830,0.42212552,
7378831,0.5199114,
7378973,0.7996028,
7378974,0.8490495,
7379071,0.7686933,
7379072,0.80764014,
7379073,0.7677438,
7379184,0.86667407,
7379214,0.611929,
7379215,0.73938465,
7379216,0.68624693,
7379217,0.6070581,
7379219,0.736977,
7379220,0.72480345,
7379278,0.5593754,
7379282,0.5469828,
7379283,0.8480958,
7379284,0.8133103,
7379286,0.43799183,
7379287,0.5911596,
7379288,0.52768093,
7379289,0.83930004,
7379291,0.9114037,
7379293,0.8073324,
7379299,0.755932,
7379302,0.84970134,
7379303,0.8046582,
7379304,0.8825145,
7379306,0.86385417,
7379307,0.816831,
7379309,0.8936384,
7379310,0.89671135,
7379311,0.8235456,
7379313,0.8682703,
7379332,0.6066366,
7379333,0.727839,
7379334,0.740467,
7379335,0.750322,
7379337,0.7081914,
7379344,0.78954744,
7379345,0.68604547,
7379368,0.8307207,
7379369,0.8145063,
7379371,0.80723614,
7379373,0.714659,
7379380,0.71666086,
7379381,0.8061545,
7379383,0.8807087,
7379385,0.8403556,
7379386,0.85196674,
7379387,0.8336382,
7379390,0.7008324,
7379391,0.5702166,
7379405,0.83392835,
7379406,0.86322147,
7379408,0.77332956,
7379409,0.84860396,
7379410,0.83218575,
7379411,0.7224908,
7379414,0.7769977,
7379415,0.77776515,
7379535,0.61739343,
7379544,0.5621253,
7379545,0.6402288,
7379575,0.7274004,
7379577,0.7487041,
7379578,0.80812263,
7379579,0.7612204,
7379587,0.8394829,
7379588,0.86880624,
7380097,0.6970354,
7380098,0.5899264,
7380099,0.6454976,
7380100,0.72817874,
7380101,0.79439014,
7380102,0.79001755,
7380103,0.8156227,
7380104,0.83252585,
7380105,0.7334892,
7380106,0.7663325,
7380107,0.74249023,
7380120,0.7960792,
7380124,0.6755924,
7380125,0.63581586,
7380128,0.78189313,
7380482,0.80818886,
7380487,0.77729875,
7380512,0.81785977,
7380513,0.4537404,
7380514,0.792141,
7380515,0.71161586,
7380519,0.80145687,
7380685,0.82610303,
7380687,0.8891827,
7380689,0.90075624,
7380691,0.8898185,
7380810,0.6680444,
7380811,0.640059,
7380812,0.67522717,
7380813,0.7022766,
7380814,0.7747498,
7380815,0.73624206,
7380816,0.6646769,
7380817,0.59720296,
7380818,0.7263167,
7380819,0.66631556,
7380820,0.91108197,
7380821,0.7899791,
7380822,0.8531896,
7380823,0.77653503,
7380824,0.72917515,
7380825,0.7673563,
7380826,0.81199205,
7380827,0.7475424,
7380828,0.6873193,
7380829,0.54706156,
7380830,0.5607231,
7380831,0.7340108,
7380832,0.43741804,
7380833,0.48790774,
7380834,0.48951644,
7380835,0.6723179,
7380836,0.7077167,
7380838,0.81519634,
7380839,0.8647405,
7380840,0.8596364,
7380841,0.6172537,
7380842,0.44369206,
7380843,0.75681674,
7380849,0.5177587,
7380850,0.6358615,
7380851,0.6812552,
7380852,0.7114034,
7380853,0.5651129,
7380854,0.5948753,
7380855,0.65813166,
7380856,0.78312546,
7380857,0.8320208,
7380858,0.844332,
7380859,0.8836137,
7380860,0.6443269,
7380861,0.5090111,
7380862,0.76716334,
7380863,0.7867087,
7380864,0.7040952,
7380865,0.7519626,
7380866,0.75344056,
7380867,0.69703007,
7380868,0.42331496,
7380869,0.6730685,
7380870,0.7282577,
7380871,0.7802126,
7380872,0.63151026,
7380874,0.5934928,
7380875,0.8449702,
7380876,0.7280696,
7380877,0.6247618,
7380878,0.73167634,
7380939,0.8925728,
7380967,0.7404729,
7380972,0.8676282,
7381006,0.9185026,
7381008,0.8877758,
7381009,0.79698354,
7381050,0.8710368,
7381051,0.84276056,
7381052,0.790949,
7381053,0.8168592,
7381107,0.80642796,
7381108,0.87575555,
7381112,0.84536093,
7381113,0.8196054,
7381219,0.87475425,
7381221,0.8351386,
7381222,0.8406682,
7381224,0.86922365,
7381226,0.8012693,
7381227,0.7707309,
7381229,0.60244465,
7381230,0.76927865,
7381231,0.8011212,
7381232,0.77351475,
7381242,0.81427264,
7381245,0.8020016,
7381255,0.742854,
7381258,0.7779426,
7381259,0.89286214,
7381260,0.81216174,
7381263,0.85770434,
7381283,0.81649464,
7381285,0.8479539,
7381286,0.8632112,
7381290,0.8255643,
7381437,0.6964926,
7381438,0.7347598,
7381439,0.7457384,
7381440,0.71421623,
7381442,0.8238272,
7381612,0.8227819,
7381613,0.876764,
7381615,0.77461416,
7381632,0.8751154,
7381633,0.9280032,
7381637,0.9120367,
7381640,0.91200984,
7381643,0.89319074,
7381644,0.8729987,
7381729,0.7542473,
7381730,0.75953496,
7381731,0.7982312,
7381736,0.79640895,
7381737,0.81351894,
7381806,0.82004994,
7381807,0.7445891,
7381808,0.7653133,
7381951,0.65494764,
7381952,0.665565,
7381959,0.45285526,
7381960,0.48056543,
7381961,0.58205277,
7381962,0.56261474,
7381969,0.5857569,
7381970,0.6204878,
7381972,0.49710444,
7381975,0.5632178,
7381980,0.6198852,
7381982,0.6040551,
7381986,0.61731225,
7381988,0.46701297,
7381989,0.47784632,
7382066,0.8388959,
7382074,0.66694975,
7382075,0.8714015,
7382076,0.8887732,
7382077,0.8434156,
7382078,0.7909284,
7382080,0.7156542,
7382114,0.8008946,
7382115,0.7721874,
7382116,0.4014139,
7382122,0.6424651,
7382132,0.83081657,
7382133,0.8764634,
7382134,0.8384603,
7382135,0.810942,
7382136,0.6879935,
7382137,0.6933678,
7382138,0.70346946,
7382139,0.70203954,
7382140,0.6671078,
7382141,0.70132315,
7382142,0.8219515,
7382143,0.7521406,
7382144,0.7933921,
7382145,0.71255624,
7382146,0.8218869,
7382147,0.79143506,
7382546,0.5551222,
7382547,0.6716371,
7382548,0.6134468,
7382549,0.87721515,
7382550,0.8632335,
7382551,0.87989974,
7382552,0.86295813,
7382714,0.80007005,
7382716,0.8142238,
7382719,0.84014094,
7382722,0.8199782,
7382724,0.77208984,
7382725,0.82788783,
7382726,0.8055621,
7382727,0.82401514,
7382728,0.7214796,
7382729,0.78326184,
7382730,0.8463534,
7382731,0.7749538,
7382733,0.82298476,
7382734,0.80047673,
7382736,0.82900393,
7382737,0.6819701,
7382738,0.796399,
7382739,0.85574996,
7382740,0.7864463,
7382741,0.7232805,
7382742,0.7107631,
7382743,0.67944324,
7382744,0.8371985,
7382745,0.9178927,
7382746,0.88022184,
7382748,0.68702877,
7382749,0.770886,
7382750,0.68043065,
7382751,0.8331721,
7382754,0.63347155,
7382755,0.83975154,
7382756,0.84467775,
7382757,0.6855681,
7382761,0.62650585,
7382762,0.7303943,
7382764,0.58748955,
7382765,0.7048842,
7382766,0.8362203,
7382767,0.68986815,
7382768,0.7657065,
7382769,0.7936945,
7382770,0.791166,
7382771,0.8684078,
7382772,0.8224108,
7382773,0.8669946,
7382774,0.74116814,
7382775,0.78957486,
7382776,0.81766975,
7382777,0.62029177,
7382778,0.53223604,
7382792,0.8231509,
7382793,0.67520154,
7382794,0.8114626,
7382795,0.8037447,
7382796,0.62453836,
7382797,0.7850941,
7382798,0.6881117,
7382799,0.80928606,
7382800,0.73275065,
7382801,0.74579203,
7382802,0.6975001,
7382803,0.46412247,
7382804,0.83176595,
7382805,0.7955449,
7382806,0.8062551,
7382807,0.7606941,
7382808,0.7221211,
7382809,0.7943159,
7382810,0.718106,
7382812,0.7374297,
7382813,0.6741436,
7382814,0.7719061,
7382815,0.81700456,
7382816,0.7634541,
7382817,0.8531828,
7382818,0.5368495,
7382882,0.8750234,
7382883,0.77466625,
7382884,0.77139896,
7382971,0.7975348,
7383305,0.80378693,
7383306,0.6981603,
7383635,0.8647853,
7383636,0.8028306,
7383639,0.73375106,
7383640,0.75907767,
7383641,0.63576,
7383642,0.7225774,
7383644,0.69434667,
7383645,0.7636059,
7383646,0.78580487,
7383647,0.8692615,
7383649,0.87302893,
7383650,0.8935174,
7383652,0.8810108,
7383653,0.79260916,
7383654,0.7084874,
7383655,0.72442544,
7383656,0.6785476,
7383657,0.7696533,
7383658,0.7911044,
7383670,0.8927246,
7383671,0.76561046,
7383672,0.75706136,
7383673,0.7101734,
7383674,0.7849518,
7383675,0.74516267,
7383677,0.85013187,
7383679,0.87976617,
7383681,0.707699,
7383682,0.8170839,
7383683,0.6991561,
7383684,0.7367264,
7383685,0.6936642,
7383690,0.7660688,
7383695,0.8038938,
7383696,0.79468554,
7383731,0.7890136,
7383744,0.84296834,
7383746,0.7068042,
7383747,0.77863264,
7383748,0.7448668,
7383749,0.7570915,
7383750,0.9265865,
7383751,0.8753412,
7383752,0.7169992,
7383796,0.6573857,
7383928,0.9223762,
7383981,0.7921922,
7384302,0.8565264,
7384316,0.865495,
7384319,0.50095785,
7384529,0.88588923,
7384530,0.8353255,
7384576,0.124690324,
7384577,0.15312652,
7384578,0.10607802,
7384579,0.15132084,
7384584,0.121173136,
7384585,0.115584016,
7384586,0.10724454,
7384587,0.11693772,
7384588,0.12608793,
7384935,0.7152426,
7384936,0.6556364,
7384937,0.8300526,
7384938,0.81551653,
7384939,0.8504877,
7385012,0.8423589,
7385014,0.8308833,
7385277,0.3752998,
7385278,0.6174969,
7385279,0.49163085,
7385280,0.53423667,
7385281,0.70091474,
7385282,0.5996632,
7385285,0.5338979,
7385286,0.5267406,
7385287,0.5972302,
7385288,0.49258494,
7385289,0.55769414,
7385290,0.38409105,
7385291,0.6697028,
7385292,0.68750656,
7385293,0.67224956,
7385294,0.7464475,
7385295,0.70005244,
7385296,0.71674985,
7385297,0.6487928,
7385298,0.6863449,
7385299,0.6677078,
7385300,0.6788729,
7385301,0.6245126,
7385302,0.6745253,
7385303,0.7713695,
7385304,0.6580801,
7385305,0.76621115,
7385306,0.705548,
7385307,0.8016237,
7385308,0.7211381,
7385309,0.80932456,
7385310,0.87391096,
7385313,0.8285332,
7385314,0.79667133,
7385315,0.8174782,
7385317,0.83591706,
7385318,0.80348504,
7385319,0.8277851,
7385321,0.7456133,
7385322,0.7757762,
7385323,0.81445813,
7385324,0.7991021,
7385325,0.695726,
7385326,0.70799905,
7385327,0.71084875,
7385328,0.60332084,
7385329,0.76143306,
7385330,0.56502163,
7385331,0.63724786,
7385332,0.6706336,
7385333,0.7054942,
7385334,0.6841482,
7385335,0.6198876,
7385336,0.68500704,
7385337,0.6502128,
7385338,0.5280852,
7385339,0.80394095,
7385340,0.5936618,
7385341,0.52071893,
7385342,0.6840803,
7385343,0.7612244,
7385344,0.83266544,
7385345,0.509079,
7385346,0.54182833,
7385347,0.57368857,
7385348,0.48874396,
7385349,0.6900619,
7385350,0.55555725,
7385351,0.6155053,
7385352,0.59356534,
7385353,0.5381757,
7385354,0.7205917,
7385355,0.6958632,
7385356,0.6372379,
7385357,0.56296086,
7385358,0.7879,
7385359,0.50767004,
7385360,0.622666,
7385361,0.7788898,
7385362,0.69983697,
7385363,0.6871139,
7385364,0.87924206,
7385365,0.6258867,
7385371,0.7362955,
7385372,0.7292602,
7385373,0.73102695,
7385374,0.7411039,
7385375,0.7283192,
7385376,0.80905473,
7385377,0.5688537,
7385378,0.88932425,
7385379,0.904959,
7385380,0.9181195,
7385442,0.7386241,
7385443,0.8002063,
7385444,0.7548272,
7385445,0.744792,
7385446,0.6754232,
7385447,0.7439348,
7385448,0.73177123,
7385655,0.7775231,
7385656,0.6993204,
7385658,0.9083403,
7385659,0.8621007,
7385665,0.7729535,
7385666,0.7578616,
7386089,0.87173206,
7386090,0.7392993,
7386091,0.72693855,
7386092,0.7546557,
7386093,0.7895976,
7386094,0.8576332,
7386095,0.8658726,
7386096,0.828199,
7386097,0.86521846,
7386258,0.92826116,
7386397,0.7529008,
7386398,0.79118586,
7386399,0.7762784,
7386400,0.5917045,
7386435,0.6948271,
7386444,0.852477,
7386466,0.9292711,
7386484,0.81487566,
7386485,0.78202033,
7386486,0.8679437,
7386488,0.8389903,
7386489,0.8244161,
7386493,0.7762711,
7386499,0.81072176,
7386500,0.85805786,
7386501,0.86661685,
7386505,0.6144974,
7386509,0.7947562,
7386511,0.869343,
7386512,0.8271386,
7386578,0.8973869,
7386667,0.56272024,
7386668,0.6625895,
7386669,0.70751244,
7386670,0.73796433,
7386671,0.70752037,
7386672,0.61909723,
7386751,0.75231296,
7386767,0.7133448,
7386768,0.74594784,
7387014,0.6165786,
7387016,0.66537416,
7387031,0.780105,
7387033,0.68939686,
7387035,0.68799883,
7387036,0.8143679,
7387037,0.7592281,
7387038,0.7384316,
7387039,0.7957454,
7387040,0.8066679,
7387041,0.82182896,
7387042,0.63005704,
7387043,0.83920836,
7387044,0.7611521,
7387045,0.70380026,
7387046,0.74847883,
7387047,0.66135997,
7387048,0.67662764,
7387049,0.6151618,
7387050,0.6594826,
7387051,0.6916661,
7387052,0.6782972,
7387053,0.7159569,
7387054,0.6642393,
7387055,0.71092314,
7387056,0.7863497,
7387057,0.7365708,
7387058,0.73193717,
7387059,0.77321404,
7387060,0.78857714,
7387061,0.7993853,
7387062,0.72229546,
7387064,0.60895365,
7387065,0.8183579,
7387066,0.7448093,
7387067,0.69177943,
7387068,0.76771265,
7387069,0.74928623,
7387070,0.7449275,
7387071,0.8134652,
7387072,0.7405174,
7387074,0.7482622,
7387075,0.8037604,
7387076,0.7649107,
7387101,0.7357971,
7387128,0.762008,
7387158,0.24372354,
7387159,0.25208572,
7387160,0.22767748,
7387161,0.23346835,
7387162,0.27904618,
7387163,0.21502787,
7387164,0.23695503,
7387165,0.15179558,
7387166,0.20347841,
7387167,0.26728892,
7387168,0.2559629,
7387169,0.22073378,
7387170,0.2632093,
7387171,0.25214326,
7387172,0.31078792,
7387173,0.16225755,
7387174,0.35098165,
7387176,0.27000383,
7387177,0.36740524,
7387178,0.2907066,
7387179,0.32588118,
7387180,0.25888854,
7387181,0.30652964,
7387183,0.35319334,
7387184,0.29092506,
7387185,0.31063625,
7387186,0.3057292,
7387187,0.34131798,
7387188,0.30432293,
7387189,0.35652024,
7387190,0.35106865,
7387191,0.39038134,
7387192,0.33453277,
7387194,0.34656572,
7387195,0.38877252,
7387196,0.33023578,
7387197,0.27629068,
7387198,0.2752844,
7387199,0.38408837,
7387200,0.29063925,
7387201,0.32989123,
7387202,0.39275298,
7387203,0.43394002,
7387204,0.3113781,
7387205,0.24635148,
7387206,0.29995066,
7387207,0.30754608,
7387208,0.31777918,
7387209,0.33704948,
7387210,0.2964306,
7387211,0.30201432,
7387212,0.2507607,
7387213,0.24366477,
7387214,0.23055018,
7387215,0.27540597,
7387216,0.24063632,
7387217,0.2188121,
7387218,0.24719721,
7387219,0.18895335,
7387220,0.22524473,
7387221,0.2632435,
7387222,0.2771481,
7387223,0.36365643,
7387224,0.30213347,
7387226,0.29500157,
7387227,0.40602824,
7387228,0.46411458,
7387229,0.31509542,
7387230,0.31647953,
7387231,0.30952907,
7387232,0.25706288,
7387233,0.33082688,
7387234,0.29195532,
7387235,0.30963516,
7387236,0.2972982,
7387237,0.30126974,
7387238,0.28508082,
7387239,0.31274185,
7387240,0.3766409,
7387241,0.25209144,
7387242,0.27773166,
7387243,0.24590465,
7387244,0.34439936,
7387245,0.27099535,
7387246,0.30852184,
7387247,0.2868672,
7387248,0.33704358,
7387249,0.29224998,
7387250,0.29119357,
7387251,0.26746637,
7387252,0.24713604,
7387253,0.28856042,
7387254,0.29920965,
7387255,0.22147,
7387256,0.23252815,
7387257,0.2519414,
7387258,0.23809634,
7387259,0.25889742,
7387260,0.30214348,
7387261,0.28321522,
7387262,0.17850141,
7387263,0.1738066,
7387264,0.1644899,
7387265,0.19298641,
7387266,0.17151293,
7387267,0.15290688,
7387268,0.25315192,
7387270,0.2662363,
7387271,0.26757717,
7387272,0.21645518,
7387273,0.24687132,
7387274,0.27273315,
7387275,0.19619122,
7387276,0.47506008,
7387277,0.2600413,
7387281,0.29293996,
7387304,0.89809084,
7387305,0.8972122,
7387306,0.9284985,
7387320,0.9121233,
7387337,0.85063905,
7387338,0.89716053,
7387339,0.88398623,
7387340,0.83800864,
7387341,0.831108,
7387342,0.8615551,
7387364,0.92501444,
7387365,0.6266401,
7387381,0.75348556,
7387383,0.73539454,
7387385,0.24270494,
7387422,0.8292873,
7387424,0.76260513,
7387425,0.8919834,
7387426,0.85422194,
7387440,0.87042075,
7387441,0.86300683,
7387469,0.8217424,
7387470,0.8430293,
7387471,0.841754,
7387472,0.5539659,
7387473,0.5885458,
7387474,0.74756104,
7387475,0.58836603,
7387476,0.69313353,
7387477,0.6369673,
7387478,0.8669981,
7387479,0.81343275,
7387480,0.75793856,
7387481,0.76982236,
7387482,0.79959744,
7387483,0.7325487,
7387484,0.8185529,
7387485,0.87722296,
7387486,0.8351559,
7387487,0.8844244,
7387488,0.8609648,
7387489,0.6904417,
7387490,0.8638315,
7387491,0.78619426,
7387492,0.78718626,
7387493,0.7269572,
7387494,0.86845356,
7387495,0.7645362,
7387496,0.8102887,
7387499,0.7902902,
7387500,0.7979244,
7387501,0.81657976,
7387502,0.7243322,
7387503,0.7844385,
7387504,0.8353791,
7387505,0.6621971,
7387506,0.91229707,
7387507,0.7378742,
7387508,0.82182723,
7387509,0.8838995,
7387510,0.71954924,
7387511,0.6803224,
7387512,0.7932838,
7387513,0.726104,
7387522,0.7499112,
7387528,0.8416345,
7387532,0.7726592,
7387533,0.7757897,
7387535,0.7374496,
7387581,0.6624941,
7387582,0.829282,
7387626,0.8508227,
7387627,0.7810077,
7387628,0.82258874,
7387629,0.7240483,
7387630,0.81951797,
7387726,0.7921635,
7387727,0.8920061,
7387728,0.85822004,
7387729,0.862202,
7387731,0.8675352,
7387733,0.8082253,
7387734,0.77255636,
7387735,0.79645973,
7387736,0.71070653,
7387737,0.7019738,
7387738,0.7479235,
7387739,0.7418112,
7387740,0.6543491,
7387741,0.7306583,
7387742,0.85700554,
7387743,0.8206824,
7387760,0.8236227,
7387761,0.8179524,
7387762,0.7462939,
7387763,0.7467155,
7387764,0.777928,
7387765,0.7616126,
7387766,0.8020533,
7387767,0.634122,
7387768,0.80227476,
7387769,0.7098106,
7387770,0.517648,
7387771,0.8619796,
7387772,0.85537595,
7387773,0.7821241,
7387775,0.7970796,
7387776,0.8487623,
7387777,0.86061305,
7387778,0.84233564,
7387779,0.8220374,
7387780,0.8256329,
7387781,0.8553269,
7387782,0.80186856,
7387783,0.7278087,
7387784,0.6981969,
7387786,0.8607739,
7387787,0.6738034,
7387789,0.64231193,
7387790,0.7013807,
7387791,0.8922544,
7387792,0.73972386,
7387793,0.63134044,
7387794,0.68253785,
7387795,0.7690093,
7387796,0.7156483,
7387797,0.79130894,
7387799,0.8494746,
7387800,0.73055285,
7387801,0.86607325,
7387806,0.88081414,
7387809,0.8160778,
7387810,0.8907749,
7387811,0.8239762,
7387812,0.67595917,
7387813,0.77103066,
7387827,0.7931422,
7387830,0.84186953,
7387835,0.80361885,
7387838,0.8120241,
7387839,0.7839322,
7387841,0.5927092,
7387843,0.5042592,
7387844,0.82886845,
7387846,0.7399526,
7387847,0.6819708,
7387849,0.840561,
7387850,0.7909538,
7387851,0.85837007,
7387852,0.82591665,
7387853,0.76478153,
7387854,0.7185353,
7387855,0.7797034,
7387856,0.7402433,
7387857,0.84763867,
7387858,0.64942646,
7387859,0.81268775,
7387860,0.7101906,
7387861,0.75929606,
7387863,0.8138737,
7387864,0.8513742,
7387865,0.8536963,
7387866,0.78813124,
7387867,0.85128653,
7387868,0.6561762,
7387870,0.8946663,
7387871,0.8471326,
7387872,0.82951736,
7387873,0.7870069,
7387876,0.772001,
7387883,0.77837825,
7387884,0.8406703,
7387887,0.7585615,
7387888,0.88828194,
7387894,0.87657344,
7387895,0.89003026,
7387896,0.8726612,
7387897,0.85735756,
7387898,0.8863521,
7387899,0.79064214,
7387900,0.84716135,
7387902,0.7257687,
7387904,0.73454356,
7387905,0.7220754,
7387910,0.77718544,
7387911,0.77722144,
7387912,0.3480655,
7387915,0.8604542,
7387916,0.71199983,
7387917,0.7083797,
7387918,0.6896725,
7387919,0.74731636,
7387920,0.5350951,
7387921,0.72980106,
7387922,0.7009809,
7387923,0.6256879,
7387924,0.76906097,
7387925,0.7041444,
7387926,0.63160914,
7387927,0.6023328,
7387928,0.661642,
7387929,0.62830114,
7387930,0.72927237,
7387931,0.67493886,
7387932,0.72635156,
7387934,0.5117275,
7387935,0.75716686,
7387936,0.8037396,
7387937,0.6693931,
7387938,0.62700486,
7387939,0.7220818,
7387940,0.77887994,
7387941,0.85361856,
7387942,0.78546876,
7387943,0.87829447,
7387944,0.6756242,
7387945,0.9050505,
7387946,0.89167774,
7387947,0.8221013,
7387948,0.854071,
7387949,0.8382137,
7387950,0.75938964,
7387951,0.8817359,
7387952,0.88230604,
7387953,0.90344816,
7387954,0.8733478,
7387955,0.7529981,
7387956,0.6359599,
7387957,0.75793797,
7387958,0.77067906,
7387959,0.7935233,
7387960,0.77446544,
7387961,0.8276187,
7387962,0.763235,
7387963,0.6130455,
7387964,0.58698934,
7387965,0.4480014,
7387966,0.5231621,
7387967,0.5374235,
7387968,0.75289136,
7387969,0.8659261,
7387970,0.7799975,
7387971,0.696695,
7387972,0.74411774,
7387973,0.6989166,
7387974,0.7485746,
7387975,0.89759797,
7387976,0.83845127,
7387977,0.82231826,
7387978,0.86118543,
7387979,0.78478473,
7387980,0.82257986,
7387981,0.7406417,
7387982,0.7375824,
7387989,0.7961115,
7388014,0.79081464,
7388015,0.6609821,
7388022,0.6848202,
7388023,0.82479936,
7388024,0.7461507,
7388026,0.8126588,
7388027,0.8023863,
7388028,0.8061685,
7388029,0.8181791,
7388038,0.67122227,
7388039,0.6478745,
7388041,0.71441525,
7388045,0.80207646,
7388046,0.76867557,
7388070,0.79011357,
7388071,0.76063585,
7388072,0.8322752,
7388074,0.8289551,
7388075,0.72971493,
7388076,0.7461687,
7388077,0.6372324,
7388078,0.66304106,
7388079,0.66273695,
7388145,0.5905395,
7388146,0.74796784,
7388147,0.6261876,
7388149,0.760917,
7388150,0.8011534,
7388151,0.71091074,
7388152,0.6960746,
7388153,0.8289115,
7388154,0.8025718,
7388167,0.82474226,
7388169,0.8124243,
7388170,0.7968347,
7388171,0.75882405,
7388172,0.8708264,
7388173,0.8235746,
7388174,0.87753886,
7388176,0.88753587,
7388177,0.85320526,
7388178,0.89015156,
7388182,0.83011293,
7388183,0.8243312,
7388187,0.6869828,
7388188,0.54628617,
7388190,0.82358676,
7388191,0.77327746,
7388192,0.8451549,
7388193,0.858732,
7388194,0.84981483,
7388204,0.6014265,
7388205,0.80458236,
7388207,0.838467,
7388208,0.8823143,
7388209,0.8828554,
7388210,0.52888685,
7388211,0.76418597,
7388213,0.6330503,
7388214,0.7981327,
7388217,0.77713215,
7388218,0.8405567,
7388219,0.66359085,
7388220,0.85369486,
7388221,0.7621633,
7388222,0.6859023,
7388223,0.7360965,
7388225,0.66169196,
7388231,0.6942745,
7388232,0.69922566,
7388233,0.5634233,
7388456,0.6709084,
7388457,0.5861325,
7388458,0.71030754,
7388481,0.91918665,
7388483,0.8443108,
7388489,0.86457515,
7388501,0.86292976,
7388502,0.75202173,
7388503,0.77005714,
7388504,0.7487954,
7388505,0.86823726,
7388506,0.8475982,
7388507,0.7070957,
7388509,0.8435445,
7388510,0.8102165,
7388511,0.7876525,
7388512,0.7647379,
7388513,0.82182705,
7388515,0.7750306,
7388517,0.7232171,
7388518,0.7862337,
7388557,0.813887,
7388558,0.84015286,
7388559,0.727513,
7388560,0.8099205,
7388561,0.7818529,
7388562,0.72482234,
7388563,0.84038854,
7388564,0.78921324,
7388565,0.71418077,
7388566,0.5104338,
7388567,0.59335405,
7388568,0.7829494,
7388569,0.72579426,
7388570,0.79632485,
7388571,0.7689055,
7388572,0.68194,
7388573,0.58644253,
7388574,0.79968166,
7388575,0.5634763,
7388576,0.7747437,
7388609,0.524545,
7388610,0.65430105,
7388611,0.57153255,
7388612,0.6507728,
7388613,0.58697087,
7388614,0.64431065,
7388655,0.7899526,
7388656,0.7433029,
7388657,0.79756844,
7388658,0.8387633,
7388659,0.61206144,
7388660,0.6690307,
7388661,0.8332265,
7388662,0.7929785,
7388663,0.7774592,
7388664,0.74489856,
7388665,0.82714,
7388666,0.80992484,
7388667,0.6870821,
7388668,0.7233955,
7388669,0.67836434,
7388670,0.7505062,
7388671,0.83133423,
7388672,0.7222214,
7388673,0.8228661,
7388674,0.7895015,
7388675,0.70964533,
7388676,0.65155005,
7388677,0.46310088,
7388678,0.4738355,
7388679,0.5019905,
7388680,0.655969,
7388681,0.80005527,
7388690,0.8345772,
7388691,0.76588416,
7388702,0.7135799,
7388703,0.6741404,
7388704,0.6775374,
7388705,0.733398,
7388706,0.7191818,
7388707,0.6364846,
7388708,0.6659428,
7388709,0.65634465,
7388710,0.81589854,
7388711,0.80925024,
7388712,0.87469184,
7388713,0.8604759,
7388714,0.7662053,
7388715,0.7536788,
7388730,0.82895494,
7388734,0.87011945,
7388738,0.8356362,
7388739,0.8165075,
7388740,0.79567474,
7388741,0.85393417,
7388742,0.7863009,
7388743,0.85947794,
7388744,0.7528858,
7388745,0.690066,
7388746,0.7244119,
7388748,0.78941405,
7388749,0.807159,
7388750,0.7691208,
7388751,0.76032096,
7388752,0.7902078,
7388753,0.7797432,
7388940,0.8412103,
7388941,0.84943044,
7388942,0.8184494,
7388943,0.8215008,
7388944,0.83991045,
7388945,0.7526504,
7388946,0.7999427,
7388947,0.8231207,
7388948,0.77123964,
7388949,0.7235313,
7388950,0.79292226,
7388951,0.69637793,
7388952,0.60270846,
7388953,0.7506672,
7388954,0.71389586,
7388955,0.6445705,
7388959,0.74652994,
7388960,0.81319547,
7388961,0.60742474,
7388962,0.68163013,
7388963,0.7945624,
7388964,0.820477,
7388965,0.82715523,
7388966,0.78412014,
7388967,0.8507122,
7388968,0.78370667,
7388969,0.8995976,
7388970,0.7566221,
7388971,0.6302388,
7388972,0.83062804,
7388973,0.8092465,
7388974,0.8127783,
7388975,0.70966125,
7388976,0.78670055,
7388977,0.78684217,
7388978,0.87601393,
7389109,0.753104,
7389348,0.7231044,
7389349,0.7047868,
7389350,0.7985075,
7389351,0.7809577,
7389353,0.7826684,
7389354,0.81257963,
7389355,0.6004361,
7389356,0.7140297,
7389357,0.7635775,
7389358,0.5465659,
7389359,0.71908575,
7389360,0.76624763,
7389361,0.79899645,
7389362,0.8059498,
7389363,0.78875583,
7389364,0.6747101,
7389365,0.80246145,
7389367,0.579702,
7389369,0.7128645,
7389370,0.6780822,
7389371,0.5201041,
7389378,0.6898832,
7389379,0.717703,
7389380,0.66832495,
7389381,0.75341934,
7389382,0.63425887,
7389383,0.6144298,
7389384,0.76578075,
7389385,0.58028495,
7389388,0.7031069,
7389389,0.7489456,
7389390,0.75824183,
7389391,0.7757353,
7389392,0.75665104,
7389393,0.8303035,
7389394,0.78972447,
7389395,0.33552545,
7389396,0.5148234,
7389397,0.7341379,
7389398,0.58440626,
7389399,0.6386933,
7389400,0.6901989,
7389401,0.7340838,
7389402,0.70576924,
7389404,0.6282987,
7389407,0.5152756,
7389408,0.50732344,
7389409,0.82817125,
7389411,0.70652235,
7389412,0.7148171,
7389413,0.85373783,
7389414,0.7763655,
7389415,0.7898027,
7389416,0.5731364,
7389417,0.82266086,
7389418,0.50798833,
7389419,0.784963,
7389466,0.25883758,
7389524,0.8202007,
7389525,0.76174605,
7389526,0.7612654,
7389527,0.80085415,
7389528,0.8026962,
7389529,0.84685403,
7389530,0.88241106,
7389531,0.6917249,
7389532,0.65332484,
7389533,0.7120995,
7389534,0.69657284,
7389535,0.54062825,
7389536,0.6544145,
7389537,0.70938236,
7389538,0.6514689,
7389539,0.82299596,
7389540,0.7215051,
7389541,0.8564818,
7389542,0.8009028,
7389543,0.5270354,
7389544,0.83494717,
7389545,0.7852011,
7389546,0.8654013,
7389547,0.81868607,
7389548,0.6978714,
7389550,0.8772346,
7389551,0.74705344,
7389552,0.7248996,
7389621,0.7685242,
7389622,0.72550297,
7389682,0.89891165,
7389683,0.89891165,
7389695,0.77585936,
7389808,0.73453647,
7389815,0.5862798,
7389816,0.86625856,
7389818,0.8679909,
7389819,0.84663516,
7390147,0.6834836,
7390149,0.8342937,
7390150,0.7814409,
7390151,0.7609202,
7390155,0.7132852,
7390173,0.5496791,
7390174,0.5223005,
7390175,0.53661907,
7390176,0.5254514,
7390177,0.5485333,
7390178,0.52019656,
7390180,0.60918033,
7390181,0.58295804,
7390182,0.5821834,
7390183,0.5411281,
7390186,0.60300505,
7390194,0.5515281,
7390195,0.56864405,
7390196,0.6085167,
7390197,0.62441266,
7390200,0.60794723,
7390202,0.55642253,
7390203,0.6223843,
7390204,0.6342724,
7390205,0.59616524,
7390206,0.5292113,
7390207,0.5443769,
7390208,0.6133478,
7390209,0.5475873,
7390210,0.5247396,
7390211,0.52470297,
7390215,0.5977554,
7390216,0.5931021,
7390269,0.59810525,
7390270,0.69184434,
7390271,0.5823854,
7390272,0.6063521,
7390273,0.6410373,
7390274,0.64954174,
7390275,0.6736268,
7390277,0.67509395,
7390278,0.5888681,
7390279,0.6763136,
7390280,0.54930496,
7390281,0.6464025,
7390295,0.8550469,
7390333,0.8269609,
7390334,0.8810582,
7390335,0.80215013,
7390336,0.8635794,
7390337,0.84066224,
7390355,0.8832452,
7390413,0.7829203,
7390414,0.85100025,
7390415,0.8088808,
7390416,0.87212855,
7390417,0.8505732,
7390418,0.86261636,
7390421,0.8010949,
7390422,0.7920848,
7390423,0.7279566,
7390424,0.84855086,
7390425,0.7837071,
7390426,0.7822752,
7390429,0.860541,
7390430,0.85079044,
7390431,0.8298521,
7390433,0.84815073,
7390434,0.74125814,
7390444,0.7587461,
7390446,0.82993263,
7390447,0.8338813,
7390448,0.8051496,
7390449,0.8192975,
7390450,0.76041025,
7390451,0.85657513,
7390452,0.79494244,
7390453,0.75116515,
7390454,0.83067816,
7390462,0.82606,
7390500,0.61815065,
7390501,0.59515613,
7390852,0.7625572,
7390853,0.52766913,
7390943,0.7401566,
7390944,0.7022046,
7390956,0.6834301,
7390957,0.6312984,
7390997,0.90967405,
7390999,0.918763,
7391129,0.29548234,
7391130,0.2926764,
7391131,0.36808205,
7391132,0.31961137,
7391133,0.25920987,
7391134,0.28396267,
7391135,0.27979013,
7391136,0.2760811,
7391137,0.27665123,
7391138,0.31567845,
7391139,0.20490478,
7391140,0.27770114,
7391141,0.2905378,
7391142,0.26805726,
7391143,0.25746638,
7391144,0.24878423,
7391145,0.25498113,
7391146,0.24835698,
7391147,0.24048465,
7391148,0.25198177,
7391150,0.4018071,
7391151,0.2494209,
7391152,0.30445668,
7391153,0.25061104,
7391154,0.23823136,
7391155,0.27743965,
7391156,0.23920485,
7391157,0.23887046,
7391158,0.25046653,
7391159,0.4043808,
7391160,0.32083002,
7391205,0.7097526,
7391206,0.68933576,
7391207,0.7651376,
7391208,0.7446755,
7391209,0.47257555,
7391210,0.59072703,
7391211,0.6028934,
7391212,0.67677194,
7391213,0.5863143,
7391214,0.6626865,
7391215,0.71514845,
7391216,0.6020126,
7391227,0.7420224,
7391228,0.7445516,
7391229,0.8027792,
7391234,0.8546347,
7391241,0.77965736,
7391243,0.880872,
7391245,0.92200273,
7391267,0.68365014,
7391268,0.7982196,
7391269,0.73336,
7391270,0.6384498,
7391271,0.786703,
7391279,0.7558884,
7391280,0.71969736,
7391281,0.7544441,
7391282,0.92967695,
7391288,0.8985659,
7391289,0.8067851,
7391292,0.8909783,
7391293,0.78676397,
7391296,0.84065205,
7391298,0.8643783,
7391300,0.62924814,
7391301,0.7850275,
7391302,0.8308236,
7391303,0.79805243,
7391310,0.7255431,
7391311,0.8249234,
7391312,0.8899108,
7391313,0.8426987,
7391314,0.8585608,
7391315,0.8454697,
7391316,0.7984507,
7391322,0.8536446,
7391324,0.7544938,
7391325,0.8258234,
7391326,0.8044177,
7391327,0.8913728,
7391328,0.8593713,
7391329,0.80380565,
7391330,0.888889,
7391331,0.87806493,
7391332,0.85804224,
7391333,0.82983744,
7391334,0.8656249,
7391335,0.80838925,
7391336,0.81410223,
7391337,0.8734691,
7391338,0.8792661,
7391339,0.89715856,
7391340,0.7801174,
7391371,0.8373739,
7391372,0.83489496,
7391373,0.8399174,
7391375,0.83454144,
7391383,0.86834556,
7391385,0.86290246,
7391387,0.843308,
7391389,0.82021105,
7391391,0.820602,
7391392,0.8282031,
7391393,0.85168964,
7391396,0.8174595,
7391397,0.6037138,
7391398,0.48516482,
7391399,0.8685184,
7391401,0.8613036,
7391402,0.86533767,
7391403,0.85431254,
7391404,0.8605329,
7391407,0.44046545,
7391408,0.8636911,
7391410,0.8116343,
7391412,0.7528072,
7391414,0.825267,
7391415,0.8667458,
7391417,0.87522656,
7391418,0.7299362,
7391419,0.8457046,
7391420,0.85144556,
7391421,0.84716094,
7391422,0.7488876,
7391423,0.86409265,
7391426,0.835538,
7391428,0.83377916,
7391431,0.8188674,
7391432,0.747332,
7391433,0.8451098,
7391436,0.83660364,
7391444,0.87762594,
7391445,0.7861388,
7391446,0.7843754,
7391458,0.82368386,
7391463,0.67217463,
7391465,0.59456664,
7391466,0.68022037,
7391469,0.7504794,
7391473,0.8275633,
7391476,0.7896618,
7391477,0.86097693,
7391478,0.8263357,
7391479,0.86497575,
7391480,0.86697394,
7391481,0.822517,
7391482,0.8314991,
7391483,0.84332806,
7391484,0.7376218,
7391485,0.7644336,
7391486,0.7746052,
7391487,0.7732454,
7391488,0.78164595,
7391489,0.8696575,
7391490,0.8487474,
7391491,0.7057897,
7391492,0.80060923,
7391493,0.7594454,
7391494,0.8432666,
7391495,0.75251865,
7391496,0.7209358,
7391497,0.85291684,
7391498,0.8660145,
7391500,0.83726835,
7391501,0.74459785,
7391506,0.7822692,
7391639,0.839352,
7391640,0.73963684,
7391641,0.8742961,
7391643,0.8074911,
7391644,0.4734242,
7391645,0.7690174,
7391646,0.8114105,
7391647,0.7358445,
7391648,0.8763179,
7391649,0.8855777,
7391650,0.8614825,
7391651,0.88074785,
7391652,0.8188387,
7391653,0.8658559,
7391654,0.79742813,
7391655,0.7804268,
7391656,0.63048637,
7391657,0.48594502,
7391658,0.8018935,
7391659,0.80469227,
7391660,0.76194704,
7391661,0.5611601,
7391662,0.53876173,
7391877,0.8947943,
7391902,0.82464075,
7391903,0.6697536,
7391904,0.57165956,
7391907,0.69394445,
7391908,0.78787297,
7391909,0.80978495,
7391910,0.57111657,
7391911,0.8469018,
7391912,0.7840022,
7391913,0.84042853,
7391914,0.77961546,
7391916,0.8104408,
7391917,0.7427938,
7391918,0.79133636,
7391919,0.7661943,
7391921,0.8043098,
7391924,0.6969895,
7391925,0.64745516,
7391928,0.7181792,
7391929,0.6956176,
7391930,0.78960603,
7391933,0.7825611,
7391934,0.8587581,
7391935,0.79569143,
7391936,0.8230253,
7391937,0.8176823,
7391938,0.76924396,
7391939,0.821548,
7391940,0.7871025,
7391941,0.84222734,
7391944,0.8469986,
7391945,0.8162608,
7391946,0.8112421,
7391948,0.79943424,
7391949,0.91177607,
7391950,0.7690871,
7391951,0.67367417,
7391952,0.8026204,
7392019,0.64864945,
7392020,0.57045287,
7392021,0.7514354,
7392022,0.8416818,
7392024,0.84220713,
7392025,0.587586,
7392059,0.676716,
7392060,0.80402446,
7392061,0.6011245,
7392062,0.6474576,
7392063,0.8310951,
7392064,0.7587248,
7392065,0.8135002,
7392066,0.7794143,
7392076,0.64476204,
7392077,0.8791444,
7392078,0.74995816,
7392079,0.789921,
7392081,0.68043447,
7392082,0.76572716,
7392084,0.743814,
7392085,0.72283524,
7392086,0.7700203,
7392087,0.8368123,
7392088,0.6581764,
7392089,0.78730834,
7392091,0.6637556,
7392092,0.8819941,
7392138,0.7974883,
7392139,0.83437496,
7392140,0.85979897,
7392142,0.8393931,
7392145,0.6530612,
7392146,0.8192492,
7392160,0.86794895,
7392161,0.79020345,
7392162,0.7012345,
7392163,0.7946772,
7392164,0.7783839,
7392197,0.7990761,
7392198,0.8297357,
7392199,0.77620214,
7392201,0.82907254,
7392203,0.8166528,
7392204,0.8266597,
7392209,0.8298826,
7392214,0.7025871,
7392215,0.73821527,
7392216,0.8596909,
7392217,0.8495248,
7392218,0.7946396,
7392219,0.894255,
7392220,0.8540102,
7392221,0.867638,
7392273,0.67278284,
7392275,0.7147795,
7392276,0.65889144,
7392277,0.6068609,
7392285,0.86974216,
7392286,0.8428187,
7392294,0.8000864,
7392295,0.7354575,
7392296,0.9256825,
7392297,0.7533662,
7392298,0.6852551,
7392299,0.8919795,
7392300,0.832146,
7392301,0.7630011,
7392302,0.87851053,
7392303,0.68672466,
7392305,0.6852835,
7392306,0.87038064,
7392307,0.9045808,
7392308,0.89018035,
7392318,0.74360204,
7392325,0.72643113,
7392326,0.81518507,
7392327,0.89630324,
7392328,0.9177148,
7392329,0.77122927,
7392330,0.8347257,
7392331,0.87806386,
7392333,0.8913216,
7392347,0.8757695,
7392365,0.74159116,
7392453,0.90445447,
7392454,0.89974856,
7392455,0.9102089,
7392456,0.90004206,
7392457,0.85216206,
7392458,0.8688385,
7392459,0.84313244,
7392460,0.7703757,
7392464,0.7343193,
7392465,0.6701786,
7392466,0.85351986,
7392467,0.8964993,
7392468,0.7866854,
7392469,0.7786101,
7392472,0.86310065,
7392473,0.76840234,
7392474,0.74748564,
7392475,0.74570084,
7392476,0.8510464,
7392477,0.9040376,
7392478,0.8294641,
7392479,0.8992454,
7392481,0.8889813,
7392482,0.80280614,
7392483,0.85507023,
7392487,0.84785557,
7392488,0.7308562,
7392489,0.76313084,
7392490,0.74322176,
7392511,0.8790769,
7392512,0.78452176,
7392513,0.8683277,
7392514,0.8474656,
7392518,0.84225017,
7392519,0.6343009,
7392520,0.504034,
7392521,0.8033361,
7392525,0.7216531,
7392526,0.7767121,
7392527,0.78082,
7392532,0.76246816,
7392533,0.77751404,
7392534,0.7797007,
7392535,0.5613111,
7392536,0.70859015,
7392537,0.8370611,
7392538,0.7402965,
7392539,0.5587366,
7392540,0.54061246,
7392541,0.8911693,
7392542,0.8258188,
7392543,0.8461043,
7392544,0.6548631,
7392545,0.65442425,
7392546,0.65039206,
7392547,0.6099512,
7392548,0.9238499,
7392549,0.8347366,
7392550,0.93832546,
7392551,0.9142753,
7392552,0.857429,
7392555,0.90839696,
7392558,0.6132079,
7392559,0.6884113,
7392561,0.7464441,
7392562,0.61869127,
7392565,0.61257404,
7392566,0.64198375,
7392567,0.5920177,
7392568,0.5999245,
7392572,0.64616334,
7392573,0.61599547,
7392574,0.8692918,
7392576,0.90913737,
7392577,0.88439333,
7392619,0.83109206,
7392620,0.84621865,
7392621,0.8169593,
7392622,0.7268403,
7392623,0.853723,
7392624,0.85255057,
7392625,0.6476321,
7392626,0.7206603,
7392632,0.72503173,
7392646,0.9014071,
7392648,0.8698316,
7392650,0.8880196,
7392707,0.77409005,
7392708,0.7932011,
7392709,0.7832995,
7392710,0.8451451,
7392712,0.7443226,
7392713,0.80718595,
7392714,0.76809794,
7392715,0.71183133,
7392749,0.820428,
7392750,0.7985467,
7392781,0.8607897,
7392782,0.8939793,
7392783,0.88263255,
7392784,0.8874956,
7392785,0.88053083,
7392786,0.88265026,
7392787,0.8731388,
7392788,0.86251724,
7392789,0.8738262,
7392790,0.8749571,
7392791,0.8606516,
7392792,0.73200566,
7392793,0.77721804,
7392794,0.87234634,
7392795,0.75625926,
7392796,0.8675973,
7392797,0.8971766,
7392798,0.86025864,
7392799,0.75768465,
7392803,0.7715061,
7392804,0.83966416,
7392805,0.85529685,
7392806,0.8671848,
7392807,0.89930415,
7392809,0.8084921,
7392810,0.7439755,
7392811,0.80323505,
7392812,0.74856275,
7392813,0.72795165,
7392814,0.7044017,
7392815,0.82185876,
7392816,0.80945957,
7392817,0.7909563,
7392818,0.58200085,
7392819,0.6334056,
7392820,0.68976885,
7392821,0.6508787,
7392822,0.81182665,
7392823,0.7591263,
7392824,0.82248795,
7392826,0.6901323,
7392827,0.7960431,
7392828,0.81065786,
7392829,0.79100937,
7392834,0.6523957,
7392835,0.74893427,
7392836,0.5054866,
7392837,0.7376857,
7392838,0.67659646,
7392839,0.7625505,
7392840,0.60392284,
7392841,0.6675754,
7392842,0.48333496,
7392892,0.80822086,
7392893,0.7570657,
7392895,0.8557156,
7392896,0.75250334,
7392902,0.43488035,
7392903,0.53744924,
7392904,0.49937493,
7392920,0.80857307,
7392922,0.78619426,
7392923,0.84071064,
7392924,0.75864154,
7392926,0.7424155,
7392927,0.7975471,
7392928,0.79520655,
7392929,0.5965129,
7392935,0.79421294,
7392936,0.8333658,
7392937,0.8306752,
7392938,0.8363668,
7392939,0.8439831,
7392941,0.85407186,
7392942,0.8924069,
7392944,0.86756814,
7392945,0.8401381,
7392946,0.6219236,
7393007,0.8957427,
7393008,0.87669015,
7393009,0.8886624,
7393010,0.85039914,
7393011,0.8458399,
7393012,0.8244592,
7393013,0.8935393,
7393014,0.8428563,
7393015,0.84757316,
7393016,0.8953168,
7393017,0.8427784,
7393018,0.7997933,
7393025,0.8089633,
7393026,0.6888246,
7393038,0.83824056,
7393039,0.77135706,
7393040,0.7090178,
7393042,0.80348116,
7393052,0.87985784,
7393053,0.5680601,
7393054,0.7072804,
7393055,0.76511055,
7393056,0.7861482,
7393057,0.6263167,
7393058,0.82260096,
7393059,0.8082909,
7393060,0.82592046,
7393062,0.84393746,
7393063,0.4578107,
7393064,0.54334974,
7393065,0.8887827,
7393066,0.51343405,
7393067,0.429903,
7393068,0.41831416,
7393069,0.4634862,
7393070,0.38853452,
7393071,0.7809756,
7393073,0.7948965,
7393074,0.7444275,
7393115,0.5164577,
7393116,0.61211956,
7393134,0.78794646,
7393135,0.78367084,
7393136,0.74024975,
7393137,0.795676,
7393138,0.81555927,
7393139,0.69292545,
7393140,0.76038396,
7393141,0.6579386,
7393142,0.771414,
7393143,0.7979513,
7393144,0.82527095,
7393145,0.8121598,
7393146,0.71899897,
7393149,0.85640025,
7393150,0.8715673,
7393151,0.65735304,
7393152,0.6810478,
7393154,0.65633994,
7393155,0.6970578,
7393177,0.67963344,
7393197,0.83256453,
7393198,0.59749377,
7393199,0.7194455,
7393200,0.80046046,
7393201,0.80127406,
7393203,0.7255235,
7393258,0.24935816,
7393377,0.7736651,
7393501,0.68795973,
7393502,0.65662616,
7393512,0.6417202,
7393514,0.6342444,
7393540,0.76513153,
7393548,0.84997284,
7393549,0.804222,
7393550,0.6339386,
7393567,0.79862434,
7393568,0.78489465,
7393571,0.8627472,
7393572,0.8067472,
7393573,0.69306886,
7393574,0.72381324,
7393575,0.77272415,
7393576,0.82194805,
7393629,0.8390908,
7393630,0.8378648,
7393635,0.6692354,
7393636,0.8911777,
7393637,0.83727396,
7393638,0.8036259,
7393639,0.8384371,
7393640,0.65333515,
7393641,0.8217079,
7393642,0.7858008,
7393643,0.87016517,
7393644,0.7725806,
7393646,0.8413294,
7393680,0.78197163,
7393681,0.8067417,
7393833,0.8556033,
7393940,0.81386054,
7394087,0.79174525,
7394090,0.7643906,
7394091,0.7747355,
7394092,0.7779659,
7394093,0.60625595,
7394094,0.5878964,
7394095,0.69135153,
7394096,0.6738591,
7394097,0.7542333,
7394098,0.873687,
7394099,0.71870774,
7394100,0.8163075,
7394101,0.5908673,
7394102,0.61572653,
7394103,0.70016044,
7394104,0.7513403,
7394105,0.84718186,
7394106,0.7555449,
7394107,0.79144317,
7394200,0.81804955,
7394201,0.81451374,
7394468,0.673958,
7394469,0.7638039,
7394472,0.8290538,
7394474,0.8697072,
7394476,0.77103174,
7394477,0.5647722,
7394478,0.60844404,
7394483,0.8294428,
7394484,0.85118777,
7394486,0.88393486,
7394489,0.8968139,
7394530,0.80394435,
7394553,0.70568395,
7394559,0.69994414,
7394561,0.6979909,
7394600,0.7199406,
7394601,0.8283776,
7394602,0.759769,
7394603,0.7125522,
7394604,0.77304316,
7394605,0.8055613,
7394606,0.80922383,
7394607,0.87246084,
7394608,0.85670936,
7394609,0.8589746,
7394610,0.8198558,
7394614,0.79306483,
7394615,0.7506653,
7394616,0.6858543,
7394617,0.83318126,
7394618,0.8011987,
7394619,0.72244036,
7394632,0.66055554,
7394633,0.587628,
7394634,0.75640815,
7394635,0.7507736,
7394637,0.768839,
7394640,0.87593234,
7394642,0.76713383,
7394644,0.82589924,
7394647,0.7469659,
7394728,0.80479974,
7394729,0.83248353,
7394730,0.832985,
7394731,0.8502941,
7394732,0.7957562,
7394803,0.87415844,
7394804,0.8756376,
7394805,0.86131454,
7394806,0.8570857,
7394816,0.8857536,
7394817,0.896147,
7394822,0.8309253,
7394826,0.79094654,
7394827,0.7819799,
7394829,0.50089234,
7394830,0.74947906,
7394832,0.6124361,
7394833,0.65750843,
7394834,0.6756532,
7394835,0.723983,
7394836,0.71833146,
7394838,0.5349176,
7394839,0.78356355,
7394840,0.7987005,
7394841,0.7313518,
7394861,0.7400227,
7394863,0.9366934,
7394864,0.91532433,
7394868,0.78999066,
7394870,0.80656755,
7394874,0.88265526,
7394875,0.6715799,
7394876,0.76263094,
7394877,0.6738564,
7394878,0.7036196,
7394879,0.7838765,
7394880,0.7440027,
7394883,0.8267697,
7394884,0.81744057,
7394885,0.8856602,
7394886,0.8223948,
7394890,0.74327075,
7394891,0.6992003,
7394893,0.8772119,
7394894,0.85020673,
7394895,0.7422381,
7394896,0.7315659,
7394897,0.9180918,
7394898,0.89919513,
7394899,0.84224296,
7394900,0.8659543,
7394904,0.80599546,
7394905,0.8202398,
7394906,0.807895,
7394907,0.6591624,
7394908,0.61192477,
7394909,0.65986425,
7394910,0.7197026,
7394911,0.7764952,
7394912,0.81561154,
7394919,0.67679596,
7394954,0.64896435,
7394955,0.51824176,
7394956,0.69779885,
7394958,0.7560375,
7394961,0.7824259,
7394962,0.7796873,
7394989,0.8507153,
7394990,0.8122207,
7394991,0.7754399,
7394993,0.6938841,
7394994,0.81593215,
7394995,0.8532527,
7394996,0.9298525,
7394997,0.821755,
7394998,0.88169825,
7394999,0.8464524,
7395000,0.83407986,
7395001,0.8157939,
7395002,0.8292449,
7395003,0.845715,
7395004,0.888448,
7395006,0.79037845,
7395007,0.8270247,
7395008,0.786133,
7395010,0.8974702,
7395011,0.9172056,
7395013,0.7532739,
7395014,0.8296874,
7395015,0.8009809,
7395016,0.8684267,
7395017,0.75919294,
7395018,0.77372485,
7395020,0.82465696,
7395023,0.84862816,
7395025,0.8566584,
7395026,0.72719777,
7395027,0.7261441,
7395028,0.76043516,
7395029,0.76400983,
7395045,0.80874354,
7395046,0.77233785,
7395092,0.8048707,
7395093,0.7216018,
7395094,0.6631514,
7395095,0.64277524,
7395096,0.578905,
7395109,0.6229324,
7395111,0.89785206,
7395112,0.86768734,
7395113,0.90757674,
7395114,0.8989619,
7395115,0.8127582,
7395117,0.70821506,
7395124,0.77542,
7395125,0.77959657,
7395126,0.79028815,
7395137,0.80968726,
7395214,0.71146774,
7395215,0.565938,
7395217,0.70399934,
7395218,0.6761355,
7395220,0.67848986,
7395221,0.71046585,
7395224,0.5957528,
7395225,0.69022274,
7395226,0.6791106,
7395228,0.6911639,
7395264,0.8269615,
7395265,0.8440844,
7395266,0.76541555,
7395267,0.84191227,
7395268,0.75421536,
7395269,0.87835634,
7395270,0.72928864,
7395271,0.82234627,
7395272,0.79167783,
7395273,0.8919772,
7395274,0.85495,
7395275,0.86075497,
7395276,0.85612506,
7395423,0.7606558,
7395424,0.85241216,
7395425,0.8374518,
7395427,0.8064919,
7395428,0.7681934,
7395430,0.73174214,
7395431,0.8419479,
7395432,0.8261955,
7395433,0.8047926,
7395434,0.87341124,
7395435,0.87253517,
7395436,0.80078185,
7395439,0.8553428,
7395440,0.8453292,
7395441,0.8697725,
7395442,0.83515626,
7395443,0.88104826,
7395444,0.83550143,
7395445,0.8848887,
7395446,0.87615806,
7395447,0.8361374,
7395448,0.87464035,
7395449,0.8130765,
7395451,0.76529175,
7395454,0.7860205,
7395455,0.81097674,
7395456,0.71096975,
7395459,0.7624356,
7395460,0.78344965,
7395464,0.75873786,
7395465,0.89043677,
7395468,0.86017555,
7395471,0.85749954,
7395474,0.799968,
7395475,0.796909,
7395488,0.81179863,
7395489,0.79714775,
7395500,0.9061218,
7395501,0.8904732,
7395502,0.8903717,
7395503,0.8873932,
7395507,0.79585886,
7395508,0.78367984,
7395509,0.7815151,
7395510,0.78483987,
7395511,0.80191374,
7395512,0.7698036,
7395513,0.7729005,
7395515,0.77550036,
7395516,0.8173331,
7395519,0.70155424,
7395520,0.7116273,
7395521,0.87854606,
7395522,0.87129223,
7395523,0.9091455,
7395524,0.8681534,
7395525,0.893582,
7395528,0.81326777,
7395529,0.8392457,
7395530,0.8222121,
7395531,0.80414814,
7395533,0.7310829,
7395534,0.78950334,
7395535,0.7690976,
7395536,0.7799166,
7395537,0.8028694,
7395557,0.7377976,
7395558,0.7405878,
7395560,0.8126748,
7395561,0.8069369,
7395568,0.8929863,
7395569,0.900879,
7395570,0.8969693,
7395571,0.8587614,
7395600,0.8599471,
7395601,0.78696495,
7395603,0.8353698,
7395604,0.78526485,
7395637,0.70322746,
7395638,0.85649246,
7395639,0.8210934,
7395642,0.88388383,
7395651,0.7031641,
7395654,0.8223945,
7395655,0.71220607,
7395656,0.80903584,
7395657,0.8175013,
7395709,0.8496454,
7395710,0.8144796,
7395712,0.786634,
7395714,0.82104295,
7395716,0.8532467,
7395717,0.848881,
7395718,0.86714256,
7395856,0.8826237,
7395857,0.5196911,
7395858,0.6127715,
7395859,0.7292955,
7395860,0.7973567,
7395861,0.7976816,
7395862,0.68371266,
7395863,0.7461081,
7395869,0.6868223,
7395870,0.73634034,
7395871,0.7372404,
7395872,0.40918434,
7395873,0.8271813,
7395874,0.73911077,
7395883,0.7907687,
7395884,0.8207027,
7395885,0.7492495,
7395886,0.53296876,
7395887,0.499471,
7395888,0.83804244,
7395889,0.8336568,
7395890,0.7091068,
7395891,0.79620314,
7395892,0.76825017,
7395893,0.740342,
7395894,0.8485193,
7395895,0.7220009,
7395896,0.80768967,
7395898,0.71473646,
7395900,0.77690876,
7395901,0.64313763,
7395902,0.7523704,
7395904,0.8057557,
7395905,0.7323257,
7395906,0.7555913,
7395908,0.70594174,
7395910,0.8157661,
7395917,0.4689282,
7395918,0.8803965,
7395962,0.6479538,
7395966,0.58989614,
7395968,0.65112174,
7395970,0.7700537,
7395973,0.7392896,
7395975,0.4859272,
7395977,0.4404022,
7395978,0.74406606,
7395980,0.6973415,
7395982,0.76237106,
7395984,0.7549939,
7395986,0.7542724,
7395988,0.69488454,
7395989,0.7368384,
7395990,0.68342793,
7395992,0.767896,
7395994,0.52119756,
7395997,0.5672233,
7395999,0.5381011,
7396001,0.7354402,
7396003,0.84667325,
7396006,0.73536456,
7396008,0.8327499,
7396010,0.75830215,
7396012,0.67725724,
7396013,0.80850154,
7396014,0.73868835,
7396015,0.7105722,
7396018,0.77632505,
7396020,0.8835008,
7396022,0.73246783,
7396032,0.64275527,
7396033,0.81480753,
7396035,0.66371197,
7396036,0.70029247,
7396037,0.7178896,
7396038,0.7943837,
7396039,0.8126772,
7396062,0.78022027,
7396063,0.88912135,
7396066,0.75128806,
7396079,0.33717898,
7396080,0.3568907,
7396081,0.35070544,
7396082,0.282779,
7396083,0.28808132,
7396084,0.32101882,
7396085,0.2881969,
7396086,0.26360655,
7396087,0.33961925,
7396088,0.21267956,
7396089,0.24197042,
7396090,0.27382725,
7396091,0.3078971,
7396092,0.22287768,
7396093,0.2335065,
7396094,0.29055485,
7396095,0.26370445,
7396096,0.3175152,
7396097,0.25954774,
7396098,0.32036036,
7396099,0.344107,
7396100,0.29863828,
7396101,0.32178083,
7396102,0.23602387,
7396103,0.23514754,
7396104,0.27872738,
7396105,0.25351012,
7396106,0.34926277,
7396107,0.26825973,
7396108,0.24322242,
7396109,0.26601034,
7396110,0.25592166,
7396111,0.283779,
7396112,0.31643072,
7396113,0.2790652,
7396114,0.27825633,
7396115,0.26431006,
7396116,0.29369462,
7396117,0.23221686,
7396119,0.36338475,
7396120,0.3449574,
7396121,0.30476543,
7396122,0.36150956,
7396123,0.3553202,
7396124,0.34133095,
7396125,0.3048667,
7396126,0.27489275,
7396127,0.3001674,
7396128,0.32261184,
7396129,0.3038666,
7396130,0.27110988,
7396131,0.2623674,
7396132,0.27882838,
7396133,0.3363974,
7396134,0.3450903,
7396135,0.33124703,
7396151,0.29377693,
7396153,0.21741584,
7396249,0.826426,
7396250,0.85327834,
7396251,0.7771242,
7396252,0.8304901,
7396383,0.29971486,
7396384,0.30091134,
7396385,0.30082294,
7396388,0.29862782,
7396389,0.2827763,
7396390,0.26569057,
7396391,0.2509751,
7396394,0.26808202,
7396395,0.28972068,
7396587,0.8272379,
7396588,0.80098945,
7396590,0.824801,
7396591,0.7709551,
7396592,0.8232504,
7396593,0.6174298,
7396594,0.5647981,
7396595,0.5515172,
7396596,0.39921388,
7396597,0.54786193,
7396621,0.83985174,
7396622,0.87397563,
7396623,0.84327215,
7396624,0.88102883,
7396641,0.8123057,
7396642,0.84676105,
7396643,0.88769233,
7396645,0.8469702,
7396653,0.79844254,
7396654,0.81238914,
7396655,0.7866645,
7396656,0.8004065,
7396657,0.82017314,
7396658,0.79918796,
7396659,0.7569741,
7396660,0.84948313,
7396661,0.82368267,
7396662,0.8598162,
7396682,0.7925674,
7396685,0.64408517,
7396687,0.77969897,
7396695,0.6591222,
7396696,0.79875106,
7396698,0.7173489,
7396700,0.65953,
7396711,0.74016124,
7396712,0.8090517,
7396713,0.7399322,
7396714,0.7816322,
7396715,0.8595027,
7396946,0.74157006,
7396947,0.8573731,
7396970,0.8131571,
7396971,0.72679937,
7396977,0.7382233,
7396978,0.7363032,
7397123,0.7349663,
7397124,0.85768193,
7397128,0.6600804,
7397129,0.67752737,
7397130,0.5796462,
7397137,0.83485496,
7397138,0.8124047,
7397140,0.7063946,
7397141,0.8246689,
7397155,0.49260044,
7397157,0.76345825,
7397158,0.8684628,
7397171,0.83927256,
7397172,0.6405622,
7397173,0.73796153,
7397175,0.8573075,
7397227,0.8887444,
7397247,0.8917217,
7397249,0.6765078,
7397263,0.74858415,
7397265,0.8084302,
7397284,0.7152437,
7397304,0.77665496,
7397309,0.8522483,
7397310,0.85889727,
7397311,0.56322855,
7397312,0.75439024,
7397313,0.7841646,
7397314,0.85277236,
7397315,0.93348944,
7397316,0.89092374,
7397317,0.713655,
7397318,0.71741134,
7397355,0.8311171,
7397357,0.8923995,
7397363,0.7745351,
7397367,0.70262563,
7397369,0.5566135,
7397370,0.7576908,
7397372,0.82104367,
7397373,0.86002606,
7397375,0.7780895,
7397377,0.8094415,
7397378,0.79499334,
7397379,0.80408317,
7397381,0.73957396,
7397382,0.79583836,
7397383,0.783951,
7397407,0.6856319,
7397408,0.82446045,
7397409,0.7156275,
7397410,0.8142854,
7397411,0.8354236,
7397412,0.6649463,
7397413,0.6820616,
7397416,0.8278778,
7397418,0.6777489,
7397419,0.84071505,
7397420,0.6838324,
7397421,0.79179186,
7397422,0.82209873,
7397423,0.8065761,
7397424,0.63735056,
7397426,0.6775613,
7397428,0.73945117,
7397429,0.84427947,
7397430,0.88311744,
7397432,0.86800975,
7397433,0.89887863,
7397434,0.8321499,
7397435,0.7493244,
7397436,0.7271334,
7397437,0.8118941,
7397438,0.8375197,
7397439,0.8402174,
7397440,0.8206852,
7397441,0.69964457,
7397442,0.7920991,
7397443,0.79713494,
7397444,0.77167845,
7397446,0.6477467,
7397447,0.7936382,
7397449,0.81650835,
7397451,0.78545475,
7397452,0.744874,
7397453,0.8117997,
7397454,0.818183,
7397457,0.8373586,
7397458,0.57431936,
7397460,0.5899883,
7397461,0.67192054,
7397483,0.9003339,
7397485,0.7103655,
7397486,0.7434777,
7397487,0.8264545,
7397488,0.9223423,
7397492,0.9300518,
7397767,0.8019963,
7397852,0.5410234,
7397873,0.6010411,
7397887,0.65317994,
7397923,0.8178059,
7397925,0.84376496,
7397928,0.5826779,
7397929,0.6801944,
7397931,0.71325266,
7397933,0.729259,
7397935,0.7493719,
7397936,0.7593943,
7397937,0.7268713,
7397938,0.70037824,
7397939,0.79925203,
7397940,0.7402131,
7397942,0.8313126,
7397943,0.83547544,
7397944,0.6724536,
7397945,0.8277502,
7397946,0.8101728,
7397947,0.5402782,
7397948,0.72758377,
7397949,0.7354637,
7397950,0.80181277,
7397951,0.76539415,
7397952,0.79914385,
7397953,0.721475,
7397954,0.74475646,
7397955,0.7462231,
7397956,0.74428844,
7397957,0.817319,
7397958,0.82080764,
7397959,0.81369984,
7397960,0.72566354,
7397961,0.7352808,
7397962,0.8605567,
7398020,0.81050175,
7398021,0.54801226,
7398023,0.6716024,
7398024,0.7103785,
7398027,0.8402457,
7398029,0.7018521,
7398034,0.5684976,
7398035,0.82674164,
7398072,0.8004125,
7398073,0.78420204,
7398075,0.6878798,
7398095,0.6739636,
7398097,0.6732247,
7398118,0.83913517,
7398120,0.8194758,
7398121,0.7701925,
7398122,0.7330745,
7398123,0.7361638,
7398127,0.77837837,
7398147,0.84820276,
7398148,0.90666926,
7398149,0.88826925,
7398150,0.85806453,
7398151,0.8034783,
7398153,0.77002996,
7398154,0.7394134,
7398155,0.70737714,
7398156,0.6504966,
7398157,0.89248663,
7398158,0.9179694,
7398159,0.7197191,
7398160,0.82610434,
7398161,0.86890274,
7398162,0.8925691,
7398163,0.9017941,
7398165,0.8017453,
7398166,0.7916128,
7398233,0.711892,
7398234,0.6591392,
7398235,0.64130026,
7398236,0.7098476,
7398304,0.79619837,
7398305,0.6987803,
7398472,0.7189102,
7398474,0.78563166,
7398476,0.8043566,
7398488,0.70888484,
7398494,0.7831229,
7398495,0.77424645,
7398496,0.75390714,
7398512,0.71453065,
7398513,0.64356226,
7398514,0.7433978,
7398515,0.6738124,
7398524,0.8150045,
7398526,0.8272257,
7398527,0.81994325,
7398530,0.76729524,
7398533,0.78835976,
7398556,0.75304514,
7398558,0.811504,
7398561,0.85726535,
7398562,0.84798026,
7398563,0.8841076,
7398564,0.84258765,
7398565,0.827845,
7398566,0.82655555,
7398568,0.84275264,
7398569,0.87891585,
7398570,0.8634671,
7398571,0.87661535,
7398572,0.8645492,
7398573,0.8633653,
7398574,0.8486936,
7398575,0.7431985,
7398576,0.7504679,
7398577,0.77141666,
7398578,0.86956435,
7398579,0.84816104,
7398580,0.8159195,
7398581,0.86337954,
7398582,0.8952534,
7398583,0.8243599,
7398584,0.7824367,
7398585,0.7825358,
7398586,0.7286622,
7398983,0.8486429,
7398984,0.75795615,
7399229,0.8421713,
7399230,0.84353447,
7399231,0.7958939,
7399232,0.86459434,
7399233,0.8199358,
7399234,0.78361565,
7399235,0.8369208,
7399236,0.82222015,
7399237,0.8476333,
7399238,0.8229872,
7399240,0.82853866,
7399241,0.8349875,
7399242,0.84245133,
7399244,0.8214885,
7399245,0.79271704,
7399249,0.70221174,
7399250,0.6937316,
7399251,0.79639655,
7399252,0.7381272,
7399253,0.78246045,
7399254,0.754923,
7399255,0.78858495,
7399256,0.8376806,
7399257,0.8254516,
7399258,0.8706125,
7399362,0.72573024,
7399363,0.782323,
7399365,0.8342369,
7399366,0.7771914,
7399367,0.83750844,
7399368,0.72787607,
7399369,0.7692885,
7399370,0.63472104,
7399371,0.4327287,
7399372,0.579373,
7399373,0.5592766,
7399374,0.63103753,
7399375,0.75610673,
7399377,0.7170669,
7399378,0.6087235,
7399379,0.84911674,
7399380,0.8588801,
7399381,0.7440568,
7399382,0.51462436,
7399383,0.6267535,
7399384,0.6876109,
7399385,0.8345993,
7399386,0.77286977,
7399387,0.8230009,
7399388,0.737436,
7399390,0.7863695,
7399391,0.7649845,
7399392,0.73189676,
7399417,0.84478736,
7399418,0.6684156,
7399419,0.71956223,
7399420,0.87696105,
7399421,0.8485379,
7399422,0.7321343,
7399423,0.9155939,
7399426,0.85974765,
7399427,0.72872096,
7399428,0.7479746,
7399429,0.6602175,
7399430,0.765431,
7399431,0.69451636,
7399432,0.8533371,
7399434,0.81372654,
7399435,0.7757455,
7399436,0.75095236,
7399437,0.60967326,
7399438,0.730495,
7399439,0.7337004,
7399440,0.6705715,
7399441,0.72934914,
7399442,0.73888725,
7399443,0.5679651,
7399444,0.7647043,
7399445,0.8212272,
7399446,0.7998859,
7399447,0.6862667,
7399448,0.6831959,
7399449,0.7927504,
7399450,0.7847166,
7399451,0.77058244,
7399452,0.82525706,
7399475,0.78373796,
7399476,0.8071789,
7399834,0.7527082,
7400008,0.3954888,
7400012,0.70941013,
7400018,0.84948194,
7400019,0.7187417,
7400020,0.7656135,
7400021,0.72753996,
7400022,0.7231328,
7400023,0.7695804,
7400025,0.70935124,
7400026,0.6447688,
7400027,0.7389783,
7400030,0.7308065,
7400031,0.65333074,
7400033,0.5266734,
7400034,0.8128844,
7400035,0.83593476,
7400036,0.7703237,
7400037,0.72252685,
7400038,0.75825757,
7400040,0.757974,
7400043,0.78766763,
7400044,0.69854265,
7400045,0.8030703,
7400046,0.76288366,
7400047,0.85504466,
7400048,0.7415121,
7400049,0.75337344,
7400050,0.78308344,
7400051,0.8098888,
7400052,0.8399699,
7400053,0.6888246,
7400056,0.8523895,
7400057,0.7880216,
7400069,0.79801875,
7400070,0.63078916,
7400071,0.81440645,
7400072,0.87570155,
7400654,0.85877097,
7400656,0.85117704,
7400657,0.8319719,
7400660,0.78647506,
7400661,0.78665304,
7400662,0.91158146,
7400663,0.91158146,
7400664,0.9122548,
7400665,0.9122548,
7400666,0.94894654,
7400667,0.94894654,
7400668,0.89656377,
7400669,0.89656377,
7400670,0.88327813,
7400671,0.87679815,
7400672,0.8177072,
7400673,0.8177072,
7400674,0.7956622,
7400675,0.80085516,
7400676,0.75083405,
7400677,0.7517056,
7400679,0.91499156,
7400680,0.9143253,
7400681,0.84075284,
7400682,0.8578841,
7400683,0.92889017,
7400684,0.92023706,
7400685,0.93975824,
7400687,0.90099895,
7400688,0.90174437,
7400691,0.83887506,
7400692,0.83887506,
7400693,0.8554792,
7400695,0.90389293,
7400696,0.8972417,
7400697,0.88225573,
7400698,0.8754131,
7400703,0.82578576,
7400812,0.56914544,
7400815,0.6177469,
7400816,0.64077526,
7400819,0.5592586,
7400820,0.6274265,
7400821,0.6346335,
7400823,0.58690333,
7400833,0.8111851,
7400834,0.8111851,
7400836,0.8279918,
7400837,0.8228434,
7400879,0.78470457,
7400886,0.7492063,
7400887,0.7660609,
7400888,0.8166375,
7400889,0.77350545,
7400912,0.7249355,
7400913,0.6988433,
7400914,0.91456735,
7400915,0.8126995,
7400916,0.7980717,
7400917,0.58975,
7401092,0.63286597,
7401093,0.6924502,
7401095,0.7439923,
7401096,0.72363114,
7401097,0.73060703,
7401098,0.7471455,
7401102,0.7714418,
7401103,0.8490377,
7401104,0.82124215,
7401105,0.6963218,
7401106,0.63686997,
7401108,0.75835294,
7401109,0.7357038,
7401110,0.81992334,
7401111,0.85862666,
7401118,0.7901671,
7401129,0.91558516,
7401130,0.90239054,
7401131,0.74620444,
7401132,0.78537846,
7401133,0.5214236,
7401134,0.7753221,
7401135,0.8214682,
7401136,0.76440954,
7401137,0.7965291,
7401138,0.7367816,
7401139,0.74603534,
7401140,0.80630404,
7401141,0.81095964,
7401142,0.7810071,
7401143,0.9127779,
7401144,0.76999295,
7401145,0.66072184,
7401146,0.7773351,
7401147,0.7901042,
7401148,0.75939536,
7401149,0.7557572,
7401150,0.75921094,
7401151,0.79843014,
7401152,0.85359275,
7401153,0.8431186,
7401154,0.8318509,
7401156,0.73338956,
7401157,0.81082976,
7401158,0.83728933,
7401159,0.80684453,
7401160,0.77851564,
7401176,0.6685618,
7401177,0.76191324,
7401178,0.7561126,
7401179,0.78658426,
7401180,0.70239735,
7401181,0.72609913,
7401187,0.931869,
7401188,0.93019766,
7401190,0.7887001,
7401191,0.88430655,
7401192,0.79404724,
7401193,0.90842724,
7401218,0.656001,
7401219,0.6841261,
7401220,0.59899276,
7401221,0.86003006,
7401222,0.7586994,
7401223,0.5626027,
7401224,0.6139334,
7401225,0.6067234,
7401226,0.473199,
7401227,0.8364028,
7401228,0.81246847,
7401229,0.8037844,
7401230,0.7393105,
7401231,0.846593,
7401232,0.8682688,
7401233,0.7400368,
7401234,0.6703192,
7401235,0.6351608,
7401236,0.8445955,
7401237,0.8669447,
7401238,0.87755716,
7401299,0.8504066,
7401300,0.86713713,
7401301,0.87225646,
7401302,0.81850183,
7401316,0.78077537,
7401317,0.66135174,
7401318,0.7689078,
7401319,0.8016107,
7401320,0.73947054,
7401321,0.773731,
7401325,0.7641899,
7401328,0.6543878,
7401329,0.612737,
7401330,0.54780567,
7401331,0.87802106,
7401332,0.8543938,
7401334,0.74393505,
7401335,0.58700424,
7401336,0.49883896,
7401337,0.67304075,
7401338,0.7705587,
7401341,0.70759845,
7401342,0.7517996,
7401343,0.7440609,
7401344,0.75937164,
7401345,0.8724154,
7401346,0.76003325,
7401347,0.85035646,
7401348,0.82693,
7401349,0.86530054,
7401350,0.8360878,
7401351,0.8367094,
7401376,0.6372956,
7401377,0.7933594,
7401378,0.78180254,
7401379,0.7612844,
7401380,0.8230125,
7401381,0.82021356,
7401382,0.74660593,
7401383,0.75685656,
7401384,0.7546342,
7401385,0.7215788,
7401386,0.70232433,
7401387,0.60313714,
7401388,0.6663913,
7401389,0.5150016,
7401390,0.68195486,
7401391,0.69971126,
7401392,0.719771,
7401394,0.8354613,
7401395,0.67825043,
7401396,0.7225628,
7401401,0.7460116,
7401402,0.7553862,
7401403,0.8025533,
7401404,0.79534495,
7401407,0.5028706,
7401408,0.4708952,
7401409,0.7467958,
7401410,0.8528607,
7401411,0.6090714,
7401412,0.6409649,
7401573,0.58724576,
7401574,0.5626678,
7401575,0.660451,
7401577,0.82666296,
7401581,0.7604532,
7401582,0.6744414,
7401583,0.49996734,
7401584,0.7227177,
7401585,0.7817873,
7401586,0.7575754,
7401610,0.7198226,
7401611,0.72967494,
7401644,0.61861366,
7401646,0.60279065,
7401648,0.63972473,
7401695,0.4910221,
7401696,0.5018636,
7401697,0.4454466,
7401698,0.7766713,
7401700,0.7947171,
7401704,0.45900267,
7401708,0.5045211,
7401709,0.49296778,
7401710,0.5399301,
7401711,0.544074,
7401712,0.7206847,
7401713,0.64807767,
7401714,0.7028119,
7401715,0.7250626,
7401721,0.83283395,
7401723,0.80018693,
7401724,0.82050836,
7401791,0.9230992,
7401792,0.8482672,
7401793,0.88707644,
7401794,0.88694775,
7401795,0.90583646,
7401796,0.8584718,
7401797,0.8600622,
7401798,0.9224094,
7401799,0.81681454,
7401800,0.86270887,
7401806,0.83826685,
7402259,0.6561998,
7402260,0.673353,
7402287,0.5811038,
7402288,0.60166156,
7402289,0.67214185,
7402303,0.51861,
7402374,0.7950189,
7402375,0.8828488,
7402376,0.79367524,
7402377,0.7686249,
7402378,0.7467598,
7402379,0.712381,
7402380,0.80663586,
7402381,0.7485094,
7402382,0.57648593,
7402383,0.87758857,
7402415,0.5252416,
7402424,0.83433276,
7402425,0.8277191,
7402426,0.8245343,
7402427,0.791658,
7402429,0.80295485,
7402432,0.7952126,
7402433,0.7316532,
7402434,0.77881783,
7402435,0.68375,
7402436,0.57454026,
7402442,0.81776303,
7402443,0.84196025,
7402451,0.83279765,
7402453,0.86141235,
7402455,0.85897857,
7402456,0.9076377,
7402458,0.8535845,
7402459,0.70802706,
7402460,0.77907383,
7402461,0.78559566,
7402462,0.6742388,
7402464,0.82263273,
7402465,0.8298836,
7402466,0.8485744,
7402467,0.6313671,
7402468,0.7032562,
7402469,0.81615204,
7402470,0.8473844,
7402471,0.7527774,
7402472,0.6268392,
7402473,0.67136407,
7402474,0.63577956,
7402475,0.6766417,
7402476,0.5990927,
7402477,0.6540606,
7402478,0.65556854,
7402479,0.70217454,
7402480,0.697708,
7402481,0.85855436,
7402482,0.8278634,
7402484,0.6788809,
7402485,0.70383006,
7402488,0.73125196,
7402544,0.88596004,
7402545,0.8777724,
7402546,0.88918006,
7402547,0.8368196,
7402548,0.85610545,
7402549,0.84849024,
7402550,0.69771194,
7402551,0.5674699,
7402603,0.64215064,
7402604,0.558112,
7402605,0.5001134,
7402606,0.51818013,
7402608,0.57600933,
7402609,0.62806666,
7402610,0.4562556,
7402611,0.83881724,
7402613,0.45357737,
7402614,0.44572288,
7402615,0.7933169,
7402616,0.76266,
7402617,0.71828383,
7402618,0.68114424,
7402619,0.71561956,
7402620,0.7337099,
7402621,0.77078956,
7402622,0.82059956,
7402623,0.7451025,
7402626,0.82758445,
7402627,0.82768625,
7402653,0.72683215,
7402657,0.6127679,
7402658,0.62457216,
7402659,0.63027316,
7402701,0.80489427,
7402702,0.89032686,
7402703,0.88859856,
7402704,0.797762,
7402707,0.8349874,
7402708,0.8599836,
7402709,0.81057334,
7402710,0.67179185,
7402711,0.70305187,
7402712,0.83300436,
7402713,0.677029,
7402714,0.65426224,
7402715,0.75190526,
7402716,0.7627632,
7402717,0.707643,
7402718,0.588736,
7402719,0.7244254,
7402720,0.80495924,
7402721,0.71392983,
7402836,0.64442724,
7402928,0.85446864,
7402929,0.8314814,
7403194,0.66397446,
7403195,0.65667576,
7403196,0.665354,
7403197,0.7809218,
7403198,0.77602774,
7404377,0.76261395,
7404378,0.7568329,
7404379,0.7884924,
7404380,0.803557,
7404381,0.771757,
7404382,0.7741563,
7404627,0.54849213,
7404628,0.5411505,
7404629,0.5764535,
7404630,0.566755,
7404694,0.77558655,
7404695,0.6633539,
7404698,0.8189519,
7404699,0.8293752,
7404700,0.8543574,
7404701,0.8055642,
7404702,0.8320008,
7404705,0.6592078,
7404706,0.767328,
7404720,0.6317319,
7404721,0.60315645,
7404722,0.64018613,
7404723,0.6317398,
7404724,0.51842767,
7404725,0.5727759,
7404769,0.7919275,
7404773,0.45893458,
7404774,0.5927272,
7404775,0.76525074,
7404776,0.7948199,
7404777,0.8607951,
7404778,0.8465003,
7404779,0.8237599,
7404783,0.74282074,
7404784,0.80857897,
7404815,0.86788756,
7404816,0.8393938,
7404827,0.6431222,
7404828,0.64678127,
7404829,0.7939296,
7404881,0.79329234,
7404882,0.784699,
7404883,0.8219871,
7404884,0.80026287,
7404971,0.53676975,
7404972,0.5724936,
7404973,0.63853633,
7404974,0.5370157,
7404979,0.9015014,
7404983,0.90466976,
7404984,0.889233,
7404985,0.91441315,
7404987,0.8996068,
7404988,0.9063755,
7404989,0.8933748,
7404990,0.89569867,
7404991,0.8874835,
7404992,0.8691805,
7404993,0.89819753,
7404994,0.91204005,
7404995,0.9112325,
7404996,0.9108735,
7404997,0.8924924,
7404998,0.90279305,
7404999,0.86228746,
7405000,0.8645081,
7405001,0.88202024,
7405003,0.8995486,
7405004,0.8254897,
7405005,0.81739324,
7405006,0.84975624,
7405007,0.8279723,
7405008,0.7999384,
7405009,0.8230112,
7405013,0.84502375,
7405014,0.67381364,
7405017,0.90648687,
7405020,0.85293084,
7405022,0.76464814,
7405023,0.79293406,
7405024,0.84162426,
7405026,0.67380863,
7405028,0.75540596,
7405029,0.7728087,
7405030,0.80082834,
7405031,0.7889826,
7405032,0.8589933,
7405033,0.8059946,
7405034,0.8825236,
7405035,0.8111294,
7405067,0.6697788,
7405068,0.6121724,
7405069,0.5191318,
7405070,0.7218336,
7405072,0.7222102,
7405073,0.63126785,
7405074,0.6370895,
7405075,0.7660631,
7405076,0.3328241,
7405078,0.6293872,
7405079,0.7415934,
7405080,0.63417673,
7405088,0.6263543,
7405120,0.58037764,
7405121,0.75029856,
7405122,0.7137398,
7405127,0.6505043,
7405128,0.694785,
7405129,0.706301,
7405130,0.44589058,
7405131,0.5308021,
7405132,0.66404486,
7405133,0.52533937,
7405134,0.68094283,
7405144,0.49594995,
7405145,0.70381683,
7405153,0.6662311,
7405240,0.71413016,
7405241,0.72584873,
7405243,0.75062865,
7405244,0.7374097,
7405245,0.746753,
7405246,0.789911,
7405247,0.79260254,
7405248,0.79220086,
7405249,0.787868,
7405251,0.70697296,
7405252,0.6520434,
7405274,0.6416691,
7405278,0.7851478,
7405279,0.7891558,
7405282,0.792419,
7405283,0.83195156,
7405287,0.848962,
7405299,0.83108956,
7405321,0.832385,
7405347,0.84245205,
7405367,0.846913,
7405368,0.85996056,
7405385,0.87785053,
7405386,0.8689716,
7405387,0.82990855,
7405388,0.83490413,
7405389,0.77879006,
7405390,0.70364136,
7405391,0.7671822,
7405392,0.69159484,
7405393,0.7044104,
7405395,0.646795,
7405397,0.846229,
7405398,0.8158165,
7405399,0.64848584,
7405400,0.62751836,
7405401,0.68842125,
7405402,0.63949025,
7405403,0.83844423,
7405404,0.8489049,
7405405,0.84003216,
7405406,0.86930805,
7405407,0.677559,
7405408,0.67508006,
7405409,0.74127,
7405410,0.66484165,
7405413,0.77053064,
7405414,0.73317295,
7405417,0.69921625,
7405418,0.70301175,
7405425,0.84417945,
7405426,0.8133873,
7405429,0.8133873,
7405434,0.77362657,
7405442,0.7867786,
7405443,0.8075241,
7405448,0.7401883,
7405449,0.7181506,
7405451,0.7404532,
7405481,0.7995886,
7405483,0.7975987,
7405485,0.8748457,
7405486,0.8407253,
7405487,0.8433914,
7405489,0.81944394,
7405491,0.8010029,
7405495,0.85393083,
7405499,0.8467601,
7405500,0.8611044,
7405503,0.77247286,
7405507,0.7577162,
7405508,0.68115014,
7405518,0.6007602,
7405519,0.8324764,
7405520,0.7554469,
7405521,0.79889494,
7405523,0.7957521,
7405525,0.6361471,
7405526,0.80094224,
7405528,0.84947944,
7405566,0.7991748,
7405568,0.6404758,
7405570,0.6490722,
7405599,0.6876273,
7405600,0.6967764,
7405601,0.5449066,
7405602,0.5306508,
7405603,0.6855961,
7405604,0.64259505,
7405605,0.66822857,
7405647,0.4267281,
7405648,0.45310375,
7405649,0.69242865,
7405650,0.56691974,
7405651,0.66526115,
7405652,0.41232604,
7405653,0.60419405,
7405655,0.59988433,
7405656,0.61198545,
7405657,0.7711179,
7405658,0.6644671,
7405659,0.6852714,
7405660,0.57779187,
7405661,0.44637048,
7405662,0.71484816,
7405663,0.7333368,
7405664,0.7401287,
7405665,0.64932317,
7405666,0.6513164,
7405667,0.55496687,
7405668,0.71461904,
7405669,0.7036149,
7405670,0.65436304,
7405671,0.52465713,
7405672,0.72859824,
7405673,0.77026325,
7405674,0.79024243,
7405675,0.75977165,
7405676,0.6953863,
7405677,0.6750428,
7405678,0.5755963,
7405679,0.63810617,
7405680,0.6829394,
7405820,0.6843499,
7405821,0.75112295,
7405822,0.8199383,
7405823,0.84593,
7405825,0.87117827,
7405826,0.8060348,
7405827,0.68254316,
7405829,0.8271109,
7405830,0.8202478,
7405831,0.86470723,
7405833,0.9093876,
7405834,0.78906304,
7405835,0.8553557,
7405836,0.66218394,
7405837,0.6555714,
7405838,0.6758282,
7405839,0.741134,
7405840,0.922763,
7405842,0.907125,
7405853,0.8436732,
7405854,0.8989209,
7405855,0.8173716,
7405857,0.761641,
7405886,0.7690013,
7405887,0.71928996,
7405888,0.85158694,
7405890,0.71265334,
7405891,0.8359685,
7405892,0.75292015,
7405893,0.69768053,
7405894,0.8206575,
7405895,0.747882,
7405896,0.8094925,
7405898,0.73544383,
7405900,0.7955637,
7405901,0.78198457,
7405902,0.71702594,
7405903,0.8456883,
7405904,0.8217916,
7405907,0.87182504,
7405908,0.7670571,
7405909,0.70153654,
7405910,0.76228184,
7405937,0.41844335,
7405940,0.5860052,
7405941,0.549352,
7405984,0.7858953,
7406101,0.87219137,
7406270,0.78057075,
7406271,0.7928124,
7406272,0.7730753,
7406273,0.79266,
7406274,0.76056397,
7406275,0.7402281,
7406276,0.8345341,
7406277,0.79388094,
7406278,0.6847753,
7406279,0.7427168,
7406280,0.83041275,
7406281,0.84020644,
7406282,0.8050479,
7406283,0.81436616,
7406284,0.858843,
7406287,0.66482896,
7406288,0.5231563,
7406289,0.7040325,
7406290,0.8223407,
7406291,0.8875209,
7406292,0.82749623,
7406293,0.821247,
7406295,0.53139913,
7406296,0.8754541,
7406297,0.88084966,
7406301,0.84641576,
7406302,0.84987605,
7406303,0.7115647,
7406304,0.8101391,
7406305,0.64921105,
7406306,0.61094105,
7406307,0.719361,
7406308,0.7772667,
7406309,0.76099104,
7406310,0.8360707,
7406311,0.8196548,
7406312,0.87979084,
7406313,0.71886104,
7406315,0.6764801,
7406318,0.8682187,
7406320,0.82541746,
7406321,0.79878616,
7406322,0.75319827,
7406324,0.8447146,
7406325,0.8131682,
7406326,0.708341,
7406327,0.91344506,
7406329,0.81217504,
7406330,0.81789017,
7406331,0.8287257,
7406332,0.84117013,
7406333,0.6168644,
7406334,0.7771483,
7406335,0.8437095,
7406336,0.87400705,
7406337,0.40431082,
7406338,0.7938718,
7406339,0.72685313,
7406340,0.79974204,
7406341,0.75395465,
7406342,0.870394,
7406343,0.64054626,
7406344,0.79931986,
7406345,0.9024094,
7406564,0.8781122,
7406565,0.81727815,
7406566,0.7104302,
7406760,0.6390527,
7406761,0.85504764,
7406762,0.8852035,
7406763,0.8730789,
7406764,0.835047,
7406765,0.9049347,
7406766,0.7420746,
7406767,0.7270023,
7406768,0.71751773,
7406769,0.66078,
7406770,0.7335663,
7406771,0.7639614,
7406772,0.74871796,
7406773,0.77702636,
7406774,0.8227534,
7406775,0.79480314,
7406776,0.8194742,
7406777,0.83901864,
7406946,0.722055,
7407039,0.8985193,
7407040,0.71981406,
7407041,0.84832966,
7407042,0.8487235,
7407043,0.79035985,
7407046,0.893194,
7407047,0.8648045,
7407103,0.81129396,
7407176,0.7386621,
7407177,0.7015469,
7407180,0.7152674,
7407181,0.7309702,
7407182,0.79169214,
7407183,0.83852136,
7407184,0.707772,
7407185,0.80462766,
7407202,0.74050766,
7407205,0.79498875,
7407206,0.7951391,
7407208,0.6324927,
7407209,0.76844215,
7407210,0.77875966,
7407211,0.7192324,
7407213,0.63409966,
7407236,0.70751905,
7407237,0.55459315,
7407238,0.5961233,
7407239,0.55494165,
7407240,0.5370983,
7407241,0.69877094,
7407242,0.83064735,
7407243,0.91222346,
7407244,0.81953126,
7407246,0.65665853,
7407257,0.68206143,
7407258,0.45160377,
7407259,0.81503236,
7407260,0.80736804,
7407262,0.74218786,
7407263,0.6691393,
7407264,0.69551575,
7407265,0.6468205,
7407280,0.65883297,
7407281,0.80634815,
7407282,0.84081054,
7407283,0.7727103,
7407284,0.70061666,
7407285,0.83831966,
7407286,0.81109023,
7407297,0.71896505,
7407300,0.7296648,
7407302,0.60993266,
7407439,0.56994027,
7407732,0.23156017,
7407733,0.24337278,
7407734,0.3288554,
7407735,0.31259978,
7407736,0.2569644,
7407737,0.35125175,
7407738,0.31073916,
7407739,0.31406355,
7407740,0.25167957,
7407741,0.27005947,
7407742,0.33337373,
7407743,0.21357206,
7407744,0.29260108,
7407745,0.31709388,
7407746,0.32478005,
7407747,0.24137318,
7407748,0.30792704,
7407749,0.28720534,
7407750,0.35193047,
7407751,0.261634,
7407752,0.2994462,
7407753,0.26940656,
7407754,0.2721452,
7407755,0.2410427,
7407756,0.7510638,
7407757,0.6963801,
7407758,0.6562613,
7407760,0.6434489,
7407777,0.7639432,
7407778,0.67266154,
7407779,0.8350039,
7407780,0.89152986,
7407781,0.88182706,
7407782,0.91856414,
7407783,0.90643543,
7407784,0.9062697,
7407785,0.9234595,
7407786,0.8963528,
7407787,0.8990296,
7407788,0.9083402,
7407789,0.8860713,
7407790,0.91356057,
7407791,0.896003,
7407792,0.910388,
7407793,0.9185467,
7407794,0.9045946,
7407795,0.9207752,
7407796,0.8780066,
7407797,0.84954274,
7407798,0.8130398,
7407799,0.8546837,
7407800,0.8285912,
7407801,0.7517507,
7407802,0.8966156,
7407803,0.78645873,
7407804,0.84697294,
7407805,0.786145,
7407806,0.8367216,
7407807,0.85732996,
7407808,0.8146107,
7407809,0.88531256,
7407810,0.6822893,
7407811,0.7788153,
7407812,0.8515239,
7407813,0.82415617,
7407814,0.7173181,
7407815,0.7440243,
7407816,0.78270054,
7407817,0.8345675,
7407818,0.9003513,
7407819,0.8951398,
7407820,0.90666014,
7407821,0.92666173,
7407822,0.8552714,
7407823,0.8348566,
7407824,0.85064214,
7407825,0.8625374,
7407826,0.81291795,
7407827,0.8922786,
7407828,0.89797187,
7407829,0.8704631,
7407830,0.78096306,
7407831,0.7778004,
7407832,0.83021647,
7407833,0.73994637,
7407834,0.697756,
7407835,0.82562673,
7407836,0.79117906,
7407837,0.7657075,
7407838,0.7396502,
7407839,0.6563937,
7407840,0.7006912,
7407841,0.67364043,
7407842,0.58297056,
7407843,0.8184618,
7407844,0.8218745,
7407845,0.8417533,
7407846,0.8028862,
7407847,0.827319,
7407848,0.7445627,
7407849,0.794566,
7407850,0.82785463,
7407851,0.783612,
7407852,0.73633,
7407853,0.7636269,
7407854,0.79836106,
7407855,0.83150876,
7407856,0.8292669,
7407857,0.8006488,
7407858,0.8125261,
7407859,0.8009402,
7407860,0.80914634,
7407862,0.687592,
7407863,0.74154305,
7407864,0.6331343,
7407865,0.869926,
7407866,0.79748535,
7407867,0.76962745,
7407872,0.7595987,
7407945,0.8320623,
7407946,0.9241066,
7407947,0.89291525,
7407948,0.8961873,
7407949,0.82704157,
7408004,0.74547416,
7408005,0.64823824,
7408006,0.80911726,
7408007,0.83183444,
7408008,0.76727325,
7408009,0.7516353,
7408010,0.8387318,
7408011,0.8624982,
7408012,0.83302677,
7408013,0.80112356,
7408014,0.79101294,
7408015,0.8335238,
7408016,0.87648535,
7408017,0.80438673,
7408018,0.6667181,
7408019,0.70793587,
7408020,0.9181274,
7408021,0.87577224,
7408022,0.88029563,
7408023,0.7815043,
7408025,0.7414166,
7408026,0.72643983,
7408027,0.855233,
7408028,0.7957399,
7408029,0.78445995,
7408030,0.780546,
7408031,0.8033773,
7408032,0.7313359,
7408033,0.8749728,
7408034,0.8747342,
7408035,0.87869936,
7408036,0.8499375,
7408037,0.8213581,
7408038,0.8510158,
7408039,0.8351956,
7408040,0.8650957,
7408041,0.80463403,
7408042,0.77573645,
7408043,0.7919687,
7408044,0.8213095,
7408045,0.74823123,
7408046,0.7702339,
7408047,0.77193916,
7408048,0.78203684,
7408049,0.6780826,
7408050,0.6850586,
7408051,0.76579994,
7408052,0.8775288,
7408053,0.90636516,
7408054,0.7754875,
7408055,0.7842334,
7408057,0.8059348,
7408058,0.74593526,
7408191,0.8210926,
7408192,0.7441612,
7408193,0.86627567,
7408194,0.8488514,
7408195,0.8295706,
7408196,0.8335606,
7408197,0.8254937,
7408198,0.7774431,
7408199,0.8971742,
7408200,0.86731684,
7408201,0.8991258,
7408202,0.8298011,
7408203,0.9017835,
7408204,0.75711066,
7408205,0.8522237,
7408206,0.8831763,
7408207,0.81797636,
7408208,0.84381723,
7408209,0.8426061,
7408210,0.90399075,
7408211,0.9176594,
7408212,0.90116477,
7408213,0.899761,
7408214,0.8718577,
7408215,0.87213653,
7408216,0.780392,
7408218,0.90955544,
7408219,0.8924854,
7408220,0.90460986,
7408221,0.84242225,
7408222,0.88880527,
7408223,0.87058324,
7408224,0.87234133,
7408225,0.90075976,
7408226,0.84147835,
7408228,0.87928647,
7408231,0.8830703,
7408234,0.8242069,
7408236,0.822584,
7408238,0.8834016,
7408239,0.89341617,
7408241,0.8469431,
7408242,0.895562,
7408243,0.78939146,
7408244,0.83745223,
7408245,0.8246185,
7408246,0.88169324,
7408247,0.8577297,
7408248,0.8932657,
7408249,0.8129188,
7408250,0.7093526,
7408251,0.65996593,
7408252,0.78408575,
7408254,0.7735834,
7408255,0.68564636,
7408256,0.88660747,
7408257,0.7702692,
7408258,0.83550364,
7408259,0.9130153,
7408457,0.6948261,
7408459,0.85298026,
7408460,0.91929287,
7408461,0.86909336,
7408462,0.71728414,
7408463,0.6649265,
7408464,0.7051873,
7408465,0.5659189,
7408466,0.58637196,
7408472,0.5822907,
7408473,0.6091751,
7408474,0.61221236,
7408475,0.8443609,
7408476,0.8122663,
7408477,0.8628059,
7408478,0.85495645,
7408482,0.54600275,
7408483,0.5979903,
7408484,0.6220141,
7408485,0.5920211,
7408486,0.587791,
7408487,0.5216391,
7408488,0.5551711,
7408491,0.5060412,
7408492,0.64330155,
7408493,0.5221088,
7408494,0.5605727,
7408495,0.6213762,
7408496,0.49915788,
7408497,0.6204698,
7408498,0.59071153,
7408499,0.5628847,
7408500,0.61827725,
7408503,0.4644464,
7408504,0.45625314,
7408505,0.44248527,
7408506,0.4781946,
7408507,0.4174087,
7408508,0.41815087,
7408511,0.8945272,
7408512,0.9138293,
7408513,0.83729476,
7408514,0.82330686,
7408515,0.8428022,
7408516,0.85499096,
7408517,0.9050674,
7408518,0.88421494,
7408519,0.89613867,
7408520,0.8240335,
7408521,0.83237135,
7408522,0.79823095,
7408523,0.7819976,
7408524,0.8046001,
7408525,0.82964987,
7408526,0.78664047,
7408527,0.7811419,
7408528,0.7562663,
7408529,0.7210144,
7408530,0.59966886,
7408531,0.86596173,
7408532,0.79984456,
7408533,0.86707526,
7408534,0.6108934,
7408535,0.6300791,
7408536,0.7534623,
7408537,0.8397266,
7408538,0.5985252,
7408554,0.76260024,
7408556,0.76818466,
7408557,0.7486913,
7408559,0.86950827,
7408560,0.8997059,
7408561,0.84824544,
7408562,0.8513471,
7408563,0.8553539,
7408564,0.8799977,
7408565,0.83519864,
7408566,0.87039286,
7408567,0.85986733,
7408568,0.846847,
7408569,0.8750409,
7408570,0.8405931,
7408571,0.8228673,
7408572,0.8722909,
7408580,0.75424975,
7408581,0.72534126,
7408582,0.47106114,
7408583,0.53947204,
7408584,0.71946543,
7408585,0.62566143,
7408586,0.70545304,
7408587,0.66682947,
7408588,0.70381236,
7408589,0.7030996,
7408590,0.70926654,
7408591,0.57969993,
7408592,0.60749394,
7408593,0.5900516,
7408594,0.5809029,
7408597,0.6119352,
7408601,0.6470129,
7408602,0.5680588,
7408603,0.6262824,
7408604,0.8693778,
7408605,0.8384506,
7408606,0.8830285,
7408607,0.8998867,
7408615,0.8973486,
7408619,0.7538058,
7408620,0.7778482,
7408621,0.65823627,
7408623,0.8007532,
7408624,0.7859557,
7408625,0.7730992,
7408626,0.7732323,
7408628,0.6714555,
7408629,0.6878306,
7408682,0.6551463,
7408684,0.8388013,
7408693,0.76375335,
7408709,0.71479553,
7408710,0.6876921,
7408936,0.7425122,
7408937,0.83602077,
7408938,0.9152908,
7408940,0.6886796,
7408941,0.82093024,
7408943,0.84379137,
7408944,0.3915678,
7408945,0.59514487,
7408946,0.8092573,
7408947,0.7350836,
7408948,0.84324855,
7408949,0.8401054,
7408950,0.8683357,
7408951,0.84918064,
7408952,0.83617795,
7408953,0.83711433,
7408954,0.827682,
7408955,0.7568234,
7408960,0.87371486,
7408961,0.8696241,
7408963,0.91288155,
7408964,0.78512645,
7408965,0.85043085,
7408973,0.6800633,
7408974,0.6417646,
7408975,0.87510335,
7408976,0.568515,
7408977,0.45455223,
7408978,0.47197556,
7408979,0.7334654,
7408980,0.8286432,
7408981,0.87728804,
7408982,0.7374584,
7408983,0.6328185,
7408984,0.77761996,
7408985,0.8006852,
7408986,0.4412341,
7408987,0.8669543,
7408988,0.7598189,
7408989,0.7207063,
7408990,0.7149527,
7408991,0.7453263,
7408992,0.88648343,
7408993,0.6641498,
7408994,0.69017166,
7408995,0.8851501,
7408996,0.7300957,
7408998,0.7986407,
7408999,0.55638045,
7409000,0.83544064,
7409001,0.8178069,
7409002,0.8134033,
7409003,0.8041824,
7409004,0.78788704,
7409005,0.8230292,
7409006,0.7175831,
7409007,0.54998296,
7409008,0.74434716,
7409009,0.6930582,
7409010,0.73129255,
7409011,0.851227,
7409012,0.7352892,
7409013,0.8777062,
7409014,0.7028495,
7409015,0.7001169,
7409016,0.71822906,
7409017,0.8056709,
7409018,0.8947736,
7409019,0.9034383,
7409020,0.9369741,
7409021,0.895921,
7409022,0.9242889,
7409023,0.8487477,
7409024,0.88729405,
7409025,0.8672748,
7409222,0.80210006,
7409223,0.76372886,
7409224,0.7610736,
7409225,0.8522166,
7409226,0.84040296,
7409228,0.8296827,
7409229,0.82364124,
7409230,0.84787387,
7409231,0.87362266,
7409232,0.83829206,
7409233,0.7532576,
7409234,0.79373944,
7409235,0.5301717,
7409236,0.71360373,
7409237,0.78339726,
7409245,0.7880924,
7409246,0.7295873,
7409247,0.57206947,
7409248,0.61901236,
7409249,0.62787193,
7409250,0.8527561,
7409251,0.7646559,
7409252,0.6381661,
7409253,0.604482,
7409282,0.6589893,
7409283,0.8204736,
7409284,0.7810379,
7409286,0.8149071,
7409287,0.8545154,
7409288,0.8447813,
7409290,0.74057585,
7409291,0.8390693,
7409292,0.87377095,
7409293,0.62444943,
7409295,0.7626906,
7409296,0.7573681,
7409297,0.7165073,
7409298,0.86286145,
7409299,0.84788,
7409300,0.7893327,
7409301,0.7750436,
7409302,0.82845783,
7409305,0.81004983,
7409306,0.80752707,
7409308,0.8203713,
7409309,0.88591874,
7409310,0.8913174,
7409311,0.64798003,
7409409,0.60145086,
7409410,0.54968286,
7409534,0.8152404,
7409535,0.71055424,
7409536,0.77532893,
7409537,0.8479308,
7409538,0.81211793,
7409539,0.69853354,
7409541,0.80679834,
7409542,0.5314422,
7409543,0.80631113,
7409544,0.8534215,
7409545,0.660888,
7409546,0.7585794,
7409547,0.6891651,
7409548,0.64976716,
7409549,0.70674634,
7409550,0.79900354,
7409551,0.79280233,
7409552,0.8412427,
7409554,0.81031126,
7409630,0.6532833,
7409631,0.55863494,
7409632,0.753084,
7409635,0.5652378,
7409636,0.8166881,
7409637,0.5335089,
7409638,0.6585076,
7409639,0.6491296,
7409640,0.6549071,
7409641,0.6440027,
7409642,0.73451436,
7409643,0.67218465,
7409664,0.75363964,
7409665,0.7469413,
7409667,0.733131,
7409668,0.7502454,
7409669,0.9064892,
7409670,0.8137087,
7409671,0.75818515,
7409672,0.8301216,
7409673,0.71766627,
7409674,0.64045167,
7409676,0.8355766,
7409677,0.84789455,
7409678,0.74118304,
7409679,0.7872469,
7409680,0.6543224,
7409681,0.7595939,
7409682,0.8131098,
7409683,0.76878506,
7409685,0.88191396,
7409686,0.839779,
7409687,0.83915216,
7409688,0.79552096,
7409689,0.7426546,
7409690,0.70580286,
7409691,0.82346326,
7409692,0.62623024,
7409693,0.7404413,
7409694,0.7371622,
7409695,0.81480384,
7409696,0.8515869,
7409697,0.57958174,
7409698,0.7561939,
7409700,0.8608555,
7409701,0.71871215,
7409706,0.6646543,
7409707,0.7346794,
7409743,0.7786115,
7409744,0.78068924,
7409745,0.6632056,
7409747,0.7629948,
7409749,0.79463935,
7409750,0.78153867,
7409751,0.74574965,
7409752,0.76818895,
7409753,0.87764657,
7409754,0.7828698,
7409756,0.8065617,
7409757,0.6719492,
7409758,0.41528952,
7409759,0.86990225,
7409760,0.8300862,
7409761,0.72843283,
7409762,0.88159585,
7409763,0.84650457,
7409764,0.80824673,
7409765,0.82932407,
7409766,0.77510417,
7409822,0.669228,
7409827,0.6127939,
7409829,0.67148864,
7409972,0.76376283,
7409973,0.6828959,
7409974,0.7130933,
7409975,0.7468663,
7409976,0.7602719,
7409977,0.7945499,
7410008,0.5913617,
7410052,0.66371036,
7410053,0.65439844,
7410054,0.7092349,
7410055,0.73340964,
7410056,0.5235897,
7410057,0.5458452,
7410372,0.6999209,
7410373,0.83672136,
7410374,0.7506626,
7410375,0.78863436,
7410376,0.8249464,
7410377,0.8067858,
7410383,0.7849577,
7410388,0.8282671,
7410389,0.70489705,
7410391,0.7509864,
7410392,0.75758636,
7410393,0.7701184,
7410394,0.7786289,
7410395,0.76286745,
7410396,0.9086439,
7410397,0.8232173,
7410398,0.64576936,
7410400,0.89194655,
7410401,0.8015197,
7411042,0.7930488,
7411043,0.7283113,
7411044,0.78624326,
7411045,0.7568539,
7411046,0.7728628,
7411047,0.7690112,
7411048,0.7926994,
7411049,0.78221864,
7411050,0.72089857,
7411051,0.7301185,
7411052,0.7840765,
7411053,0.7409273,
7411054,0.8399843,
7411055,0.48949796,
7411056,0.51091784,
7411058,0.7586974,
7411059,0.7968848,
7411060,0.6813353,
7411061,0.74034834,
7411063,0.7101286,
7411064,0.74545753,
7411065,0.72550565,
7411066,0.6736924,
7411067,0.55405223,
7411069,0.8156639,
7411070,0.7929128,
7411071,0.72829044,
7411072,0.7369557,
7411073,0.84765965,
7411074,0.85019714,
7411075,0.7029884,
7411076,0.5336255,
7411077,0.7472094,
7411079,0.85720587,
7411080,0.8750492,
7411083,0.7330766,
7411084,0.76679736,
7411085,0.57256985,
7411086,0.9374405,
7411088,0.91656876,
7411089,0.8748956,
7411090,0.89162856,
7411091,0.8563423,
7411094,0.85588527,
7411095,0.9092363,
7411096,0.8949948,
7411097,0.62022793,
7411098,0.7139931,
7411099,0.6604306,
7411100,0.6855773,
7411101,0.5937286,
7411102,0.6686893,
7411103,0.5874704,
7411104,0.751055,
7411129,0.77092063,
7411130,0.88765186,
7411131,0.91219574,
7411132,0.747982,
7411133,0.9133019,
7411134,0.87678176,
7411135,0.8383126,
7411136,0.60908175,
7411137,0.66210353,
7411138,0.68882096,
7411139,0.76930034,
7411140,0.7427863,
7411141,0.7971318,
7411142,0.8698844,
7411144,0.83918583,
7411145,0.8036632,
7411146,0.8501921,
7411147,0.8334732,
7411148,0.78711003,
7411149,0.7886506,
7411150,0.820596,
7411151,0.83683664,
7411152,0.8378319,
7411153,0.8578604,
7411193,0.7138172,
7411194,0.7913586,
7411195,0.8311493,
7411196,0.8954275,
7411197,0.75518006,
7411198,0.8249074,
7411199,0.6964525,
7411200,0.8035768,
7411201,0.7087464,
7411202,0.7287966,
7411203,0.82954067,
7411204,0.7169858,
7411205,0.7845264,
7411207,0.85118896,
7411208,0.8193896,
7411209,0.65022737,
7411210,0.7119551,
7411211,0.78784835,
7411212,0.6533436,
7411213,0.71127963,
7411214,0.8549553,
7411216,0.7046381,
7411218,0.8397926,
7411219,0.8408337,
7411221,0.7786213,
7411222,0.7765249,
7411223,0.90551007,
7411224,0.7458206,
7411337,0.8029882,
7411365,0.8040656,
7411366,0.8119062,
7411367,0.7654658,
7411389,0.7750927,
7411424,0.77248496,
7411426,0.8232926,
7411427,0.6705674,
7411428,0.850261,
7411429,0.7202703,
7411430,0.7482882,
7411431,0.9132616,
7411432,0.73034173,
7411433,0.800721,
7411434,0.8580517,
7411435,0.91748524,
7411436,0.651007,
7411437,0.56781113,
7411438,0.7311597,
7411439,0.7016889,
7411440,0.8679217,
7411441,0.74753714,
7411442,0.7729664,
7411443,0.7282394,
7411444,0.7997048,
7411445,0.8078118,
7411446,0.7177337,
7411447,0.70136327,
7411448,0.6957547,
7411449,0.4730208,
7411450,0.6937485,
7411455,0.77620107,
7411456,0.72033185,
7411457,0.75415784,
7411458,0.681907,
7411503,0.8104207,
7411504,0.86083734,
7411505,0.8777766,
7411506,0.87181264,
7411507,0.8171143,
7411508,0.7815669,
7411845,0.76790774,
7411846,0.7007748,
7411847,0.8737802,
7411848,0.72842443,
7411849,0.72778326,
7411850,0.8700184,
7411851,0.8518314,
7411919,0.69647527,
7411920,0.83364326,
7411921,0.8321396,
7411922,0.84540284,
7411923,0.7644864,
7411924,0.7450436,
7411925,0.73631966,
7411927,0.76114744,
7411928,0.84144145,
7411929,0.8483557,
7411930,0.8411619,
7411931,0.86403996,
7411932,0.6735921,
7411933,0.6211688,
7411934,0.7501737,
7411935,0.81294185,
7411936,0.78415906,
7411937,0.4569118,
7411938,0.608945,
7411940,0.88026184,
7411941,0.81677103,
7411942,0.8667133,
7411943,0.89854693,
7411944,0.8894028,
7411945,0.9023288,
7411946,0.87661207,
7411947,0.83762884,
7411948,0.93693006,
7411949,0.9079699,
7411950,0.8921548,
7411951,0.76892245,
7411952,0.91012543,
7411953,0.8954002,
7411954,0.8689486,
7411955,0.8639236,
7411956,0.9176663,
7411957,0.9088418,
7411958,0.85836923,
7411959,0.8156728,
7411961,0.88681334,
7411963,0.9090619,
7411964,0.8117813,
7411965,0.91988254,
7411966,0.9262256,
7411968,0.87395585,
7411969,0.8191739,
7411970,0.8755539,
7411971,0.772397,
7411972,0.8132352,
7411975,0.602372,
7411976,0.77743983,
7411977,0.7032134,
7411978,0.7708365,
7411979,0.8614654,
7411980,0.8793795,
7411981,0.8464033,
7411982,0.91780776,
7411983,0.90439165,
7411984,0.8566522,
7411985,0.8325423,
7411986,0.8874612,
7411991,0.8147426,
7411992,0.81785583,
7411993,0.85060966,
7411994,0.8500336,
7411995,0.8256676,
7411996,0.8375891,
7411997,0.72902447,
7411999,0.8509276,
7412001,0.8378555,
7412002,0.8715137,
7412003,0.8880858,
7412004,0.8483597,
7412005,0.7213309,
7412006,0.7596536,
7412007,0.7366316,
7412008,0.7246249,
7412051,0.8879943,
7412052,0.8716213,
7412053,0.8887562,
7412055,0.89995354,
7412056,0.8956477,
7412057,0.8299604,
7412058,0.8711081,
7412060,0.82234275,
7412061,0.8621059,
7412064,0.8768247,
7412065,0.9189458,
7412066,0.82389593,
7412067,0.847636,
7412068,0.8407301,
7412069,0.8671057,
7412070,0.8645294,
7412071,0.732788,
7412072,0.87502116,
7412073,0.8956602,
7412074,0.90051526,
7412075,0.9045526,
7412076,0.8926406,
7412077,0.8272263,
7412078,0.8070683,
7412079,0.83263814,
7412080,0.8738904,
7412082,0.8598915,
7412083,0.81677103,
7412084,0.9199578,
7412085,0.8768091,
7412086,0.93101996,
7412087,0.8893447,
7412123,0.65210354,
7412124,0.7355329,
7412125,0.6624296,
7412126,0.6325121,
7412127,0.79601383,
7412128,0.6446324,
7412129,0.7212672,
7412130,0.72713953,
7412131,0.7197408,
7412132,0.7724719,
7412135,0.65734994,
7412136,0.47648332,
7412137,0.3909311,
7412139,0.41645217,
7412140,0.4583372,
7412141,0.38021544,
7412170,0.68912584,
7412214,0.7569558,
7412218,0.8580444,
7412219,0.9035351,
7412221,0.87759507,
7412222,0.8929441,
7412223,0.91237956,
7412224,0.933712,
7412225,0.88333726,
7412226,0.9184667,
7412227,0.9010075,
7412228,0.90902394,
7412229,0.8987718,
7412230,0.84421486,
7412232,0.9004213,
7412235,0.9022218,
7412236,0.92829627,
7412237,0.8858649,
7412682,0.83267945,
7412683,0.8230238,
7412688,0.8342164,
7412689,0.86358404,
7412691,0.8418202,
7412692,0.8233808,
7412693,0.6853135,
7412694,0.7004921,
7412765,0.81892896,
7412766,0.86326474,
7412767,0.7827704,
7412768,0.8425416,
7412769,0.81919056,
7412770,0.7742134,
7412771,0.80798095,
7412774,0.8716846,
7412775,0.7794653,
7412991,0.55173004,
7412992,0.5453327,
7412993,0.5843077,
7412994,0.5560011,
7412998,0.76609373,
7412999,0.67366856,
7413000,0.6842879,
7413001,0.66236556,
7413002,0.6934564,
7413003,0.7818656,
7413004,0.76199245,
7413005,0.78220034,
7413006,0.77538705,
7413007,0.76173514,
7413008,0.6838944,
7413009,0.7216158,
7413010,0.5744757,
7413011,0.76041,
7413077,0.68955255,
7413078,0.78133214,
7413079,0.73203236,
7413080,0.73163867,
7413081,0.71215606,
7413082,0.65574664,
7413083,0.6822325,
7413084,0.70558655,
7413085,0.6533243,
7413086,0.74254984,
7413087,0.6480369,
7413088,0.7020306,
7413090,0.6490045,
7413091,0.6842449,
7413092,0.6989963,
7413093,0.61218715,
7413094,0.6122578,
7413095,0.6239866,
7413096,0.6408362,
7413097,0.78356165,
7413098,0.64158404,
7413099,0.77302635,
7413100,0.64409804,
7413101,0.7717552,
7413102,0.7121667,
7413103,0.65375894,
7413104,0.6314093,
7413105,0.7087195,
7413106,0.8255471,
7413107,0.8353819,
7413108,0.7452157,
7413109,0.6216389,
7413110,0.7196333,
7413111,0.62006104,
7413112,0.5792025,
7413113,0.49631774,
7413114,0.68398285,
7413115,0.5467623,
7413116,0.49675536,
7413117,0.4510446,
7413118,0.67382056,
7413129,0.50300914,
7413130,0.59167194,
7413131,0.6352465,
7413132,0.53688616,
7413133,0.72091615,
7413163,0.6420053,
7413165,0.69547987,
7413265,0.69783217,
7413266,0.67798704,
7413267,0.7277007,
7413268,0.64293486,
7413269,0.63669866,
7413270,0.5843763,
7413271,0.6348711,
7413272,0.63816047,
7413841,0.76496947,
7413842,0.65276116,
7413845,0.7669763,
7413846,0.70594764,
7413847,0.79331607,
7413848,0.8999596,
7413850,0.69913584,
7413851,0.4967644,
7413855,0.7602967,
7413856,0.85443515,
7413858,0.5774436,
7413905,0.59242433,
7413906,0.6536084,
7413908,0.810948,
7413915,0.7773728,
7413916,0.6054601,
7413918,0.70653826,
7413919,0.83935094,
7413921,0.7353166,
7413922,0.7539621,
7413923,0.7507582,
7413924,0.8775656,
7413925,0.81710964,
7413926,0.62402123,
7413927,0.491923,
7413928,0.71186537,
7413930,0.5695149,
7414006,0.82255256,
7414353,0.9025448,
7414440,0.7190803,
7414441,0.66906774,
7414442,0.5327176,
7414443,0.55510914,
7414444,0.615852,
7414445,0.6029949,
7414560,0.31466174,
7414561,0.31086734,
7414562,0.33191308,
7414563,0.33006895,
7414564,0.31448647,
7414565,0.34095085,
7414566,0.3293999,
7414567,0.3444681,
7414568,0.32241482,
7414569,0.28830436,
7414570,0.2860322,
7414573,0.2418295,
7414574,0.21871714,
7414575,0.22374624,
7414576,0.217196,
7414577,0.22701506,
7414578,0.24060385,
7414579,0.25659987,
7414580,0.21852984,
7414581,0.2754524,
7414582,0.30677,
7414583,0.31643242,
7414584,0.30806276,
7414585,0.35578206,
7414586,0.25290367,
7414587,0.27612948,
7414588,0.27898905,
7414589,0.27089554,
7414590,0.24447806,
7414591,0.28833926,
7414592,0.2233397,
7414593,0.3049878,
7414594,0.27399138,
7414595,0.32372215,
7414596,0.27592087,
7414597,0.32110256,
7414598,0.29212397,
7414599,0.3029726,
7414600,0.28746545,
7414601,0.31286973,
7414602,0.30663615,
7414603,0.2989562,
7414604,0.27789184,
7414605,0.27501875,
7414606,0.30214223,
7414607,0.2552584,
7414608,0.30945417,
7414609,0.27899182,
7414610,0.28699237,
7414611,0.28293952,
7414612,0.34840864,
7414613,0.30269215,
7414614,0.3847364,
7414615,0.28488454,
7414616,0.2755868,
7414617,0.27059114,
7414618,0.22493823,
7414619,0.25229278,
7414620,0.3095643,
7414621,0.29350674,
7414622,0.24106976,
7414623,0.27627087,
7414624,0.2778312,
7414625,0.23393883,
7414626,0.2051616,
7414627,0.24881211,
7414628,0.24234287,
7414629,0.2674353,
7414630,0.26060286,
7414631,0.24885336,
7414632,0.29991886,
7414633,0.26975954,
7415109,0.28693354,
7415110,0.28712666,
7415111,0.26320463,
7415112,0.25662264,
7415113,0.28162915,
7415114,0.28781986,
7415115,0.2869263,
7415116,0.3088474,
7415117,0.28821817,
7415118,0.26004377,
7415119,0.32676017,
7415120,0.35515347,
7415121,0.28702334,
7415122,0.2663278,
7415123,0.32910895,
7415124,0.25876075,
7415125,0.29814717,
7415126,0.334309,
7415127,0.23182233,
7415965,0.7755181,
7415966,0.8045232,
7415967,0.8360921,
7415968,0.7706791,
7415969,0.80061764,
7415970,0.85044193,
7415971,0.85871524,
7415972,0.74775016,
7415973,0.83109623,
7415974,0.825586,
7415975,0.82949615,
7415987,0.89771605,
7415988,0.8563569,
7415991,0.7096748,
7416030,0.74177074,
7416031,0.8625947,
7416032,0.91141146,
7416033,0.92454165,
7416039,0.8629449,
7416040,0.7921085,
7416041,0.740412,
7416043,0.92472386,
7416044,0.84828657,
7416046,0.74197346,
7416048,0.7961086,
7416049,0.6972226,
7416050,0.70003927,
7416051,0.8504125,
7416052,0.7533193,
7416053,0.78589237,
7416065,0.8449885,
7416068,0.74160624,
7416069,0.8748889,
7416071,0.9214722,
7416073,0.7398766,
7416075,0.8801686,
7416077,0.88862854,
7416079,0.88862854,
7416080,0.81208074,
7416082,0.9010797,
7416083,0.8961691,
7416087,0.7524278,
7416088,0.84576684,
7416089,0.7556607,
7416090,0.8572644,
7416091,0.7079617,
7416092,0.81825715,
7416093,0.83508784,
7416094,0.82863307,
7416095,0.89394665,
7416096,0.9417633,
7416097,0.67378086,
7416099,0.82319313,
7416100,0.8083697,
7416101,0.85853,
7416102,0.8368853,
7416104,0.8820901,
7416107,0.9249021,
7416108,0.8620072,
7416109,0.81748265,
7416110,0.71769536,
7416111,0.86549133,
7416112,0.9103993,
7416113,0.83645463,
7416114,0.9174458,
7416115,0.9470641,
7416116,0.85445255,
7416117,0.88524497,
7416118,0.9022188,
7416119,0.86291397,
7416120,0.8145847,
7416122,0.8830716,
7416164,0.80388796,
7416165,0.8012118,
7416166,0.8344088,
7416167,0.8936632,
7416168,0.7137698,
7416169,0.72832096,
7416170,0.7001665,
7416171,0.65823054,
7416172,0.64481646,
7416354,0.49008083,
7416355,0.5587917,
7416359,0.72722596,
7416360,0.7276771,
7416361,0.5864589,
7416362,0.6908845,
7416363,0.63394326,
7416364,0.7068465,
7416365,0.53587043,
7416367,0.66117054,
7416368,0.717474,
7416369,0.74448174,
7416370,0.79879755,
7416371,0.59029645,
7416372,0.60529137,
7416373,0.6001689,
7416374,0.7680571,
7416375,0.7518715,
7416376,0.766173,
7416377,0.8934111,
7416378,0.9029693,
7416380,0.8925216,
7416381,0.9032155,
7416382,0.8881958,
7416383,0.8444067,
7416384,0.8574919,
7416385,0.84684145,
7416388,0.76933277,
7416390,0.53319037,
7416391,0.7091118,
7416392,0.7263965,
7416393,0.7187876,
7416394,0.73462206,
7416395,0.658416,
7416396,0.74578017,
7416397,0.76499695,
7416479,0.7571125,
7416480,0.8398036,
7416481,0.7447761,
7416558,0.8100796,
7416570,0.44801852,
7416573,0.5449544,
7416575,0.3768243,
7416576,0.306228,
7416577,0.4549974,
7416578,0.50642973,
7416579,0.5199792,
7416580,0.38965943,
7416581,0.36684334,
7416622,0.69221437,
7416624,0.6935357,
7416652,0.6188591,
7416654,0.6863676,
7417088,0.7957431,
7417089,0.73958254,
7417342,0.7163149,
7417349,0.74123824,
7417350,0.6800913,
7417351,0.8822765,
7417511,0.82523966,
7417512,0.71627766,
7417513,0.60058147,
7417514,0.7193062,
7417515,0.6881003,
7417717,0.78520626,
7417736,0.6521583,
7417737,0.8532487,
7417738,0.8517018,
7417739,0.83922166,
7417740,0.81135637,
7417741,0.87735945,
7417742,0.87310004,
7417745,0.7903985,
7417746,0.782678,
7417747,0.72897,
7417749,0.85598004,
7417750,0.8451258,
7417752,0.7901938,
7417753,0.710795,
7418231,0.28124335,
7418232,0.26709116,
7418233,0.2847661,
7418234,0.30935177,
7418235,0.34613693,
7418237,0.36830488,
7418238,0.30949417,
7418239,0.3840778,
7418240,0.40520146,
7418241,0.38892907,
7418242,0.325271,
7418243,0.27811572,
7418244,0.27288783,
7418245,0.29106632,
7418246,0.25910556,
7418247,0.29888406,
7418268,0.27275982,
7418269,0.38464326,
7418271,0.2833617,
7418272,0.34260553,
7418273,0.32517937,
7418320,0.8509125,
7418321,0.76867443,
7418323,0.8825688,
7418326,0.77148366,
7418507,0.7849584,
7418508,0.5778751,
7418509,0.80606955,
7418512,0.8756729,
7418514,0.77744454,
7418516,0.69582695,
7418517,0.7852045,
7418518,0.758491,
7418521,0.7821445,
7418522,0.81515354,
7419295,0.8537525,
7419357,0.8790281,
7419451,0.7090352,
7419452,0.60271573,
7419453,0.3774724,
7419454,0.48574382,
7419455,0.45796874,
7419456,0.45379797,
7419457,0.550709,
7419458,0.6612134,
7419459,0.8006782,
7419460,0.80334216,
7419461,0.82707673,
7419462,0.7462996,
7419463,0.7105504,
7419464,0.77422106,
7419465,0.5504354,
7419466,0.6539466,
7419467,0.60911745,
7419507,0.82619864,
7419508,0.82902014,
7419509,0.7697829,
7419510,0.6977737,
7419511,0.8561802,
7419512,0.7848031,
7419526,0.79734546,
7419527,0.73644024,
7419528,0.79018426,
7419529,0.7716057,
7419530,0.7433186,
7419531,0.67244834,
7419532,0.66901165,
7419533,0.6029568,
7419534,0.56516474,
7419535,0.63546383,
7419536,0.7804124,
7419742,0.8323988,
7419743,0.6668702,
7419744,0.67889,
7419745,0.8036921,
7419746,0.7275692,
7419747,0.8688023,
7419748,0.8761673,
7419749,0.71859604,
7419751,0.9004955,
7419754,0.84722483,
7419758,0.71934545,
7419760,0.77667505,
7419761,0.81399465,
7419762,0.7125145,
7419782,0.80328774,
7419783,0.6768475,
7419784,0.6505584,
7419785,0.8335797,
7419786,0.7958527,
7419831,0.82998365,
7419832,0.80438966,
7419833,0.8520453,
7419842,0.85852545,
7419843,0.51959276,
7419844,0.79692817,
7419850,0.77543473,
7419851,0.88585424,
7419853,0.73038405,
7419854,0.79235655,
7419855,0.6883029,
7419856,0.7503068,
7419858,0.65562606,
7419859,0.7164766,
7419860,0.846269,
7419862,0.6779363,
7419863,0.4838013,
7419864,0.8701576,
7419865,0.88469,
7419866,0.5806605,
7419871,0.7709917,
7419874,0.6082689,
7419877,0.6872382,
7419878,0.67627764,
7419880,0.6026738,
7419881,0.5786542,
7419884,0.75199723,
7419885,0.68740064,
7419886,0.8443578,
7419887,0.75647914,
7419888,0.6873901,
7419889,0.78771526,
7419891,0.77523476,
7419892,0.64889646,
7419893,0.8864838,
7419894,0.9063201,
7419899,0.7231374,
7419900,0.718147,
7419901,0.6653783,
7419902,0.6608054,
7419903,0.7299354,
7419904,0.5637774,
7419905,0.5654414,
7419907,0.5623356,
7419908,0.8142235,
7419909,0.8454222,
7419910,0.6995515,
7419912,0.80708677,
7419915,0.8061466,
7420041,0.7164717,
7420043,0.7223841,
7420044,0.63559735,
7420045,0.7738308,
7420046,0.705096,
7420047,0.7770481,
7420048,0.8190153,
7420049,0.86135,
7420066,0.8144233,
7420067,0.79322237,
7420068,0.79841214,
7420069,0.6966303,
7420070,0.7609267,
7420071,0.8162701,
7420072,0.845704,
7420149,0.7078254,
7420235,0.8929876,
7420236,0.76292044,
7420237,0.8408704,
7420238,0.87586266,
7420744,0.66008455,
7420745,0.7315809,
7420748,0.72728723,
7420749,0.7393218,
7420750,0.4905428,
7420751,0.53586316,
7420752,0.4975299,
7420753,0.50810415,
7420754,0.52748173,
7420756,0.57411826,
7420826,0.6881754,
7420863,0.80734646,
7420864,0.5025739,
7420873,0.6508233,
7420874,0.7779995,
7420877,0.72181547,
7420878,0.6492106,
7420879,0.681129,
7420881,0.7376162,
7420882,0.70660716,
7420883,0.59601396,
7420884,0.5287947,
7420885,0.6672886,
7420887,0.6905708,
7420888,0.58069175,
7420889,0.6021748,
7420890,0.6611868,
7420891,0.6796573,
7420892,0.6214015,
7420893,0.6797555,
7420894,0.6953545,
7420895,0.7278572,
7420896,0.6598009,
7420897,0.6552847,
7420899,0.78604835,
7420900,0.7396358,
7420901,0.6870601,
7421015,0.7743964,
7421025,0.62001455,
7421026,0.741985,
7421027,0.74507564,
7421028,0.65646076,
7421492,0.92402285,
7421743,0.6599293,
7421744,0.6835408,
7421745,0.6517944,
7421746,0.7674965,
7421747,0.8313307,
7421748,0.8119394,
7421749,0.855844,
7421750,0.6041376,
7421751,0.835427,
7421752,0.6627303,
7421753,0.67419255,
7421754,0.84754413,
7421755,0.8508994,
7421756,0.81919193,
7421757,0.7846011,
7421758,0.6764023,
7421759,0.7652505,
7421760,0.8550142,
7421761,0.8940803,
7421762,0.8568053,
7421763,0.8687347,
7421765,0.5579039,
7422047,0.8947454,
7422048,0.92912716,
7422473,0.6118549,
7422474,0.73880136,
7422488,0.59025854,
7422491,0.6033595,
7422492,0.5838221,
7422493,0.54912984,
7422496,0.63153243,
7422498,0.59679294,
7422499,0.48022363,
7422500,0.8244207,
7422504,0.9004521,
7422505,0.716603,
7422506,0.69819015,
7422507,0.76251054,
7422512,0.6934305,
7422514,0.58004224,
7422515,0.87277615,
7422516,0.74355423,
7422517,0.8373431,
7422518,0.67788595,
7422519,0.7131168,
7422520,0.696662,
7422521,0.62633735,
7422522,0.63240176,
7422523,0.813004,
7422528,0.8192646,
7422529,0.87288666,
7422531,0.8173085,
7422532,0.78949416,
7422533,0.7316007,
7422534,0.75380605,
7422535,0.8790379,
7422536,0.82027924,
7422537,0.75031906,
7422538,0.76413023,
7422539,0.8702462,
7422540,0.6368579,
7422541,0.6719224,
7422542,0.8278587,
7422543,0.55918956,
7422544,0.71594566,
7422545,0.68782294,
7422546,0.54955155,
7422547,0.81674904,
7422548,0.54879093,
7422550,0.7787071,
7422551,0.82980204,
7422552,0.6015911,
7422553,0.49689132,
7422554,0.76348144,
7422555,0.7590581,
7422556,0.8115618,
7422557,0.8358429,
7422559,0.7732745,
7422560,0.7378452,
7422561,0.7268942,
7422562,0.75578725,
7422563,0.677806,
7422564,0.88696593,
7422565,0.76607925,
7422567,0.8376131,
7422568,0.49655285,
7422569,0.8704073,
7422583,0.75675917,
7422875,0.7338804,
7422876,0.71939445,
7422877,0.81379133,
7422878,0.7961173,
7422879,0.47970212,
7422880,0.45425653,
7422881,0.67785025,
7422882,0.68847305,
7422883,0.7437973,
7422884,0.83400357,
7422885,0.46553513,
7422886,0.49383134,
7422887,0.7283507,
7422888,0.678897,
7422889,0.8696301,
7422900,0.8255874,
7422901,0.83695316,
7422902,0.71384925,
7422903,0.7196732,
7422911,0.80621666,
7422912,0.68942565,
7422913,0.76496035,
7422914,0.7018558,
7422915,0.7815509,
7422916,0.7637761,
7422917,0.7412057,
7422918,0.6303158,
7422930,0.7404664,
7422931,0.7289697,
7423409,0.76297796,
7423410,0.7871992,
7423412,0.7781618,
7423414,0.7080917,
7423416,0.76128286,
7423549,0.690441,
7423550,0.69445133,
7423551,0.6422655,
7423563,0.736822,
7423904,0.8391334,
7423932,0.8183342,
7423987,0.7204803,
7423988,0.7326874,
7423989,0.9155543,
7423991,0.8289234,
7423992,0.82270235,
7423993,0.82849145,
7423994,0.6773611,
7423995,0.6229456,
7423996,0.68967,
7423997,0.8032127,
7423998,0.8202219,
7424151,0.7792036,
7424152,0.7856127,
7424153,0.672121,
7424154,0.78794163,
7424155,0.6640359,
7424196,0.74701047,
7424197,0.8056725,
7424201,0.6135399,
7424202,0.7067107,
7424204,0.5734801,
7424205,0.72947264,
7424206,0.56849635,
7424213,0.7316349,
7424214,0.70422417,
7424215,0.7307917,
7424216,0.6288079,
7424220,0.71482706,
7424222,0.7432158,
7424223,0.7298066,
7424238,0.78303933,
7424242,0.842257,
7424245,0.8358654,
7424249,0.76797074,
7424256,0.61390215,
7424259,0.60537654,
7424263,0.5352403,
7424270,0.8397851,
7424273,0.80253965,
7424279,0.6230283,
7424284,0.68913513,
7424291,0.69440573,
7424293,0.881716,
7424295,0.6475957,
7424296,0.6570079,
7424298,0.6576382,
7424301,0.5776886,
7424302,0.64082354,
7424303,0.5584694,
7424304,0.68536645,
7424306,0.6939269,
7424308,0.87399375,
7424320,0.54213524,
7424466,0.8480158,
7424491,0.12424656,
7424492,0.114353046,
7424529,0.7659422,
7424586,0.80519366,
7424587,0.46702996,
7424751,0.8354714,
7424752,0.83702767,
7424753,0.8061888,
7424754,0.83323383,
7424755,0.85214317,
7424756,0.83898675,
7424757,0.75564754,
7424758,0.71988696,
7424759,0.7514015,
7424760,0.8235031,
7424761,0.8801667,
7424762,0.8495194,
7424763,0.7866919,
7424764,0.77142274,
7424930,0.90697646,
7424942,0.60438347,
7424943,0.6250039,
7424944,0.78419626,
7424949,0.6324746,
7424952,0.8107065,
7424960,0.7487641,
7424981,0.8334781,
7424982,0.7554804,
7424984,0.60050046,
7424985,0.6144925,
7424987,0.56151754,
7424988,0.6187078,
7424990,0.73020256,
7425003,0.5822824,
7425004,0.60716176,
7425006,0.8557525,
7425007,0.847047,
7425011,0.7218234,
7425012,0.7425719,
7425013,0.69193864,
7425016,0.72381616,
7425017,0.56975186,
7425018,0.8062329,
7425019,0.8084161,
7425021,0.71547055,
7425022,0.66222423,
7425023,0.52993727,
7425024,0.6450367,
7425026,0.84237975,
7425028,0.91996324,
7425029,0.81844556,
7425031,0.46127245,
7425032,0.72797424,
7425033,0.7186553,
7425034,0.6892387,
7425036,0.6334872,
7425037,0.59171635,
7425039,0.8414088,
7425041,0.7527682,
7425042,0.7001713,
7425043,0.77613306,
7425044,0.8257114,
7425046,0.81947035,
7425051,0.7192853,
7425052,0.7738867,
7425056,0.66790617,
7425057,0.64398956,
7425061,0.7402529,
7425063,0.7623733,
7425064,0.5801694,
7425065,0.61693335,
7425067,0.6816938,
7425068,0.7175417,
7425069,0.8436811,
7425071,0.8396043,
7425238,0.78275466,
7425239,0.76711506,
7425240,0.6697099,
7425241,0.5645365,
7425249,0.6829959,
7425250,0.6962658,
7425251,0.505533,
7425260,0.90595716,
7425261,0.9208969,
7425379,0.89652866,
7425380,0.92320925,
7425388,0.9309326,
7425392,0.69833267,
7425393,0.7154259,
7425395,0.91629833,
7425396,0.92793345,
7425399,0.92071295,
7425420,0.8801318,
7425421,0.87906945,
7425422,0.89814705,
7425442,0.6924189,
7425443,0.76375556,
7425444,0.7141456,
7425446,0.74747777,
7425516,0.8076223,
7425517,0.81945604,
7425553,0.5599211,
7425554,0.600609,
7425558,0.65764993,
7425559,0.70262086,
7425568,0.80328625,
7425583,0.79345125,
7425584,0.8487382,
7425585,0.8086477,
7425586,0.83710015,
7425587,0.77943957,
7425588,0.8426499,
7425655,0.6373437,
7425664,0.8164652,
7425692,0.82582194,
7425697,0.7483051,
7425698,0.67484474,
7425704,0.8353305,
7425705,0.8225436,
7425737,0.7642705,
7425745,0.8072868,
7425746,0.6456557,
7425747,0.78578866,
7425783,0.80975074,
7425784,0.7575918,
7425785,0.7094608,
7425786,0.625664,
7425787,0.66482174,
7425789,0.5835547,
7425790,0.6353308,
7425868,0.81675375,
7425869,0.781942,
7425870,0.6298263,
7425872,0.6792427,
7425880,0.771144,
7425884,0.85427165,
7425887,0.7940593,
7425888,0.8056837,
7425889,0.81855017,
7425890,0.6671578,
7425891,0.6899832,
7425892,0.70470583,
7425893,0.7017348,
7425894,0.679286,
7426006,0.7321126,
7426007,0.7181307,
7426008,0.83974403,
7426009,0.43985888,
7426010,0.4601216,
7426011,0.77033204,
7426012,0.74320126,
7426013,0.7338733,
7426014,0.75739866,
7426015,0.6633852,
7426016,0.68509257,
7426017,0.6760345,
7426018,0.613331,
7426019,0.57576466,
7426020,0.5875032,
7426021,0.54494196,
7426022,0.8780436,
7426023,0.78729,
7426024,0.909248,
7426025,0.8970258,
7426026,0.8530409,
7426027,0.8394588,
7426029,0.8429298,
7426030,0.84752506,
7426031,0.8843202,
7426032,0.8880097,
7426033,0.824617,
7426097,0.8741068,
7426148,0.85493845,
7426149,0.78791875,
7426150,0.88285244,
7426151,0.70744854,
7426152,0.8900135,
7426153,0.7787523,
7426154,0.8433698,
7426155,0.8021611,
7426156,0.65596455,
7426157,0.86825806,
7426158,0.8363068,
7426159,0.8487263,
7426160,0.8304885,
7426161,0.72618395,
7426162,0.7873239,
7426295,0.872714,
7426296,0.8055584,
7426297,0.6753839,
7426298,0.64671797,
7426299,0.71296465,
7426300,0.82112086,
7426301,0.7835598,
7426302,0.82739705,
7426339,0.91628945,
7426341,0.91628945,
7426491,0.9488169,
7426492,0.94668573,
7426493,0.8958752,
7426495,0.93202657,
7426496,0.9241305,
7426497,0.9525135,
7426498,0.9532336,
7426499,0.9252694,
7426500,0.9269261,
7426501,0.9271662,
7426502,0.9271662,
7426509,0.9180002,
7426510,0.9092184,
7426511,0.8932083,
7426513,0.90314656,
7426514,0.88286555,
7426515,0.88286555,
7426517,0.9157734,
7426518,0.9058633,
7426520,0.8721766,
7426521,0.90932804,
7426522,0.905173,
7426525,0.8923169,
7426526,0.87893957,
7426527,0.8994844,
7426528,0.8913294,
7426531,0.87863106,
7426532,0.9012627,
7426543,0.82270676,
7426574,0.5554982,
7426575,0.60327977,
7426576,0.6305072,
7426577,0.6215605,
7426582,0.8121507,
7426584,0.8531633,
7426591,0.79054046,
7426592,0.80918777,
7426595,0.67615384,
7426596,0.745876,
7426597,0.7754719,
7426598,0.82035214,
7426599,0.7774648,
7426600,0.80082756,
7426601,0.8165619,
7426604,0.7451073,
7426625,0.58664304,
7426626,0.6819231,
7426632,0.7859216,
7426633,0.72260773,
7426634,0.8187157,
7426635,0.8426582,
7426637,0.6450477,
7426638,0.7138733,
7426639,0.7072151,
7426640,0.75264406,
7426641,0.66319585,
7426642,0.70127505,
7426645,0.7509295,
7426646,0.7595614,
7426649,0.7671143,
7426652,0.69318724,
7426653,0.6889673,
7426654,0.88241404,
7426655,0.870635,
7426656,0.70703405,
7426657,0.6007551,
7426658,0.71132404,
7426660,0.69143254,
7426661,0.72544736,
7426662,0.7124539,
7426663,0.83003783,
7426664,0.7778092,
7426665,0.7282945,
7426666,0.8227693,
7426667,0.81904536,
7426668,0.8360198,
7426669,0.790246,
7426670,0.64081883,
7426671,0.678329,
7426673,0.8033189,
7426674,0.79195344,
7426675,0.8336615,
7426676,0.8728771,
7426677,0.6749825,
7426678,0.7144047,
7426679,0.74759203,
7426680,0.7425475,
7426681,0.6654143,
7426682,0.78733426,
7426683,0.7535038,
7426684,0.7025462,
7426739,0.8199242,
7426840,0.10638033,
7426841,0.115952134,
7426844,0.10550119,
7426846,0.11100503,
7426873,0.70296407,
7426874,0.6726085,
7426875,0.62717414,
7426876,0.5268674,
7426877,0.5700335,
7426878,0.4788954,
7426884,0.6564805,
7426885,0.7062363,
7426886,0.8123153,
7426887,0.8135786,
7426888,0.7368452,
7426889,0.6800682,
7426890,0.62161964,
7426891,0.5777748,
7426892,0.649494,
7426893,0.57060623,
7426894,0.66282594,
7426895,0.66434264,
7426896,0.62957203,
7426897,0.6927537,
7426898,0.65348023,
7426899,0.7267052,
7426900,0.6604747,
7426901,0.79879075,
7426902,0.7991921,
7426903,0.6875229,
7426904,0.675925,
7426905,0.73746127,
7426906,0.6561319,
7426907,0.6682759,
7426908,0.8640234,
7426909,0.7779698,
7427022,0.84853977,
7427023,0.85049206,
7427024,0.7964258,
7427025,0.87913334,
7427026,0.895808,
7427027,0.91110694,
7427028,0.8459076,
7427029,0.6820751,
7427030,0.8532151,
7427031,0.815011,
7427032,0.7940546,
7427033,0.6442251,
7427034,0.66165674,
7427035,0.89528394,
7427036,0.8688866,
7427037,0.89858955,
7427038,0.8259327,
7427040,0.9019354,
7427041,0.84338427,
7427042,0.83576894,
7427044,0.70397514,
7427045,0.8380755,
7427046,0.8395344,
7427047,0.8596459,
7427048,0.90973866,
7427049,0.90246624,
7427050,0.86249304,
7427053,0.9189431,
7427054,0.89612263,
7427060,0.8740595,
7427061,0.86202466,
7427062,0.77165616,
7427063,0.74932575,
7427065,0.7713011,
7427066,0.7394793,
7427067,0.8163431,
7427069,0.7116506,
7427070,0.86661035,
7427071,0.7492515,
7427072,0.8617943,
7427073,0.7982721,
7427074,0.87198925,
7427075,0.8454041,
7427089,0.86499095,
7427094,0.79514927,
7427095,0.68101394,
7427096,0.7481963,
7427099,0.8548717,
7427100,0.8999495,
7427103,0.6555749,
7427104,0.7176288,
7427105,0.7991975,
7427116,0.7269602,
7427117,0.66552526,
7427118,0.8766072,
7427119,0.7711356,
7427120,0.8462984,
7427121,0.77296394,
7427122,0.7371635,
7427123,0.77187765,
7427124,0.777648,
7427125,0.6096671,
7427126,0.8379271,
7427127,0.5788993,
7427130,0.8837183,
7427131,0.68050104,
7427136,0.7922086,
7427137,0.5072544,
7427139,0.55257255,
7427140,0.50724155,
7427141,0.6798476,
7427142,0.8191089,
7427222,0.8100589,
7427223,0.8628448,
7427224,0.90009403,
7427225,0.836934,
7427226,0.83281136,
7427227,0.8916002,
7427228,0.7928919,
7427229,0.7546881,
7427230,0.8345084,
7427231,0.8413104,
7427232,0.85663164,
7427233,0.90361273,
7427234,0.8056837,
7427235,0.840636,
7427236,0.8499026,
7427237,0.8821159,
7427238,0.7652227,
7427240,0.78626597,
7427241,0.78674984,
7427242,0.7464254,
7427243,0.7188527,
7427244,0.74140483,
7427245,0.88498443,
7427246,0.8719098,
7427247,0.90010214,
7427248,0.7414349,
7427249,0.9157029,
7427250,0.8658941,
7427251,0.8831283,
7427252,0.88977456,
7427253,0.91736436,
7427254,0.90760636,
7427255,0.8823464,
7427256,0.8381754,
7427257,0.7538946,
7427260,0.6864599,
7427261,0.8989064,
7427262,0.87761503,
7427263,0.7551562,
7427264,0.6585226,
7427265,0.66469187,
7427266,0.8214752,
7427267,0.71774995,
7427268,0.90683514,
7427269,0.887864,
7427278,0.8159842,
7427293,0.9073013,
7427428,0.80092824,
7427429,0.777261,
7427435,0.86063874,
7427436,0.866213,
7427437,0.77452636,
7427438,0.7579794,
7427439,0.7882556,
7427440,0.80030185,
7427441,0.8461179,
7427443,0.8461179,
7427463,0.7084464,
7427464,0.7239679,
7427477,0.9088353,
7427478,0.91343486,
7427479,0.82253724,
7427480,0.9121161,
7427481,0.9121161,
7427482,0.832368,
7427483,0.8302801,
7427489,0.9011603,
7427491,0.8462904,
7427493,0.89694613,
7427495,0.89998066,
7427496,0.89998066,
7427499,0.87011546,
7427501,0.87011546,
7427505,0.82415867,
7427506,0.69528115,
7427508,0.72315186,
7427570,0.7894051,
7427571,0.8038337,
7427573,0.77403295,
7427574,0.78473926,
7427696,0.9140725,
7427812,0.7476499,
7427813,0.6800919,
7427814,0.8823701,
7427815,0.18332113,
7427841,0.65925914,
7427842,0.74116004,
7427843,0.6213332,
7427844,0.58197373,
7427845,0.7248855,
7427846,0.8038701,
7427894,0.6841383,
7427895,0.85224867,
7427896,0.87451684,
7427897,0.8636868,
7427898,0.7930092,
7427899,0.7661467,
7427900,0.7502303,
7427901,0.750793,
7427903,0.63784295,
7427904,0.66193795,
7427905,0.7015795,
7427906,0.5030066,
7427907,0.50111246,
7427908,0.80594236,
7427909,0.8590813,
7427911,0.88668495,
7427912,0.9053337,
7427913,0.79365104,
7427914,0.91167086,
7427915,0.8638884,
7427916,0.91237843,
7427917,0.84459543,
7427918,0.85721946,
7427919,0.8233702,
7427920,0.76566017,
7427921,0.8783476,
7427922,0.92236805,
7427923,0.73078793,
7427924,0.6984354,
7427925,0.79779065,
7427926,0.73426557,
7427927,0.7944337,
7427928,0.8427941,
7427929,0.87106943,
7427930,0.8660829,
7427931,0.84443057,
7427932,0.7054384,
7427933,0.8557545,
7427934,0.7659102,
7427938,0.69399726,
7427939,0.69889086,
7427940,0.8813323,
7427942,0.89764315,
7427943,0.78111595,
7427944,0.8624805,
7427947,0.87508416,
7427948,0.75361276,
7427949,0.8885686,
7427950,0.84163004,
7427951,0.84572124,
7427952,0.8480894,
7427953,0.7238662,
7427954,0.82292616,
7427955,0.65476847,
7427956,0.6885943,
7427957,0.73747486,
7427958,0.8035597,
7427959,0.8228903,
7427960,0.893999,
7427961,0.9095905,
7427962,0.90302294,
7427963,0.86470145,
7427965,0.815935,
7427990,0.59479487,
7427991,0.8679005,
7427992,0.7833893,
7427993,0.70674604,
7427998,0.6435785,
7428000,0.8054454,
7428001,0.7933504,
7428002,0.7637241,
7428003,0.72105354,
7428004,0.78955686,
7428005,0.8152778,
7428008,0.86962163,
7428010,0.8482827,
7428011,0.8097725,
7428012,0.86252993,
7428013,0.4933586,
7428014,0.83969843,
7428015,0.840528,
7428016,0.84924865,
7428017,0.7867875,
7428018,0.7959962,
7428019,0.57190645,
7428020,0.7174929,
7428021,0.7801794,
7428022,0.827216,
7428023,0.6962214,
7428024,0.5354213,
7428025,0.5632063,
7428026,0.7714852,
7428027,0.87039506,
7428028,0.71849644,
7428029,0.76364833,
7428030,0.8670735,
7428031,0.83519346,
7428032,0.67754275,
7428033,0.8161806,
7428034,0.87094826,
7428035,0.88571924,
7428036,0.7782492,
7428037,0.54759824,
7428038,0.71695006,
7428039,0.89885616,
7428040,0.77684534,
7428041,0.6817657,
7428042,0.8956211,
7428044,0.8929418,
7428045,0.83167505,
7428046,0.76105887,
7428047,0.692308,
7428048,0.63910496,
7428049,0.79055315,
7428050,0.7170948,
7428051,0.8255965,
7428063,0.83549,
7428065,0.86835945,
7428068,0.83177036,
7428069,0.92170155,
7428070,0.8954566,
7428071,0.6902704,
7428072,0.6457423,
7428073,0.9078169,
7428074,0.88041013,
7428075,0.89936477,
7428076,0.9057211,
7428077,0.8933338,
7428124,0.8311466,
7428125,0.8812602,
7428369,0.75478625,
7428370,0.798645,
7428371,0.7899918,
7428372,0.7429912,
7428373,0.7337839,
7428374,0.5953113,
7428375,0.6228428,
7428376,0.81528795,
7428377,0.78882223,
7428378,0.63661194,
7428379,0.7673024,
7428380,0.72354263,
7428381,0.78313124,
7428382,0.6857845,
7428383,0.78989667,
7428385,0.6251781,
7428386,0.69480836,
7428387,0.66638935,
7428388,0.7847968,
7428389,0.7285955,
7428390,0.7854258,
7428391,0.6979837,
7428392,0.6174797,
7428393,0.7472453,
7428394,0.6645503,
7428395,0.6309316,
7428396,0.7283195,
7428397,0.6674227,
7428398,0.726237,
7428399,0.6643003,
7428400,0.90012914,
7428401,0.8889186,
7428402,0.91445667,
7428403,0.94019103,
7428404,0.93171966,
7428405,0.75836015,
7428406,0.789724,
7428407,0.8245149,
7428408,0.82525367,
7428409,0.8596122,
7428410,0.881804,
7428411,0.8732495,
7428418,0.68029284,
7428419,0.89824516,
7428420,0.6122031,
7428421,0.68806124,
7428430,0.5200447,
7428431,0.66059333,
7428432,0.8964444,
7428433,0.868865,
7428579,0.78647393,
7428608,0.6986641,
7428610,0.8026853,
7428632,0.92090124,
7428633,0.94325495,
7428642,0.64191115,
7428645,0.9102131,
7428646,0.9102131,
7428647,0.88384205,
7428648,0.88384205,
7428686,0.85576737,
7428740,0.50586236,
7428741,0.44618356,
7428749,0.48500615,
7428751,0.44050974,
7428752,0.6103705,
7428753,0.57787675,
7428754,0.6044624,
7428969,0.9240666,
7429101,0.65059125,
7429102,0.65542734,
7429103,0.5892475,
7429104,0.774778,
7429105,0.8048021,
7429179,0.81421703,
7429183,0.78196704,
7429186,0.77818084,
7429190,0.80665207,
7429191,0.7506088,
7429192,0.6910759,
7429250,0.66365284,
7429252,0.6990505,
7429253,0.5775533,
7429254,0.6669479,
7429255,0.7556492,
7429257,0.7291996,
7429258,0.7414719,
7429286,0.72454995,
7429287,0.6293629,
7429288,0.7017556,
7429289,0.56317323,
7429290,0.72817713,
7429291,0.6910162,
7429311,0.6421299,
7429313,0.66662604,
7429314,0.6322321,
7429514,0.6773062,
7429524,0.639393,
7429525,0.64599985,
7429526,0.67285156,
7429527,0.6821727,
7429528,0.6458999,
7429529,0.63284254,
7429530,0.74769956,
7429532,0.7821854,
7429533,0.86227316,
7429534,0.78690374,
7429535,0.8925548,
7429536,0.9052638,
7429543,0.7868393,
7429545,0.6483187,
7429549,0.84187305,
7429550,0.7991156,
7429551,0.8310674,
7429552,0.7387382,
7429553,0.7233221,
7429562,0.6306695,
7429574,0.81865114,
7429577,0.6884561,
7429648,0.89237815,
7429649,0.87067384,
7429650,0.8838446,
7429651,0.8221158,
7429669,0.55852896,
7429671,0.7510444,
7429672,0.76010334,
7429674,0.82403535,
7429678,0.6637644,
7429680,0.8517344,
7430052,0.81172293,
7430059,0.8254466,
7430134,0.57365906,
7430155,0.88520956,
7430186,0.62239623,
7430187,0.54946434,
7430188,0.5160698,
7430189,0.46410894,
7430190,0.53866,
7430240,0.8429445,
7430298,0.780082,
7430302,0.818465,
7430303,0.849517,
7430311,0.73530024,
7430312,0.79138225,
7430313,0.9135561,
7430314,0.5901477,
7430315,0.6842374,
7430316,0.8268629,
7430317,0.7320067,
7430318,0.8621493,
7430319,0.86620146,
7430320,0.8245488,
7430321,0.828831,
7430322,0.74710524,
7430323,0.6770785,
7430325,0.71354365,
7430326,0.7069816,
7430327,0.7797097,
7430333,0.8282076,
7430335,0.8800505,
7430336,0.8242802,
7430338,0.8966319,
7430339,0.9073833,
7430340,0.772155,
7430341,0.7439976,
7430344,0.857673,
7430345,0.89042085,
7430346,0.8837846,
7430393,0.80698,
7430394,0.4595657,
7430399,0.8866482,
7430400,0.8883591,
7430401,0.8185041,
7430402,0.8438057,
7430403,0.8392517,
7430404,0.83467233,
7430405,0.75216144,
7430406,0.7124744,
7430407,0.90047073,
7430408,0.86210626,
7430409,0.83762544,
7430410,0.70581055,
7430411,0.71168476,
7430412,0.85714316,
7430413,0.6455779,
7430414,0.7601715,
7430415,0.8174947,
7430416,0.8804323,
7430417,0.86778915,
7430418,0.835163,
7430419,0.76795185,
7430420,0.70595753,
7430421,0.83776015,
7430422,0.76347536,
7430423,0.7089198,
7430424,0.6820865,
7430425,0.8315782,
7430426,0.7397424,
7430427,0.86960006,
7430430,0.7843804,
7430431,0.767175,
7430432,0.80767643,
7430433,0.79582274,
7430434,0.713787,
7430435,0.8299443,
7430436,0.82248396,
7430437,0.83242774,
7430438,0.83573365,
7430439,0.67590225,
7430440,0.6283075,
7430441,0.7332807,
7430442,0.58645177,
7430443,0.52521837,
7430495,0.8320375,
7430655,0.8837428,
7430660,0.7395304,
7430661,0.7207309,
7430662,0.8607499,
7430663,0.69539243,
7430664,0.7165009,
7430665,0.6404813,
7430667,0.6779504,
7430668,0.69539356,
7430669,0.8525317,
7430670,0.8880208,
7430671,0.8449434,
7430672,0.7974536,
7430673,0.72348243,
7430674,0.72664154,
7430675,0.65478927,
7430676,0.66455215,
7430677,0.86649245,
7430678,0.8344266,
7430679,0.92500645,
7430713,0.44901556,
7430716,0.76911825,
7430717,0.77307415,
7430719,0.6664174,
7430720,0.50749797,
7430722,0.734795,
7430723,0.7439368,
7430726,0.75895715,
7430727,0.80874145,
7430728,0.79530114,
7430729,0.81235987,
7430730,0.72566533,
7430732,0.74263984,
7430733,0.7997191,
7430734,0.6484716,
7430735,0.82257634,
7430736,0.7938155,
7430737,0.7172382,
7430738,0.7678043,
7430740,0.7265546,
7430744,0.6959453,
7430745,0.7142798,
7430746,0.59448135,
7430747,0.49134102,
7430749,0.66647106,
7430750,0.7386655,
7430751,0.69664514,
7430752,0.81358784,
7430753,0.78139484,
7430754,0.801921,
7430755,0.7961852,
7430759,0.71991384,
7430760,0.8225632,
7430761,0.8918357,
7430765,0.69694185,
7430767,0.8064361,
7430768,0.75412476,
7430772,0.8544738,
7430773,0.8489268,
7430774,0.78419334,
7430775,0.7932225,
7430776,0.7881166,
7430780,0.87985474,
7430781,0.7944576,
7430784,0.7865664,
7430785,0.7007143,
7430786,0.7075716,
7430787,0.5175548,
7430788,0.60848343,
7430795,0.8361269,
7430796,0.82320094,
7430797,0.81902987,
7430798,0.7164746,
7430799,0.65724206,
7430833,0.7002282,
7430834,0.69218254,
7430835,0.6134469,
7430836,0.6441014,
7430837,0.7072144,
7430838,0.6961596,
7430843,0.90887886,
7430844,0.7678952,
7430849,0.8133066,
7430850,0.824812,
7430851,0.7524765,
7430852,0.7534861,
7430853,0.76594764,
7430854,0.7416089,
7430855,0.8430491,
7430856,0.7712996,
7430857,0.69491297,
7430858,0.79971105,
7430859,0.6618458,
7430862,0.8220935,
7430863,0.61222076,
7430864,0.5867293,
7430865,0.7818107,
7430866,0.7795304,
7430868,0.7456508,
7430869,0.6898048,
7430871,0.87592053,
7430872,0.8870077,
7430874,0.72715414,
7430875,0.5695034,
7430876,0.7081667,
7430878,0.7850667,
7430879,0.8113365,
7430880,0.7778139,
7430881,0.83681494,
7430886,0.76653045,
7430984,0.7516291,
7431055,0.84866345,
7431135,0.66573894,
7431136,0.57199925,
7431137,0.6536005,
7431138,0.6451361,
7431179,0.7855276,
7431226,0.88764995,
7431227,0.9093727,
7431228,0.8975762,
7431247,0.7582261,
7431253,0.6430196,
7431254,0.35131955,
7431255,0.70971334,
7431256,0.6816657,
7431257,0.7262411,
7431258,0.8407155,
7431259,0.8390414,
7431260,0.73688537,
7431261,0.72796434,
7431262,0.59953254,
7431263,0.80967486,
7431264,0.74545753,
7431265,0.7523689,
7431266,0.9020571,
7431267,0.79462886,
7431268,0.86832184,
7431269,0.8230816,
7431270,0.86031985,
7431271,0.75911635,
7431272,0.48022658,
7431273,0.84919435,
7431274,0.78995234,
7431275,0.7943625,
7431276,0.8722888,
7431277,0.86167586,
7431278,0.7211787,
7431279,0.7456255,
7431280,0.82630605,
7431281,0.72385466,
7431282,0.78587806,
7431283,0.80198276,
7431284,0.57236975,
7431285,0.7456321,
7431286,0.69031227,
7431287,0.5039279,
7431288,0.7427013,
7431289,0.8747406,
7431290,0.8601936,
7431291,0.76857656,
7431292,0.87037104,
7431293,0.8373677,
7431294,0.8420759,
7431295,0.8206212,
7431296,0.6225395,
7431297,0.82360256,
7431300,0.6705233,
7431307,0.7602808,
7431309,0.6927957,
7431310,0.6210402,
7431311,0.7369213,
7431313,0.48204187,
7431314,0.5796332,
7431316,0.62732184,
7431317,0.8411989,
7431318,0.8621108,
7431319,0.6847823,
7431321,0.79316074,
7431322,0.7576397,
7431323,0.75571144,
7431324,0.72442245,
7431325,0.76077944,
7431326,0.795513,
7431327,0.89225143,
7431329,0.81219286,
7431330,0.7344132,
7431332,0.7761162,
7431333,0.73354936,
7431334,0.6831305,
7431335,0.7520699,
7431471,0.82358587,
7431472,0.6444072,
7431473,0.7376209,
7431474,0.7870264,
7431475,0.8353743,
7431476,0.7541674,
7431477,0.74145114,
7431478,0.8762486,
7431479,0.8690407,
7431480,0.8594899,
7431481,0.757061,
7431482,0.3573562,
7431489,0.8717176,
7431490,0.6879297,
7431491,0.80703497,
7431515,0.86198753,
7431516,0.9193479,
7431517,0.8993735,
7431540,0.7274858,
7431542,0.81131124,
7431543,0.78053707,
7431544,0.8061009,
7431545,0.84002054,
7431546,0.8037561,
7431547,0.9142579,
7431550,0.79335624,
7431950,0.55061346,
7431951,0.569859,
7431952,0.5380277,
7431953,0.57338655,
7431954,0.60268736,
7431956,0.5707865,
7431957,0.4993893,
7431963,0.5867089,
7431964,0.58737093,
7431965,0.59524846,
7431966,0.60193986,
7431967,0.58429,
7431968,0.56834465,
7431969,0.6169347,
7431970,0.49607906,
7431971,0.5532964,
7431974,0.50170004,
7431975,0.5050595,
7431976,0.5720295,
7431977,0.54152375,
7431978,0.5869215,
7431979,0.61816067,
7431980,0.60843515,
7431981,0.6199153,
7432004,0.77842927,
7432026,0.7466446,
7432027,0.6671281,
7432029,0.81955236,
7432030,0.8899498,
7432031,0.6947308,
7432032,0.7668399,
7432033,0.83343434,
7432035,0.8084284,
7432036,0.7852061,
7432037,0.77406424,
7432038,0.7343411,
7432039,0.8209239,
7432040,0.73732674,
7432041,0.73230606,
7432042,0.84729147,
7432044,0.7718603,
7432045,0.64186245,
7432046,0.8396103,
7432058,0.8997573,
7432064,0.6994056,
7432109,0.8256031,
7432110,0.76458097,
7432116,0.85537475,
7432117,0.82458675,
7432122,0.77858436,
7432123,0.9068961,
7432124,0.75691193,
7432125,0.8075747,
7432126,0.75678056,
7432127,0.7907118,
7432128,0.7320115,
7432129,0.8152857,
7432130,0.722706,
7432131,0.7378094,
7432132,0.83356875,
7432133,0.70849,
7432134,0.8300331,
7432135,0.5886258,
7432136,0.7506069,
7432137,0.83434546,
7432138,0.80396307,
7432139,0.73172104,
7432140,0.82840544,
7432141,0.8615199,
7432146,0.81546575,
7432164,0.7202013,
7432209,0.6546438,
7432210,0.6734601,
7432211,0.8624623,
7432212,0.69927967,
7432214,0.62815595,
7432215,0.82746476,
7432216,0.8371476,
7432219,0.6430507,
7432236,0.85213846,
7432237,0.8767644,
7432238,0.88300025,
7432239,0.84374326,
7432240,0.7792553,
7432241,0.6919378,
7432242,0.87125397,
7432243,0.81193227,
7432244,0.8264262,
7432245,0.83480006,
7432246,0.73839366,
7432247,0.73677856,
7432248,0.8671827,
7432249,0.70295477,
7432250,0.7617251,
7432251,0.78709835,
7432252,0.840942,
7432253,0.8234304,
7432254,0.8776777,
7432255,0.8173986,
7432256,0.8570301,
7432257,0.82375956,
7432258,0.8338611,
7432259,0.7958458,
7432260,0.8617626,
7432261,0.70616376,
7432262,0.757351,
7432263,0.7358129,
7432264,0.8357314,
7432265,0.8626476,
7432266,0.84139067,
7432267,0.81196505,
7432268,0.7291806,
7432269,0.7984438,
7432271,0.6154436,
7432272,0.725346,
7432273,0.8070495,
7432274,0.9041738,
7432275,0.82627004,
7432276,0.78198713,
7432277,0.81055504,
7432278,0.7781675,
7432279,0.7994529,
7432280,0.8295167,
7432281,0.8085236,
7432282,0.8074524,
7432283,0.77209055,
7432284,0.8031776,
7432285,0.59249073,
7432286,0.88720524,
7432287,0.43321115,
7432288,0.8410044,
7432289,0.7756274,
7432290,0.680374,
7432291,0.80215,
7432292,0.80199254,
7432293,0.73811084,
7432322,0.5732096,
7432323,0.7496791,
7432324,0.8484368,
7432325,0.82553405,
7432326,0.7996214,
7432327,0.8028737,
7432328,0.7470931,
7432329,0.8147501,
7432330,0.80857843,
7432331,0.7934228,
7432332,0.7531313,
7432333,0.7887733,
7432334,0.86995256,
7432335,0.7376769,
7432336,0.7670254,
7432337,0.7351821,
7432338,0.7569898,
7432339,0.8249155,
7432455,0.8206288,
7432456,0.8095347,
7432457,0.8275502,
7432458,0.81580305,
7432459,0.8026206,
7432460,0.7564321,
7432461,0.7742397,
7432462,0.8489537,
7432463,0.85262465,
7432464,0.798195,
7432465,0.7091168,
7432466,0.7514079,
7432467,0.91026354,
7432468,0.73241115,
7432469,0.6055355,
7432471,0.43301356,
7432472,0.46490225,
7432473,0.8467402,
7432474,0.8147874,
7432475,0.7050639,
7432476,0.74555343,
7432477,0.9308465,
7432478,0.8161296,
7432480,0.8818352,
7432481,0.75282884,
7432482,0.77238333,
7432483,0.7783951,
7432484,0.83221316,
7432487,0.81449836,
7432488,0.77801025,
7432489,0.88876605,
7432491,0.6508098,
7432492,0.5699995,
7432493,0.6930424,
7432494,0.7854025,
7432495,0.8331408,
7432496,0.78250337,
7432497,0.7429955,
7432498,0.8134071,
7432499,0.73732376,
7432500,0.70011765,
7432501,0.74865496,
7432502,0.7165863,
7432504,0.8444347,
7432505,0.723967,
7432506,0.777903,
7432507,0.7054461,
7432508,0.78345037,
7432509,0.7430948,
7432510,0.9020889,
7432511,0.88001364,
7432512,0.49311507,
7432513,0.7715026,
7432514,0.75438964,
7432515,0.7597569,
7432528,0.78210723,
7432529,0.6517549,
7432530,0.6749901,
7432533,0.7959063,
7432534,0.7431356,
7432535,0.7870282,
7432536,0.71193045,
7432537,0.74604607,
7432538,0.7652611,
7432539,0.7693014,
7432540,0.75892633,
7432541,0.8230953,
7432542,0.799665,
7432543,0.77362925,
7432544,0.82673967,
7432545,0.68050283,
7432546,0.79701626,
7432547,0.77482986,
7432548,0.6525515,
7432549,0.6826327,
7432550,0.6132452,
7432551,0.69827056,
7432558,0.75762224,
7432559,0.71291053,
7432560,0.727836,
7432561,0.7824622,
7432562,0.7914034,
7432563,0.8032674,
7432565,0.7184027,
7432567,0.8045184,
7432569,0.84527844,
7432571,0.8016362,
7432573,0.8431792,
7432574,0.8519017,
7432575,0.8344303,
7432576,0.7923805,
7432577,0.71266335,
7432578,0.69684,
7432579,0.78014433,
7432580,0.52601033,
7432581,0.7672422,
7432582,0.6925934,
7432583,0.73514014,
7432584,0.83733535,
7432585,0.78103864,
7432587,0.58685935,
7432588,0.64737153,
7432589,0.77837324,
7432590,0.7301958,
7432591,0.72776085,
7432592,0.7867051,
7432593,0.8057593,
7432594,0.7034607,
7432595,0.8390898,
7432596,0.82138705,
7432597,0.7083658,
7432598,0.75564677,
7432599,0.90254736,
7432600,0.8707078,
7432602,0.8004988,
7432603,0.8626894,
7432606,0.76255584,
7432607,0.78356564,
7432608,0.66538674,
7432609,0.7500777,
7432610,0.7971112,
7432611,0.7667096,
7432612,0.7533685,
7432613,0.87890565,
7432615,0.7425186,
7432616,0.7519788,
7432617,0.77582055,
7432618,0.78265345,
7432619,0.9143373,
7432620,0.88352734,
7432621,0.89278424,
7432632,0.8179126,
7432634,0.79799926,
7432635,0.7861378,
7432636,0.755485,
7432637,0.77007467,
7432657,0.8083004,
7432658,0.8229181,
7432660,0.88430727,
7432661,0.8696818,
7432664,0.63259196,
7432665,0.7250587,
7432666,0.7569758,
7432667,0.78096825,
7432668,0.78820616,
7432669,0.87741333,
7432670,0.66158223,
7432671,0.85566086,
7432672,0.8514989,
7432673,0.6486639,
7432674,0.75771374,
7432675,0.71422726,
7432676,0.8236805,
7432677,0.8321872,
7432678,0.8820975,
7432679,0.8908094,
7432695,0.29794702,
7432771,0.6887761,
7432772,0.8272495,
7432773,0.62593395,
7432774,0.6156027,
7432775,0.7995836,
7432776,0.73678136,
7432777,0.8118738,
7432778,0.81448823,
7432779,0.8023022,
7432781,0.5612087,
7432782,0.5522427,
7432783,0.6792383,
7432784,0.842979,
7432785,0.8059228,
7432786,0.7425591,
7432787,0.6242871,
7432788,0.51260245,
7432789,0.3321632,
7432790,0.31305254,
7432791,0.40433872,
7432792,0.26251483,
7432793,0.3160209,
7432794,0.2920645,
7432795,0.25575534,
7432796,0.2325687,
7432797,0.30516008,
7432798,0.26292828,
7432799,0.26821452,
7432800,0.2683659,
7432801,0.21604383,
7432802,0.29369307,
7432803,0.41655502,
7432804,0.24402462,
7432805,0.34451383,
7432806,0.22443184,
7432807,0.27154157,
7432808,0.24552675,
7432809,0.23489462,
7432810,0.2832998,
7432811,0.35569,
7432812,0.21726629,
7432813,0.2411238,
7432814,0.24346367,
7432815,0.29310524,
7432816,0.2881323,
7432817,0.2389544,
7432818,0.27338117,
7432819,0.2153908,
7432820,0.3691554,
7432821,0.27389818,
7432822,0.3921723,
7432830,0.9023546,
7432831,0.8845178,
7432832,0.849844,
7432833,0.76179254,
7432835,0.8527006,
7432836,0.80836797,
7432837,0.87590337,
7432839,0.8875129,
7432840,0.80158395,
7432841,0.8153389,
7432842,0.8105066,
7432843,0.71308506,
7432950,0.8639392,
7432951,0.83363897,
7433001,0.6806613,
7433003,0.62883794,
7433004,0.74619484,
7433005,0.67836887,
7433012,0.6287204,
7433016,0.5440125,
7433018,0.64567345,
7433019,0.6075208,
7433020,0.50598204,
7433021,0.46589434,
7433023,0.48585108,
7433024,0.7159217,
7433025,0.72334105,
7433026,0.68986535,
7433027,0.6598514,
7433028,0.71854895,
7433037,0.8796099,
7433038,0.8868009,
7433039,0.83337986,
7433040,0.8552385,
7433041,0.89409125,
7433042,0.8616626,
7433048,0.6406543,
7433072,0.8278447,
7433073,0.82449234,
7433074,0.89274484,
7433075,0.7662782,
7433076,0.88682824,
7433116,0.7965326,
7433176,0.7889712,
7433177,0.701091,
7433179,0.8237368,
7433201,0.7325775,
7433202,0.7069822,
7433203,0.7622188,
7433204,0.56531066,
7433205,0.7143999,
7433206,0.7940453,
7433207,0.78078437,
7433208,0.8154158,
7433209,0.81035644,
7433210,0.79069203,
7433211,0.80757815,
7433212,0.828222,
7433213,0.8232213,
7433214,0.6729848,
7433215,0.8237892,
7433216,0.7519305,
7433217,0.84373665,
7433222,0.81179297,
7433225,0.73295313,
7433226,0.83779776,
7433402,0.9011882,
7433403,0.8983584,
7433404,0.8781472,
7433405,0.80509216,
7433406,0.8090219,
7433407,0.7473031,
7433506,0.7845465,
7433507,0.56291497,
7433520,0.70408773,
7433521,0.8161046,
7433523,0.7380184,
7433524,0.8220126,
7433525,0.8131667,
7433526,0.74141645,
7433679,0.68656415,
7433680,0.7077452,
7433682,0.6981625,
7433736,0.8762221,
7433737,0.7822459,
7433739,0.796022,
7433741,0.83923554,
7433742,0.7707519,
7433743,0.7795659,
7433744,0.81391865,
7433745,0.75692415,
7433746,0.80155987,
7433747,0.78639513,
7433748,0.8268091,
7433749,0.7645326,
7433750,0.76953185,
7433751,0.8445534,
7433752,0.78505254,
7433753,0.8234524,
7433754,0.80185163,
7433755,0.8491702,
7433756,0.747616,
7433759,0.63911957,
7433760,0.7130809,
7433762,0.69814765,
7433790,0.8367197,
7433792,0.91187227,
7433794,0.8366059,
7433796,0.73865,
7434113,0.7199574,
7434114,0.8108745,
7434116,0.6450265,
7434118,0.8238625,
7434119,0.8492679,
7434122,0.5996242,
7434123,0.5800513,
7434124,0.7316579,
7434125,0.8540769,
7434126,0.6893122,
7434127,0.74801964,
7434128,0.64963657,
7434129,0.812785,
7434130,0.771518,
7434131,0.8909933,
7434132,0.62837607,
7434142,0.77800834,
7434146,0.74791247,
7434147,0.75049824,
7434151,0.79274464,
7434152,0.82294214,
7434153,0.848742,
7434154,0.8493019,
7434155,0.91005987,
7434156,0.90923434,
7434157,0.89416516,
7434158,0.9231663,
7434164,0.7775978,
7434165,0.7779519,
7434166,0.8740604,
7434167,0.80282766,
7434168,0.7262281,
7434169,0.78891873,
7434170,0.81258225,
7434174,0.42785087,
7434175,0.39454845,
7434176,0.80040884,
7434177,0.7514905,
7434179,0.48661402,
7434180,0.73790854,
7434181,0.71750796,
7434182,0.55840254,
7434183,0.7398193,
7434184,0.820971,
7434185,0.72141135,
7434186,0.66963375,
7434187,0.712699,
7434188,0.8326199,
7434189,0.83591026,
7434190,0.8563919,
7434191,0.78429776,
7434192,0.8128149,
7434193,0.7402715,
7434194,0.58679974,
7434195,0.64744437,
7434196,0.7192747,
7434197,0.62238455,
7434198,0.6601711,
7434264,0.8854974,
7434265,0.89475685,
7434266,0.914028,
7434267,0.8680068,
7434268,0.9004653,
7434269,0.89275455,
7434270,0.9044687,
7434271,0.8974875,
7434272,0.8780005,
7434273,0.8704504,
7434275,0.7705127,
7434276,0.73269993,
7434277,0.85388196,
7434322,0.70225596,
7434323,0.8170759,
7434325,0.8006221,
7434326,0.7674687,
7434327,0.8314132,
7434328,0.91401136,
7434330,0.8595402,
7434332,0.8501238,
7434333,0.6874044,
7434334,0.9162339,
7434343,0.5514875,
7434344,0.5771816,
7434345,0.74533063,
7434346,0.6870259,
7434376,0.91974133,
7434379,0.8863199,
7434474,0.78864944,
7434475,0.803144,
7434476,0.7286125,
7434477,0.8420766,
7434478,0.72998106,
7434479,0.30035514,
7434481,0.33708245,
7434482,0.30567428,
7434483,0.32302994,
7434484,0.32399893,
7434485,0.35304427,
7434486,0.28840882,
7434487,0.3056703,
7434490,0.34511763,
7434491,0.30260953,
7434492,0.2892786,
7434493,0.3101582,
7434494,0.3365218,
7434499,0.32571077,
7434500,0.29224887,
7434603,0.74357384,
7434604,0.77584857,
7434605,0.8781201,
7434606,0.7764029,
7434607,0.89828724,
7434608,0.8733094,
7434609,0.8197251,
7434610,0.5611688,
7434611,0.6194577,
7434612,0.8146337,
7434613,0.8185179,
7434614,0.80093646,
7434615,0.7324249,
7434616,0.6895088,
7434617,0.7166386,
7434618,0.7385785,
7434619,0.7100918,
7434620,0.7231079,
7434621,0.8019223,
7434622,0.80849683,
7434623,0.6532217,
7434624,0.6139015,
7434625,0.7221855,
7434626,0.75274223,
7434652,0.4735818,
7434653,0.8611449,
7434709,0.66415536,
7434710,0.8090317,
7434711,0.7868052,
7434713,0.8221475,
7434715,0.81516606,
7434716,0.81281346,
7434717,0.77263427,
7434718,0.8371639,
7434719,0.7357021,
7434720,0.7319516,
7434721,0.7473077,
7434722,0.7982913,
7434723,0.8321099,
7434724,0.90553,
7434726,0.8818666,
7434727,0.8629687,
7434728,0.67300177,
7434729,0.89804035,
7434730,0.8945384,
7434731,0.8800391,
7434732,0.6931123,
7434733,0.70819575,
7434734,0.6913864,
7434735,0.78706014,
7434736,0.8011888,
7434737,0.78672254,
7434738,0.81513506,
7434741,0.75057185,
7434742,0.7621215,
7434743,0.7555592,
7434744,0.77432984,
7434746,0.81543803,
7434748,0.8403897,
7434749,0.8378474,
7434750,0.8234731,
7434751,0.8360168,
7434752,0.8403897,
7434753,0.8332739,
7434756,0.86401284,
7434757,0.75929374,
7434758,0.68225783,
7434759,0.71863496,
7434760,0.76826525,
7434761,0.73151875,
7434763,0.6786372,
7434764,0.7579894,
7434765,0.68495005,
7434766,0.81814015,
7434780,0.31633186,
7434781,0.2880617,
7434782,0.30734128,
7434783,0.20207062,
7434784,0.27058494,
7434785,0.35316303,
7434786,0.3465371,
7434787,0.41149586,
7434788,0.3968283,
7434790,0.26611573,
7434791,0.2946346,
7434792,0.2870851,
7434793,0.2410663,
7434794,0.31786177,
7434795,0.26902986,
7434796,0.30458167,
7434797,0.23537526,
7434798,0.2980994,
7434799,0.26586023,
7434801,0.32125908,
7434802,0.3155654,
7434803,0.26803282,
7434804,0.30957174,
7434805,0.3042739,
7434806,0.32686678,
7434807,0.3049209,
7434808,0.33218485,
7434809,0.31083348,
7434810,0.36010808,
7434811,0.43275344,
7434812,0.29012153,
7434813,0.2675964,
7434814,0.33085603,
7434815,0.26274437,
7434816,0.3270571,
7434817,0.28526798,
7434818,0.32575393,
7434819,0.2453505,
7434820,0.3090913,
7434821,0.28482956,
7434822,0.3273478,
7434823,0.3013212,
7434824,0.25080594,
7434825,0.32653457,
7434826,0.33762807,
7434827,0.35018075,
7434829,0.27823806,
7434830,0.30592242,
7434831,0.30412894,
7434833,0.33717722,
7434834,0.28765646,
7434835,0.22510326,
7434836,0.2196109,
7434837,0.17954654,
7434838,0.20521988,
7434839,0.2284632,
7434840,0.28930357,
7434841,0.29569897,
7434842,0.26662266,
7434843,0.30120468,
7434844,0.22260721,
7434845,0.3000034,
7434846,0.2317242,
7434847,0.32974017,
7434848,0.29134545,
7434851,0.254829,
7434852,0.30282548,
7434854,0.32375106,
7434855,0.35196903,
7434858,0.26983654,
7434859,0.30513513,
7434860,0.26848266,
7434861,0.37790295,
7434862,0.2620729,
7434984,0.8807256,
7434985,0.8072076,
7434986,0.8407848,
7434987,0.86559504,
7434988,0.6618097,
7434989,0.8432506,
7434990,0.91148543,
7434991,0.8324011,
7434992,0.8497775,
7434993,0.6847808,
7434994,0.7154424,
7434995,0.7891804,
7434996,0.80540997,
7434997,0.8464799,
7435174,0.82009345,
7435175,0.8333013,
7435176,0.81363326,
7435179,0.81041723,
7435180,0.7029682,
7435183,0.6258103,
7435185,0.8172025,
7435186,0.7843571,
7435187,0.8145262,
7435188,0.7846946,
7435189,0.78741974,
7435190,0.8815785,
7435191,0.79746234,
7435192,0.89719415,
7435193,0.75741255,
7435195,0.8764292,
7435196,0.85418403,
7435197,0.82451385,
7435283,0.69771814,
7435284,0.88737816,
7435285,0.8965792,
7435286,0.83675194,
7435289,0.8555276,
7435290,0.8775384,
7435291,0.8965188,
7435339,0.7633983,
7435340,0.85580325,
7435341,0.84821624,
7435342,0.80383146,
7435343,0.83082885,
7435344,0.81572247,
7435345,0.8364959,
7435346,0.8848351,
7435347,0.8303541,
7435348,0.855642,
7435349,0.82614756,
7435350,0.79257876,
7435351,0.81889313,
7435352,0.80029804,
7435353,0.8027763,
7435354,0.8128536,
7435355,0.798927,
7435356,0.7745604,
7435357,0.7864769,
7435358,0.8152858,
7435359,0.75602424,
7435360,0.7863246,
7435380,0.62586,
7435381,0.68193614,
7435436,0.7702796,
7435453,0.72114784,
7435463,0.812417,
7435464,0.8571845,
7435465,0.67587805,
7435466,0.83146906,
7435467,0.74996233,
7435468,0.67769367,
7435469,0.7738019,
7435470,0.5527288,
7435471,0.7808486,
7435472,0.7966684,
7435475,0.7718045,
7435486,0.79844934,
7435487,0.67483985,
7435488,0.8334902,
7435489,0.779507,
7435490,0.8581764,
7435491,0.84452194,
7435492,0.7052613,
7435493,0.75437135,
7435494,0.8603059,
7435495,0.7302526,
7435496,0.8510235,
7435497,0.81355107,
7435498,0.85383457,
7435499,0.824452,
7435500,0.65520257,
7435501,0.77589566,
7435502,0.88949937,
7435503,0.6942067,
7435504,0.81407696,
7435505,0.7562315,
7435506,0.89687467,
7435507,0.8043472,
7435508,0.9226749,
7435509,0.8712312,
7435510,0.8508813,
7435511,0.7984579,
7435512,0.575463,
7435513,0.89796436,
7435514,0.8469778,
7435515,0.85019714,
7435516,0.77483773,
7435518,0.6112974,
7435519,0.5330246,
7435520,0.672905,
7435521,0.91971684,
7435522,0.8693121,
7435525,0.7693064,
7435527,0.8654757,
7435528,0.7577515,
7435529,0.85200864,
7435530,0.6167641,
7435531,0.63366014,
7435532,0.72108865,
7435533,0.7742211,
7435534,0.67333806,
7435535,0.7544534,
7435536,0.5466584,
7435549,0.8818423,
7435559,0.80326587,
7435560,0.44481587,
7435561,0.3176742,
7435562,0.6554052,
7435626,0.6943123,
7435627,0.86489487,
7435680,0.76523095,
7435681,0.7201344,
7435691,0.26240993,
7435692,0.22898524,
7435693,0.23422329,
7435789,0.5889773,
7435790,0.6925895,
7435791,0.6432235,
7435792,0.5977157,
7435793,0.6929809,
7435802,0.57940495,
7435803,0.7309795,
7435804,0.76160336,
7435807,0.6093012,
7435808,0.6619272,
7435809,0.7790904,
7435863,0.78754866,
7435864,0.79076993,
7435956,0.79462224,
7435957,0.76644224,
7435958,0.8310368,
7435959,0.90893966,
7435960,0.80995715,
7435961,0.8449752,
7435962,0.90760887,
7435963,0.9263541,
7435964,0.7545864,
7435967,0.87269336,
7435968,0.8809593,
7435969,0.90579826,
7435970,0.8472254,
7435971,0.89420795,
7435972,0.868865,
7435973,0.8265406,
7435974,0.88588184,
7435975,0.84004164,
7435976,0.8879777,
7435977,0.85288817,
7435978,0.8398945,
7435979,0.7888705,
7436257,0.13647667,
7436258,0.18332769,
7436259,0.17413601,
7436260,0.16897231,
7436261,0.15574817,
7436262,0.16393349,
7436263,0.1582989,
7436264,0.16735819,
7436265,0.18045053,
7436266,0.15665288,
7436267,0.15687014,
7436268,0.15060312,
7436269,0.15599751,
7436573,0.6251729,
7436574,0.87603605,
7436575,0.7880502,
7436577,0.86324847,
7436578,0.7217339,
7436579,0.81893015,
7436580,0.7600622,
7436581,0.675749,
7436582,0.6841842,
7436583,0.8305899,
7436584,0.7511672,
7436585,0.68996066,
7436586,0.89921707,
7436587,0.8537619,
7436588,0.86180925,
7436589,0.81639606,
7436590,0.78449327,
7436591,0.7715802,
7436592,0.5904391,
7436593,0.9227151,
7436594,0.7774472,
7436595,0.8500242,
7436596,0.86446476,
7436601,0.85598326,
7436602,0.7286127,
7436603,0.6308258,
7436604,0.6757059,
7436605,0.6565547,
7436606,0.6978132,
7436607,0.8134201,
7436608,0.8013116,
7436609,0.754276,
7436610,0.84025836,
7436611,0.635799,
7436612,0.90145594,
7436613,0.89725,
7436614,0.78849185,
7436615,0.5871756,
7436616,0.7012241,
7436617,0.76362216,
7436618,0.6751034,
7436619,0.7504387,
7436620,0.750975,
7436621,0.7059963,
7436622,0.41100702,
7436623,0.7759686,
7436624,0.7227969,
7436625,0.73052466,
7436626,0.74306273,
7436627,0.83129996,
7436628,0.79473644,
7436629,0.803078,
7436630,0.8318212,
7436631,0.73077255,
7436636,0.82475895,
7436637,0.7659768,
7436638,0.8605243,
7436639,0.846826,
7436669,0.7994015,
7436670,0.80468374,
7436671,0.8441532,
7436672,0.84481335,
7436690,0.8544048,
7436691,0.9100117,
7436693,0.87343395,
7436853,0.5935753,
7436855,0.55641466,
7436915,0.83358425,
7436916,0.6634703,
7436917,0.6577254,
7436918,0.7821431,
7436919,0.77270824,
7436998,0.7628317,
7436999,0.69242805,
7437000,0.7287077,
7437002,0.87736535,
7437003,0.8640339,
7437098,0.7619596,
7437099,0.7016786,
7437100,0.76901,
7437101,0.7573474,
7437102,0.84247726,
7437103,0.7801144,
7437104,0.85122895,
7437105,0.7718348,
7437106,0.8432184,
7437107,0.7824839,
7437109,0.7370721,
7437110,0.8951171,
7437127,0.7100538,
7437128,0.61046594,
7437129,0.6513139,
7437130,0.6328662,
7437156,0.8337916,
7437157,0.7264853,
7437159,0.6312796,
7437161,0.7957291,
7437183,0.8217301,
7437366,0.91145366,
7437499,0.8152611,
7437500,0.87531936,
7437501,0.82237965,
7437502,0.8097638,
7437503,0.8824705,
7437504,0.81884545,
7437505,0.8332235,
7437506,0.7845718,
7437507,0.84192514,
7437517,0.8788186,
7437518,0.8896578,
7437519,0.89677423,
7437520,0.87724036,
7437521,0.8180386,
7437522,0.8110554,
7437523,0.7828496,
7437538,0.80469865,
7437539,0.7956587,
7437540,0.7001961,
7437541,0.8480526,
7437542,0.84332687,
7437543,0.8309927,
7437544,0.86540496,
7437545,0.8702835,
7437546,0.7862863,
7437547,0.83172256,
7437548,0.70457244,
7437549,0.7727101,
7437560,0.86507,
7437561,0.7516562,
7437805,0.77558225,
7437807,0.7159317,
7437808,0.7363087,
7437809,0.68062615,
7437812,0.8549063,
7437828,0.8024746,
7437830,0.8436166,
7437831,0.7974638,
7437832,0.7654572,
7437833,0.77013224,
7437834,0.91362214,
7437835,0.84979844,
7437840,0.87330204,
7437841,0.7930048,
7437842,0.7122915,
7437843,0.6461946,
7437844,0.83136123,
7437847,0.7850817,
7437853,0.81391585,
7437854,0.8048778,
7437857,0.9219239,
7437858,0.75981617,
7437859,0.530272,
7437860,0.7784871,
7437861,0.7660484,
7437862,0.70275074,
7437863,0.7283833,
7437864,0.7541198,
7437865,0.72665435,
7437866,0.7395314,
7437867,0.82449096,
7437868,0.8036384,
7437869,0.7582835,
7437870,0.80370194,
7437871,0.5620413,
7438017,0.76382405,
7438083,0.77440345,
7438085,0.79780453,
7438086,0.74984634,
7438087,0.80232376,
7438088,0.78909814,
7438089,0.76300895,
7438092,0.75012755,
7438093,0.6438473,
7438094,0.78668886,
7438095,0.67521894,
7438096,0.80574197,
7438097,0.81561047,
7438098,0.89764094,
7438099,0.800712,
7438100,0.8685336,
7438101,0.75140053,
7438102,0.5220438,
7438103,0.69028515,
7438104,0.7429114,
7438105,0.68516624,
7438107,0.67094547,
7438109,0.69235784,
7438110,0.8591477,
7438112,0.8625498,
7438113,0.7606148,
7438114,0.7931359,
7438117,0.81433207,
7438118,0.77861726,
7438119,0.76710176,
7438122,0.7187451,
7438123,0.6815268,
7438124,0.7086861,
7438125,0.83323973,
7438127,0.6976112,
7438128,0.6020578,
7438129,0.7067774,
7438131,0.6811709,
7438133,0.6769813,
7438135,0.61960226,
7438136,0.7812399,
7438137,0.66341686,
7438139,0.63021183,
7438140,0.72910583,
7438143,0.9033099,
7438144,0.78716236,
7438145,0.8206366,
7438146,0.79679555,
7438148,0.7802071,
7438149,0.7731766,
7438150,0.7812955,
7438151,0.65344584,
7438152,0.7932089,
7438238,0.79989445,
7438239,0.63720226,
7438275,0.71339303,
7438276,0.6483228,
7438437,0.719965,
7438438,0.79826015,
7438439,0.6670042,
7438440,0.8474316,
7438441,0.90270936,
7438442,0.7767877,
7438570,0.6546699,
7438571,0.83828956,
7438580,0.9002722,
7438584,0.80558294,
7438585,0.8407485,
7438586,0.7819512,
7438587,0.84220755,
7438588,0.6838145,
7438590,0.8849276,
7438591,0.7797464,
7438592,0.82460386,
7438672,0.782885,
7438677,0.78160465,
7438678,0.8847584,
7438679,0.77843004,
7438680,0.8811259,
7438681,0.79547805,
7438682,0.8223272,
7438683,0.8272459,
7438684,0.79729563,
7438685,0.8546583,
7438686,0.7303374,
7438687,0.8071586,
7438688,0.918821,
7438689,0.85362023,
7438690,0.9209634,
7438691,0.92161417,
7438692,0.9299228,
7438693,0.81836915,
7438695,0.83792496,
7438696,0.83333707,
7438697,0.78007585,
7438698,0.8494714,
7438699,0.8220235,
7438825,0.9055285,
7438835,0.8416793,
7438836,0.82441056,
7438837,0.8200698,
7438839,0.8975504,
7438840,0.72081786,
7438847,0.79131484,
7438848,0.6607255,
7438849,0.895366,
7438850,0.74861157,
7438851,0.83099324,
7438852,0.82097733,
7438853,0.7214519,
7438854,0.91469115,
7438855,0.8460448,
7438856,0.8526717,
7438857,0.84011096,
7438858,0.69759065,
7438860,0.7601688,
7438861,0.7356843,
7438862,0.7726179,
7438864,0.7302207,
7438865,0.7970856,
7438866,0.62148964,
7438867,0.8672362,
7438916,0.8464347,
7438917,0.9071873,
7438918,0.8819158,
7438919,0.89427596,
7438920,0.84714895,
7438925,0.47086933,
7438926,0.8478862,
7438927,0.80294275,
7438929,0.7582187,
7438930,0.8357374,
7438931,0.7549882,
7438932,0.65332586,
7438955,0.6528034,
7438956,0.6415857,
7438958,0.62296534,
7438959,0.6930526,
7438960,0.6463161,
7438961,0.69802886,
7438962,0.6853691,
7438964,0.70533293,
7438967,0.78940916,
7438970,0.8186081,
7438978,0.6630794,
7438979,0.7292886,
7438980,0.7528392,
7438981,0.7892903,
7438982,0.6725906,
7438983,0.6573608,
7438985,0.7040794,
7438986,0.8552881,
7438987,0.8574025,
7438988,0.6721937,
7438989,0.65014434,
7438990,0.77128625,
7438991,0.6536719,
7438992,0.8676826,
7438993,0.89861166,
7438994,0.7880847,
7438995,0.76075864,
7438996,0.8594819,
7438997,0.7258232,
7439001,0.6847794,
7439002,0.7014122,
7439004,0.90174466,
7439005,0.76906145,
7439006,0.6404615,
7439007,0.6872481,
7439011,0.8643326,
7439012,0.8406008,
7439013,0.85629225,
7439014,0.8948266,
7439015,0.8227659,
7439016,0.9091302,
7439198,0.75631696,
7439199,0.60993403,
7439200,0.77109206,
7439201,0.77090997,
7439202,0.63880575,
7439203,0.87970483,
7439204,0.9062272,
7439205,0.79193693,
7439206,0.89460844,
7439207,0.7146214,
7439208,0.74525,
7439209,0.73967195,
7439211,0.73325187,
7439388,0.8262181,
7439389,0.8117802,
7439390,0.71138304,
7439391,0.8331424,
7439546,0.7686685,
7439548,0.73353875,
7439549,0.81525475,
7439550,0.8107548,
7439757,0.9016705,
7439758,0.9048449,
7439759,0.88800114,
7439760,0.87872684,
7439761,0.8746869,
7439764,0.8838815,
7439765,0.92754346,
7439767,0.74193466,
7439768,0.6674883,
7439769,0.81375515,
7439773,0.72172964,
7439778,0.7991234,
7439779,0.78722423,
7439780,0.5832288,
7439781,0.89082134,
7439782,0.86161757,
7439783,0.822262,
7439784,0.7944053,
7439785,0.8900311,
7439786,0.9003336,
7439787,0.73899156,
7439788,0.887889,
7439806,0.793022,
7439813,0.9078322,
7439814,0.8463965,
7439815,0.8549523,
7439822,0.76639664,
7439823,0.8292276,
7439824,0.5546241,
7439825,0.7435139,
7439826,0.69948095,
7439827,0.7107887,
7439842,0.870383,
7439843,0.8858288,
7439844,0.87275046,
7439845,0.88837075,
7439846,0.8947356,
7439847,0.86408234,
7439848,0.8869791,
7439849,0.82618886,
7439850,0.8472339,
7439851,0.82934135,
7439852,0.69434845,
7439853,0.7027482,
7439855,0.6579791,
7439856,0.8524514,
7439885,0.583196,
7439886,0.52761364,
7439887,0.64486533,
7439889,0.7064446,
7439892,0.88429165,
7439894,0.8694831,
7439895,0.8826455,
7439896,0.9128884,
7439897,0.8783034,
7439898,0.9186093,
7439899,0.79435366,
7439900,0.74358463,
7439901,0.72504944,
7439902,0.77790457,
7439903,0.7433301,
7439904,0.8653704,
7439905,0.8701156,
7439906,0.8815579,
7439907,0.9013729,
7439908,0.8523194,
7439909,0.83606076,
7439910,0.83706415,
7439911,0.8376433,
7439912,0.7423114,
7440834,0.6121134,
7440836,0.26608413,
7440837,0.2546715,
7440838,0.31467208,
7440839,0.2523712,
7440840,0.22220679,
7440841,0.22361928,
7440842,0.2163008,
7440843,0.21198137,
7441118,0.8358833,
7441455,0.27376834,
7441456,0.26490963,
7441457,0.27600294,
7441458,0.28625518,
7441459,0.32515755,
7441460,0.29536608,
7441461,0.28003684,
7441462,0.23323712,
7441464,0.24155284,
7441465,0.31813446,
7441466,0.3884158,
7441467,0.32900816,
7441468,0.25931498,
7441469,0.26545206,
7441470,0.23470686,
7441471,0.2865705,
7441472,0.3533484,
7441473,0.29177487,
7441474,0.3093478,
7441475,0.30789015,
7441477,0.33088687,
7441478,0.35963416,
7441561,0.81219745,
7441562,0.6398042,
7441564,0.6703918,
7441565,0.8115723,
7441566,0.8146102,
7441567,0.63037837,
7441570,0.7788706,
7441572,0.8162008,
7441573,0.79047215,
7441574,0.78025573,
7441575,0.67050576,
7441576,0.7774478,
7441577,0.8378286,
7441578,0.7627873,
7441579,0.8036953,
7441580,0.8000123,
7441581,0.5368424,
7441582,0.47391483,
7441583,0.7209662,
7441584,0.8538324,
7441585,0.5954102,
7441586,0.72452754,
7441587,0.85521483,
7441588,0.6982556,
7441589,0.7335914,
7441594,0.49947858,
7441595,0.662486,
7441596,0.673374,
7441598,0.8405653,
7441600,0.75610924,
7441601,0.74274135,
7441602,0.7520286,
7441603,0.8962529,
7441606,0.73499143,
7441610,0.857009,
7441614,0.8711013,
7441619,0.7820829,
7441624,0.60010934,
7441625,0.6948096,
7441627,0.7963211,
7441628,0.86483127,
7441629,0.7453119,
7441630,0.7947017,
7441631,0.7615451,
7441632,0.5630335,
7441633,0.6709911,
7441634,0.7100121,
7441635,0.7820806,
7441637,0.8516455,
7441639,0.63812536,
7441640,0.8263394,
7441641,0.52434444,
7441642,0.7748257,
7441643,0.83467627,
7441644,0.85304666,
7441645,0.6824575,
7441904,0.82860976,
7441994,0.8066145,
7441995,0.76255476,
7442152,0.8681597,
7442167,0.8486209,
7442168,0.8193929,
7442186,0.84969527,
7442187,0.8528052,
7442188,0.8123301,
7442189,0.7366051,
7442190,0.7947618,
7442191,0.78846365,
7442192,0.81998336,
7442193,0.8651697,
7442194,0.7450071,
7442195,0.7806283,
7442201,0.57234895,
7442203,0.8217966,
7442204,0.8065626,
7442230,0.8296221,
7442236,0.7913346,
7442237,0.8192062,
7442238,0.6354404,
7442239,0.6632576,
7442240,0.8339948,
7442241,0.88151574,
7442242,0.7710829,
7442243,0.8540262,
7442244,0.7947715,
7442245,0.8801124,
7442246,0.8953935,
7442247,0.8439801,
7442248,0.8530095,
7442249,0.8474545,
7442250,0.85335565,
7442251,0.74070877,
7442252,0.8816322,
7442294,0.8251137,
7442296,0.84650725,
7442297,0.85638607,
7442298,0.8231608,
7442304,0.7357316,
7442305,0.76623756,
7442306,0.695333,
7442307,0.6403218,
7442308,0.67090803,
7442311,0.76130885,
7442312,0.7576211,
7442313,0.8806974,
7442314,0.69694513,
7442315,0.6306037,
7442316,0.71070087,
7442317,0.7580433,
7442334,0.50264114,
7442335,0.6856498,
7442336,0.82151234,
7442337,0.8300334,
7442338,0.88430756,
7442339,0.775849,
7442344,0.764161,
7442374,0.8084211,
7442375,0.8290833,
7442513,0.6442893,
7442514,0.6907986,
7442515,0.7888468,
7442516,0.6432736,
7442564,0.86450464,
7442778,0.6725947,
7442779,0.7808495,
7442780,0.7110458,
7442781,0.7880556,
7442782,0.7821231,
7442783,0.781458,
7442784,0.6926194,
7442785,0.6640971,
7442786,0.6564593,
7442787,0.75445837,
7442788,0.74262094,
7442789,0.8452447,
7442790,0.7604599,
7442791,0.91423506,
7442792,0.88454366,
7442793,0.7764215,
7442794,0.89078444,
7442795,0.64215153,
7442796,0.51589376,
7442797,0.7361779,
7442798,0.72242,
7442799,0.6144977,
7442800,0.6941886,
7442801,0.9084213,
7442802,0.89414346,
7442803,0.78014266,
7442804,0.68381584,
7442805,0.8396577,
7442806,0.6109715,
7442810,0.9173217,
7442814,0.83902353,
7442815,0.74849766,
7443301,0.77395266,
7443302,0.800129,
7443304,0.62085295,
7443305,0.73411405,
7443306,0.57650733,
7443307,0.51985586,
7443308,0.75639415,
7443309,0.837543,
7443311,0.851631,
7443313,0.6954139,
7443314,0.887685,
7443317,0.6933507,
7443365,0.87636864,
7443366,0.7960747,
7443367,0.6910978,
7443368,0.83002365,
7443369,0.8080294,
7443370,0.7971842,
7443371,0.8246217,
7443372,0.5077702,
7443373,0.7585812,
7443374,0.7163012,
7443375,0.8706914,
7443380,0.73626655,
7443381,0.9006938,
7443383,0.80623144,
7443384,0.8461089,
7443385,0.8223337,
7443386,0.82037175,
7443387,0.8291824,
7443388,0.79290617,
7443389,0.85138845,
7443390,0.8349512,
7443391,0.66687644,
7443392,0.79422975,
7443395,0.7816768,
7443396,0.72996515,
7443398,0.53072953,
7443399,0.79528165,
7443400,0.8186391,
7443402,0.8254881,
7443404,0.8653419,
7443407,0.72920376,
7443408,0.7970743,
7443414,0.8240802,
7443416,0.8294614,
7443417,0.86604965,
7443418,0.8789533,
7443419,0.88142633,
7443421,0.8293394,
7443422,0.83689994,
7443423,0.836776,
7443424,0.86366874,
7443425,0.8496823,
7443426,0.82456553,
7443429,0.8894228,
7443430,0.82520926,
7443431,0.7775258,
7443432,0.774893,
7443433,0.74585986,
7443434,0.92028457,
7443435,0.92107433,
7443437,0.72103643,
7443438,0.75136125,
7443439,0.8575276,
7443440,0.8570721,
7443441,0.7818248,
7443442,0.8080347,
7443443,0.85661024,
7443444,0.7799213,
7443445,0.8261551,
7443446,0.7924616,
7443447,0.8309049,
7443448,0.832284,
7443489,0.8519336,
7443514,0.8436212,
7443515,0.8747663,
7443551,0.7514125,
7443552,0.7456302,
7443553,0.8769719,
7443554,0.9034917,
7443555,0.8147787,
7443556,0.8412944,
7444334,0.591054,
7444335,0.57873636,
7445123,0.88560003,
7445124,0.8326915,
7445125,0.78706896,
7445126,0.79338115,
7445127,0.7156169,
7445128,0.8763208,
7445129,0.78353405,
7445130,0.82220984,
7445131,0.7975724,
7445132,0.82009965,
7445133,0.8549294,
7445134,0.8706833,
7445135,0.8810858,
7445168,0.7685138,
7445175,0.8860605,
7445176,0.81988466,
7445182,0.8391214,
7445184,0.91613615,
7445186,0.8264046,
7445187,0.91725093,
7445199,0.90902513,
7445200,0.8883898,
7445201,0.84758854,
7445202,0.82702863,
7445210,0.67689437,
7445239,0.84633845,
7445261,0.46071082,
7445262,0.47680855,
7445280,0.71006334,
7445502,0.8693745,
7445512,0.9103867,
7445553,0.705362,
7445555,0.7501718,
7445561,0.7651373,
7445563,0.8718328,
7445564,0.8738026,
7445567,0.83426994,
7445568,0.8143178,
7445804,0.68247503,
7445807,0.7784028,
7445808,0.7474609,
7445809,0.7413616,
7445811,0.80194914,
7445813,0.8045057,
7445815,0.85450524,
7445816,0.9079242,
7445817,0.8899295,
7445818,0.7927059,
7445819,0.8491915,
7445820,0.7495792,
7445905,0.70477474,
7445907,0.8184445,
7445913,0.7257525,
7445915,0.804993,
7445916,0.8136163,
7445926,0.76420337,
7445927,0.80044603,
7445928,0.7109452,
7445930,0.8560668,
7445931,0.6803247,
7445933,0.8690619,
7445934,0.8718595,
7445935,0.6552425,
7445936,0.7105987,
7445938,0.70371896,
7445941,0.6323398,
7445942,0.56730324,
7445949,0.76990837,
7445950,0.78662884,
7445951,0.8222309,
7445952,0.7227588,
7445953,0.76714176,
7445954,0.76027054,
7445955,0.83618677,
7445956,0.83354837,
7445958,0.7698904,
7445968,0.7219049,
7445969,0.7171754,
7445970,0.87818193,
7445971,0.89060146,
7445972,0.8324465,
7445973,0.8577489,
7445974,0.7704189,
7445975,0.7781231,
7445976,0.80105555,
7445978,0.74980146,
7445979,0.7149832,
7445981,0.7135382,
7445982,0.8743555,
7445983,0.853794,
7445984,0.8561352,
7445985,0.8343531,
7445986,0.8303473,
7445993,0.78680575,
7445994,0.69123656,
7445995,0.7086038,
7445997,0.7481539,
7445998,0.78556466,
7446000,0.80400187,
7446017,0.88430554,
7446018,0.8642904,
7446019,0.8695119,
7446020,0.91951317,
7446021,0.89176035,
7446022,0.8759717,
7446024,0.86921847,
7446025,0.85601693,
7446026,0.88388765,
7446028,0.89890516,
7446029,0.89134157,
7446032,0.74774444,
7446046,0.8411765,
7446306,0.8785761,
7446307,0.8391656,
7446309,0.7951542,
7446310,0.71899027,
7446311,0.8225893,
7446312,0.66214377,
7446313,0.81088865,
7446314,0.91347516,
7446315,0.9352879,
7446355,0.8346229,
7446356,0.88790596,
7446357,0.86795056,
7446358,0.87785506,
7446359,0.8578256,
7446363,0.86197305,
7446364,0.8480786,
7446365,0.8337469,
7446366,0.88803065,
7446367,0.86115617,
7446368,0.8847171,
7446369,0.7875598,
7446370,0.81524014,
7446371,0.81248444,
7446372,0.82688266,
7446373,0.78575623,
7446376,0.7030179,
7446377,0.67594874,
7446378,0.90219235,
7446379,0.772564,
7446380,0.8377679,
7446381,0.8463054,
7446442,0.8677122,
7446863,0.8419913,
7446927,0.84358734,
7446928,0.8496893,
7446929,0.8472206,
7446931,0.78286797,
7446932,0.80078346,
7446933,0.81931597,
7446934,0.8233035,
7446935,0.8258338,
7446937,0.8616885,
7446938,0.5656325,
7446954,0.6008335,
7446955,0.61220646,
7447186,0.8444958,
7447187,0.84104234,
7447193,0.8494051,
7447878,0.7474353,
7447880,0.6574327,
7447881,0.8093535,
7447882,0.6167669,
7447883,0.84556466,
7447884,0.8736369,
7447885,0.69238716,
7447886,0.5700592,
7447887,0.70193243,
7447888,0.6630852,
7447889,0.75135183,
7447890,0.7596131,
7447891,0.66928816,
7447892,0.8317062,
7447893,0.82501775,
7447894,0.6475367,
7447895,0.9159886,
7447896,0.8410368,
7447897,0.7517767,
7447898,0.7469731,
7447899,0.7115807,
7447900,0.7537069,
7447901,0.6496469,
7447902,0.80901635,
7447903,0.7743345,
7447904,0.7982999,
7447905,0.802934,
7447906,0.75368065,
7447907,0.690506,
7447908,0.7659767,
7447909,0.77380395,
7447910,0.91020066,
7447911,0.84055066,
7447913,0.8266781,
7447914,0.84853953,
7447915,0.83563095,
7447916,0.4937879,
7447917,0.61633974,
7447926,0.5163451,
7447927,0.42578945,
7447928,0.3991067,
7447929,0.36004674,
7448002,0.75246173,
7448003,0.743771,
7448004,0.8820884,
7448005,0.75569683,
7448006,0.7924227,
7448007,0.81977314,
7448008,0.73662776,
7448009,0.83068466,
7448222,0.6950026,
7448223,0.80456257,
7448243,0.7984778,
7448244,0.7354775,
7448245,0.797668,
7448246,0.80891037,
7448485,0.83377624,
7448486,0.7893771,
7448487,0.8686386,
7448488,0.88937676,
7448489,0.81638956,
7448490,0.8283143,
7448491,0.8692851,
7448492,0.846077,
7448493,0.81704044,
7448494,0.860727,
7448495,0.8171396,
7448496,0.86970454,
7448497,0.8750307,
7448498,0.8220292,
7448499,0.83959824,
7448500,0.82996,
7448501,0.8429801,
7448502,0.8184348,
7448503,0.80763835,
7448504,0.7846744,
7448505,0.8151904,
7448506,0.7607361,
7448507,0.7914711,
7448508,0.86438465,
7448509,0.8060479,
7448510,0.69134957,
7448511,0.86342245,
7448512,0.89065754,
7448513,0.8023433,
7448514,0.8606357,
7448515,0.86105883,
7448516,0.8356498,
7448517,0.89026713,
7448518,0.86050916,
7448523,0.7804198,
7448524,0.8435297,
7448525,0.8881359,
7448526,0.72631484,
7448527,0.7255675,
7448528,0.7389336,
7448530,0.5956872,
7448532,0.81309044,
7448533,0.8370665,
7448534,0.66489255,
7448535,0.8297082,
7448536,0.8430911,
7448537,0.77054024,
7448538,0.81505525,
7448539,0.7902653,
7448541,0.7813464,
7448543,0.89617366,
7448544,0.8185745,
7448545,0.88031214,
7448546,0.91981214,
7448548,0.79445,
7448573,0.61312145,
7448574,0.71465826,
7448575,0.67572486,
7448576,0.752218,
7448577,0.7078243,
7448579,0.8568297,
7448580,0.8717719,
7448581,0.8722533,
7448582,0.85922307,
7448583,0.8875435,
7448584,0.89019966,
7448593,0.89901567,
7448594,0.86370397,
7448595,0.7818897,
7448596,0.63308746,
7448597,0.65735286,
7448598,0.6938399,
7448599,0.6460537,
7448600,0.82821375,
7448601,0.7483796,
7448602,0.6820098,
7448603,0.80366766,
7448604,0.73103845,
7448606,0.85335344,
7448819,0.8332524,
7448820,0.84744364,
7448821,0.85704297,
7448822,0.79060304,
7448917,0.8248503,
7448958,0.8682591,
7448959,0.9184948,
7448960,0.7826335,
7448961,0.87331235,
7448962,0.814825,
7448963,0.77729493,
7448964,0.8734448,
7448965,0.8095493,
7448966,0.6471994,
7448967,0.6978085,
7448968,0.65591997,
7448969,0.48473352,
7448980,0.9155359,
7448981,0.9200888,
7448982,0.86357063,
7448983,0.8847126,
7448989,0.8897642,
7449409,0.810629,
7449410,0.84451145,
7449411,0.8536114,
7449417,0.7752732,
7449418,0.8520288,
7449419,0.67488796,
7449420,0.7155231,
7449421,0.8324168,
7449422,0.6961991,
7449425,0.8022362,
7449426,0.80002767,
7449427,0.76521075,
7449428,0.7075349,
7449429,0.7131471,
7449430,0.8084685,
7449431,0.62745464,
7449433,0.7913947,
7449434,0.64958256,
7449435,0.65829426,
7449436,0.7935934,
7449437,0.8217499,
7449438,0.69744134,
7449439,0.64542496,
7449440,0.85518426,
7449441,0.8324765,
7449442,0.84065175,
7449443,0.5628461,
7449444,0.6384927,
7449446,0.67692184,
7449447,0.6228408,
7449448,0.6747211,
7449449,0.63609713,
7449451,0.73156875,
7449453,0.6620207,
7449466,0.75500166,
7449467,0.66668075,
7449468,0.71584094,
7449469,0.8732375,
7449471,0.69522464,
7449473,0.5399181,
7449474,0.73757654,
7449475,0.85184145,
7449476,0.77126884,
7449490,0.5383684,
7449491,0.5265762,
7449492,0.50575155,
7449493,0.70826364,
7449494,0.6717546,
7449495,0.70078456,
7449496,0.6767444,
7449758,0.6050027,
7449759,0.47356886,
7449760,0.5242822,
7449761,0.5467288,
7449762,0.6204534,
7449763,0.59739447,
7449764,0.71748114,
7449882,0.8693041,
7449883,0.8536485,
7449884,0.82686436,
7449885,0.79340297,
7449886,0.8242397,
7449887,0.84743303,
7449888,0.8490993,
7449889,0.82108575,
7449890,0.831561,
7449891,0.81366783,
7449892,0.5042004,
7449930,0.8375792,
7449931,0.8350103,
7449932,0.88504124,
7449933,0.81382257,
7449934,0.85774946,
7449935,0.83880144,
7449936,0.8937467,
7449937,0.7539684,
7449938,0.6979826,
7449939,0.6713189,
7449940,0.76000464,
7449941,0.71891236,
7449942,0.83028793,
7449943,0.7142598,
7449944,0.755361,
7449945,0.761764,
7449946,0.8250414,
7449947,0.86751926,
7449948,0.852014,
7449949,0.84103554,
7449950,0.8482648,
7449951,0.84689677,
7449952,0.83417886,
7449953,0.83003336,
7449954,0.8253545,
7449955,0.7489565,
7449956,0.77656186,
7449957,0.74931264,
7449958,0.802866,
7449959,0.8823034,
7449960,0.90728915,
7449961,0.92373484,
7449962,0.5511803,
7449963,0.7502975,
7449964,0.77074134,
7449965,0.75636405,
7449966,0.7495237,
7449967,0.6687706,
7449968,0.73888355,
7449969,0.785447,
7449970,0.7254156,
7449971,0.7982784,
7449972,0.6742545,
7449973,0.6331611,
7449974,0.7571731,
7449975,0.7567896,
7449976,0.76413846,
7449977,0.85494536,
7449978,0.86378366,
7449979,0.8452505,
7449980,0.7810193,
7449981,0.7513781,
7449982,0.74043465,
7449983,0.86787677,
7449984,0.7834227,
7449985,0.7855138,
7449986,0.7574964,
7449987,0.79120094,
7449988,0.7834752,
7449989,0.8238243,
7449990,0.7929057,
7449991,0.5568409,
7449992,0.5258289,
7449993,0.41498807,
7449994,0.4501566,
7449995,0.5593153,
7449996,0.5297078,
7449997,0.51022536,
7449998,0.59049284,
7449999,0.42593852,
7450000,0.52243406,
7450001,0.47187528,
7450002,0.4156506,
7450003,0.52266634,
7450004,0.40573376,
7450005,0.45150498,
7450006,0.4973101,
7450007,0.7665441,
7450008,0.7305164,
7450009,0.8499499,
7450010,0.8299887,
7450011,0.7592832,
7450012,0.7578285,
7450013,0.77798015,
7450014,0.803107,
7450015,0.89662325,
7450016,0.8536518,
7450017,0.87809354,
7450019,0.7243941,
7450021,0.7338362,
7450022,0.79848516,
7450023,0.8149504,
7450024,0.8127158,
7450025,0.757924,
7450026,0.8728791,
7450027,0.8507493,
7450028,0.7897582,
7450029,0.78929734,
7450030,0.8637193,
7450031,0.82467085,
7450032,0.89369994,
7450033,0.8512597,
7450034,0.8770502,
7450105,0.75666213,
7450106,0.57924885,
7450107,0.56409794,
7450108,0.6350105,
7450110,0.7145701,
7450112,0.5441766,
7450113,0.5911989,
7450114,0.69262207,
7450115,0.5589711,
7450116,0.6196216,
7450117,0.5709696,
7450118,0.5618016,
7450119,0.6414702,
7450137,0.8311466,
7450138,0.71922505,
7450139,0.8119254,
7450141,0.7723933,
7450142,0.7939323,
7450143,0.8104148,
7450144,0.8414622,
7450145,0.7917765,
7450146,0.8108512,
7450147,0.7481324,
7450148,0.83221585,
7450149,0.78721344,
7450150,0.73437375,
7450151,0.8891838,
7450152,0.8438598,
7450154,0.7508952,
7450157,0.782115,
7450158,0.7269478,
7450159,0.8005122,
7450161,0.7520937,
7450162,0.68596053,
7450163,0.65461344,
7450165,0.7206155,
7450166,0.7674931,
7450167,0.609628,
7450168,0.6281028,
7450169,0.5607616,
7450170,0.62550056,
7450171,0.6827814,
7450233,0.73911107,
7450248,0.8535973,
7450951,0.86033905,
7450952,0.90118766,
7450953,0.8287969,
7450954,0.8688072,
7451049,0.6610965,
7451106,0.5637744,
7451107,0.5569539,
7451108,0.62740445,
7451109,0.6459752,
7451110,0.6995404,
7451111,0.7286523,
7451112,0.6965174,
7451113,0.6705251,
7451114,0.587583,
7451115,0.62218094,
7451116,0.44655138,
7451118,0.46582136,
7451119,0.46101567,
7451157,0.8176778,
7451189,0.73925537,
7451190,0.6455833,
7451191,0.649145,
7451192,0.71911436,
7451193,0.5915945,
7451194,0.732299,
7451195,0.45820075,
7451196,0.5496841,
7451197,0.64336914,
7451198,0.6260836,
7451199,0.6071743,
7451200,0.5695166,
7451299,0.61892503,
7451304,0.6147494,
7451305,0.57155216,
7451406,0.2790029,
7451407,0.31644988,
7451408,0.35657564,
7451409,0.2888713,
7451410,0.3491472,
7451411,0.29566386,
7451412,0.28095242,
7451413,0.292748,
7451414,0.25867826,
7451415,0.26707947,
7451416,0.2430515,
7451417,0.23173688,
7451418,0.3202784,
7451419,0.25014347,
7451420,0.29581863,
7451421,0.32075462,
7451423,0.30311453,
7451424,0.27367702,
7451425,0.29367614,
7451426,0.31732875,
7451427,0.28374586,
7451428,0.2776794,
7451429,0.46307763,
7451430,0.35974878,
7451431,0.36084422,
7451435,0.27943346,
7451436,0.23342526,
7451517,0.79878926,
7451518,0.8270055,
7451519,0.8118157,
7451598,0.8305382,
7451672,0.7025807,
7451678,0.80903715,
7451764,0.6112214,
7451765,0.55851114,
7451770,0.5637632,
7451773,0.57608914,
7451774,0.57200396,
7451780,0.5824108,
7451893,0.57493496,
7451896,0.5319842,
7451897,0.5483539,
7451898,0.5482755,
7451899,0.5708795,
7451900,0.5462311,
7451901,0.52247053,
7451902,0.54659486,
7451905,0.7229043,
7451906,0.54573095,
7451907,0.651668,
7451908,0.6512683,
7452007,0.858123,
7452008,0.74966675,
7452009,0.7534365,
7452010,0.75520307,
7452011,0.48978677,
7452012,0.7257937,
7452013,0.8217155,
7452014,0.41694608,
7452201,0.84368396,
7452202,0.8921026,
7452203,0.54943573,
7452204,0.5234648,
7452205,0.7570734,
7452206,0.81081074,
7452207,0.83440787,
7452208,0.8203712,
7452209,0.87344193,
7452210,0.6245291,
7452211,0.7476322,
7452213,0.7682492,
7452214,0.75226873,
7452215,0.6290624,
7452216,0.6430651,
7452217,0.5003921,
7452218,0.43289548,
7452219,0.57269025,
7452220,0.7855634,
7452221,0.33515218,
7452222,0.60366756,
7452223,0.73854953,
7452224,0.38895306,
7452225,0.69866675,
7452226,0.6114172,
7452227,0.7188516,
7452228,0.6449928,
7452229,0.56877863,
7452230,0.53008944,
7452231,0.5716299,
7452232,0.40183038,
7452233,0.47290003,
7452234,0.85279906,
7452235,0.4659105,
7452236,0.5344257,
7452237,0.48117346,
7452238,0.8122058,
7452239,0.7124333,
7452240,0.55093336,
7452241,0.8155184,
7452242,0.66263145,
7452243,0.8919663,
7452653,0.7652501,
7452654,0.85122484,
7452655,0.83663493,
7452656,0.76413846,
7452657,0.81522477,
7452658,0.4748453,
7452659,0.77299017,
7452660,0.8726573,
7452712,0.8215423,
7452713,0.85038126,
7452714,0.83992976,
7452715,0.8691606,
7452716,0.8673578,
7452717,0.85868716,
7452718,0.8635301,
7452719,0.85003436,
7452720,0.8133309,
7452721,0.83315927,
7452722,0.86891794,
7452723,0.8306343,
7452725,0.83121824,
7452783,0.85701233,
7452784,0.812129,
7452785,0.82550704,
7452786,0.8004438,
7452787,0.6978176,
7452789,0.82775056,
7452790,0.8277433,
7452791,0.82458836,
7452792,0.83753425,
7452834,0.8490688,
7452836,0.88319826,
7452837,0.8741298,
7452851,0.82901996,
7452916,0.74561065,
7452917,0.78291315,
7452918,0.724869,
7452919,0.48707238,
7452920,0.7954903,
7452921,0.6239403,
7452922,0.76363176,
7452923,0.7603316,
7452924,0.8191385,
7452925,0.7057355,
7452926,0.6541075,
7452927,0.72555923,
7452928,0.78131217,
7452929,0.8816957,
7452930,0.7431826,
7452932,0.69825506,
7452933,0.8913914,
7452934,0.6084611,
7452936,0.7917868,
7452937,0.6210194,
7452938,0.7537973,
7452940,0.6882751,
7452941,0.83606035,
7452942,0.8115513,
7452943,0.5035592,
7452944,0.69937444,
7452945,0.83405024,
7452946,0.6709008,
7452947,0.6775883,
7452948,0.58809245,
7452949,0.7944356,
7452950,0.7172758,
7452951,0.7261283,
7452952,0.5131962,
7452955,0.89887816,
7452957,0.5256164,
7452958,0.5573286,
7452959,0.6982251,
7452960,0.5553599,
7452993,0.66921896,
7452994,0.7644725,
7452996,0.66612446,
7452997,0.75438,
7452998,0.5738092,
7452999,0.7600452,
7453000,0.7654897,
7453001,0.7167062,
7453002,0.6606327,
7453003,0.64436334,
7453004,0.5109901,
7453005,0.6146636,
7453006,0.5814596,
7453007,0.6884892,
7453008,0.7401815,
7453009,0.7082883,
7453010,0.7272586,
7453011,0.58403414,
7453012,0.77409196,
7453013,0.4618569,
7453014,0.75733215,
7453015,0.8085891,
7453016,0.77534324,
7453017,0.8199627,
7453018,0.48814222,
7453019,0.41948718,
7453020,0.8380272,
7453021,0.6267006,
7453023,0.5811295,
7453024,0.658751,
7453025,0.5724649,
7453026,0.8787922,
7453027,0.8518812,
7453032,0.27926058,
7453033,0.27626625,
7453034,0.31492162,
7453035,0.31463045,
7453036,0.29436362,
7453037,0.33350313,
7453091,0.6793714,
7453123,0.832011,
7453125,0.75664127,
7453126,0.8049806,
7453166,0.72647995,
7453167,0.6874694,
7453168,0.7941869,
7453169,0.84655607,
7453170,0.86059016,
7453171,0.59084684,
7453172,0.8205653,
7453173,0.72689503,
7453174,0.42551023,
7453175,0.78762054,
7453176,0.7027732,
7453177,0.8339084,
7453178,0.7110959,
7453179,0.87312096,
7453180,0.8815975,
7453181,0.79809505,
7453182,0.74162024,
7453183,0.73000115,
7453184,0.7870717,
7453185,0.8597941,
7453186,0.7090324,
7453187,0.7173263,
7453188,0.83650565,
7453189,0.807821,
7453191,0.7842983,
7453192,0.77180564,
7453193,0.754762,
7453194,0.80749345,
7453195,0.8120795,
7453196,0.71549255,
7453197,0.7212442,
7453198,0.64374363,
7453199,0.8185675,
7453200,0.7959717,
7453201,0.854706,
7453202,0.8320302,
7453203,0.8417566,
7453204,0.7390451,
7453205,0.7246734,
7453206,0.7928989,
7453207,0.64642584,
7453208,0.88905925,
7453209,0.80368215,
7453210,0.81534517,
7453211,0.8465564,
7453212,0.7921592,
7453213,0.76609546,
7453214,0.7915751,
7453215,0.8842347,
7453216,0.8390315,
7453217,0.598992,
7453218,0.8568298,
7453219,0.76030034,
7453220,0.6580089,
7453221,0.6467812,
7453222,0.54521114,
7453223,0.6449843,
7453224,0.7676235,
7453225,0.6600087,
7453226,0.76969916,
7453227,0.7638382,
7453228,0.627593,
7453229,0.823752,
7453231,0.7026783,
7453232,0.73460597,
7453233,0.7714459,
7453235,0.7040983,
7453237,0.81456286,
7453238,0.794672,
7453239,0.8183897,
7453240,0.7735121,
7453251,0.91179216,
7453252,0.7281298,
7453253,0.7106044,
7453254,0.77935684,
7453255,0.88294154,
7453256,0.8250053,
7453259,0.7678983,
7453260,0.5707649,
7453261,0.8325349,
7453262,0.8960704,
7453263,0.8028932,
7453264,0.7848062,
7453265,0.8036424,
7453266,0.7151748,
7453267,0.7023786,
7453268,0.74041325,
7453269,0.7811876,
7453270,0.74013925,
7453271,0.81535274,
7453272,0.79675967,
7453273,0.44725224,
7453274,0.6134828,
7453275,0.6418831,
7453276,0.81949437,
7453277,0.85366523,
7453279,0.8216978,
7453280,0.6998814,
7453281,0.6442841,
7453292,0.49926153,
7453293,0.49827105,
7453294,0.4104159,
7453295,0.48161313,
7453296,0.4346807,
7453297,0.4738424,
7453298,0.4588331,
7453375,0.8284887,
7453376,0.8148997,
7453377,0.7327343,
7453378,0.7340764,
7453379,0.77203304,
7453380,0.8428034,
7453381,0.6051434,
7453382,0.6056692,
7453383,0.4568371,
7453384,0.39845696,
7453385,0.70712876,
7453386,0.7566657,
7453388,0.5536066,
7453389,0.65114933,
7453390,0.7757579,
7453391,0.6920341,
7453392,0.7529575,
7453393,0.5362917,
7453394,0.69764,
7453447,0.84394455,
7453448,0.6715834,
7453449,0.77215004,
7453450,0.5180581,
7453451,0.7394787,
7453456,0.82007354,
7453457,0.8385506,
7453458,0.8417779,
7453461,0.87562895,
7453462,0.83463126,
7453463,0.7387151,
7453464,0.8174303,
7453465,0.8283887,
7453467,0.52947336,
7453468,0.46213484,
7453469,0.6291298,
7453470,0.40497735,
7453472,0.6779874,
7453483,0.8570231,
7453484,0.67399716,
7453485,0.86353946,
7453503,0.7213449,
7453504,0.8032651,
7453506,0.7063476,
7453727,0.92214906,
7453729,0.7414895,
7453732,0.74410135,
7453733,0.76231897,
7453734,0.61923516,
7453735,0.7590592,
7453736,0.6009881,
7453737,0.81643295,
7453738,0.71705395,
7453739,0.76931435,
7453740,0.7540238,
7453741,0.80169827,
7453742,0.8904214,
7453743,0.7166362,
7453744,0.79570043,
7453745,0.76989233,
7453746,0.80139065,
7453747,0.8247709,
7453748,0.7640068,
7453752,0.8830137,
7453753,0.85791993,
7453754,0.7498305,
7453755,0.6707029,
7453756,0.8039427,
7453757,0.71980727,
7453770,0.8877467,
7453771,0.8616414,
7453882,0.83177876,
7453883,0.7897884,
7453884,0.81814533,
7453885,0.8121325,
7453886,0.8220339,
7453887,0.84410894,
7453888,0.8932298,
7453889,0.85110295,
7453890,0.87358016,
7453891,0.7895471,
7453892,0.82078516,
7453893,0.8904764,
7453894,0.8250005,
7453895,0.89732337,
7453896,0.89678913,
7453897,0.8880529,
7453898,0.8773699,
7453909,0.80949515,
7453910,0.8596764,
7453915,0.7353729,
7453916,0.81931204,
7453917,0.65174085,
7453918,0.8446973,
7453919,0.80389076,
7453920,0.6986837,
7453921,0.7572331,
7453922,0.8175257,
7453923,0.82897854,
7454288,0.70309377,
7454293,0.79322386,
7454294,0.8318285,
7454297,0.7031311,
7454307,0.78293735,
7454309,0.79756165,
7454310,0.8321369,
7454337,0.84832996,
7454582,0.7392798,
7454607,0.855421,
7454608,0.79357153,
7454609,0.7612056,
7454610,0.84459,
7454611,0.5436635,
7454612,0.36889556,
7454793,0.2817387,
7454794,0.24010845,
7454796,0.33251858,
7454797,0.28900084,
7454798,0.3148642,
7454799,0.28654364,
7454800,0.39442134,
7454801,0.290663,
7454802,0.35435832,
7454803,0.2751996,
7454804,0.23938946,
7454805,0.28936446,
7454806,0.23473181,
7454807,0.27114105,
7454809,0.30176717,
7454818,0.7091271,
7454819,0.69449145,
7454820,0.54269767,
7454821,0.5556413,
7454822,0.7537335,
7454823,0.7099492,
7454824,0.76229525,
7454825,0.7344331,
7454826,0.621965,
7454827,0.7309888,
7454828,0.81771415,
7454829,0.85456836,
7454830,0.7534997,
7454832,0.82697535,
7454833,0.8709176,
7454835,0.68685067,
7454836,0.8553256,
7454837,0.81711495,
7454838,0.8126454,
7454840,0.804023,
7454841,0.7661461,
7454842,0.84147346,
7454843,0.80334365,
7454844,0.82399666,
7454845,0.903708,
7454848,0.89632535,
7454849,0.8354557,
7454852,0.809157,
7454858,0.8112347,
7454860,0.88030046,
7454861,0.7753116,
7454862,0.7734876,
7454869,0.8626861,
7454870,0.8506216,
7454872,0.83366275,
7454873,0.82986796,
7454874,0.7410851,
7454875,0.8265099,
7454876,0.8046909,
7454877,0.8073642,
7454878,0.7647422,
7454879,0.6826998,
7454880,0.8147914,
7454881,0.85138595,
7454882,0.8578435,
7454883,0.8258154,
7454884,0.8555,
7454885,0.8239127,
7454886,0.84173685,
7454887,0.65635353,
7454888,0.7733553,
7454889,0.6946709,
7454890,0.75941384,
7454891,0.7705432,
7454892,0.7209367,
7454893,0.8012633,
7454894,0.86106217,
7454895,0.79164314,
7454896,0.8169725,
7454897,0.8165226,
7454900,0.5342562,
7454901,0.46250504,
7454902,0.514879,
7454903,0.5867725,
7454904,0.5242583,
7454905,0.50824994,
7454906,0.551619,
7454907,0.47463918,
7454908,0.49571162,
7454909,0.48394075,
7454911,0.7436457,
7454912,0.7511407,
7454913,0.65128356,
7454914,0.64868915,
7454915,0.67040074,
7454916,0.6502781,
7454918,0.6023606,
7454919,0.57674754,
7454920,0.64069706,
7454921,0.74127686,
7454922,0.6353429,
7454923,0.67245656,
7454924,0.7585296,
7454925,0.6095259,
7454927,0.8506396,
7454928,0.80583876,
7454929,0.8373738,
7454930,0.81066394,
7454931,0.8350629,
7454932,0.83041894,
7454933,0.8323394,
7454934,0.79033273,
7454935,0.83509946,
7454936,0.7740339,
7454940,0.8387809,
7454941,0.8075432,
7454942,0.78956753,
7454968,0.79063815,
7454969,0.8424523,
7454970,0.84393257,
7454971,0.83422506,
7454973,0.7891392,
7454974,0.8451295,
7454975,0.7979186,
7454976,0.8084799,
7454977,0.8256063,
7454978,0.82116127,
7454979,0.7969986,
7454980,0.82625574,
7454981,0.820693,
7454982,0.8378999,
7454983,0.8329541,
7454984,0.7890564,
7454985,0.7590235,
7454986,0.8047123,
7454987,0.8099853,
7454988,0.8099853,
7454989,0.7921086,
7454990,0.8165292,
7454991,0.7920232,
7454992,0.83289146,
7454999,0.8208796,
7455000,0.84262204,
7455001,0.8211562,
7455002,0.81375366,
7455003,0.8344581,
7455004,0.8113449,
7455005,0.81788415,
7455006,0.857053,
7455007,0.7996502,
7455008,0.81239045,
7455009,0.82552356,
7455010,0.83154273,
7455011,0.81224763,
7455012,0.8041522,
7455013,0.805941,
7455014,0.80819184,
7455015,0.78992003,
7455016,0.8099853,
7455017,0.79631716,
7455018,0.810524,
7455019,0.7780497,
7455020,0.82791686,
7455021,0.81600094,
7455087,0.83317053,
7455088,0.8405231,
7455089,0.8189943,
7455090,0.79954904,
7455091,0.7805311,
7455093,0.744341,
7455094,0.777984,
7455095,0.90065455,
7455096,0.76590693,
7455097,0.85361636,
7455098,0.85048234,
7455100,0.79237074,
7455102,0.78157496,
7455103,0.94257265,
7455104,0.89916974,
7455105,0.9299868,
7455108,0.7192019,
7455110,0.87419724,
7455111,0.86270666,
7455112,0.61795187,
7455113,0.71109134,
7455115,0.651772,
7455116,0.777066,
7455118,0.8209705,
7455119,0.51561886,
7455120,0.81536597,
7455121,0.80461735,
7455122,0.80783755,
7455123,0.6048497,
7455124,0.803374,
7455125,0.8123017,
7455126,0.7765887,
7455127,0.78349704,
7455128,0.62447655,
7455129,0.7776675,
7455130,0.802089,
7455131,0.8254954,
7455134,0.7113107,
7455135,0.6232896,
7455136,0.7660585,
7455137,0.8237582,
7455138,0.7413021,
7455139,0.79982513,
7455142,0.9001818,
7455143,0.88682795,
7455144,0.8218676,
7455145,0.8476797,
7455147,0.90837747,
7455148,0.88592285,
7455149,0.8553841,
7455150,0.86473167,
7455151,0.8866523,
7455152,0.8871978,
7455153,0.8331619,
7455154,0.81529266,
7455157,0.81450194,
7455158,0.8197706,
7455165,0.7367167,
7455175,0.87049043,
7455181,0.7090264,
7455182,0.68071175,
7455183,0.714318,
7455184,0.5938951,
7455185,0.5832851,
7455186,0.67592907,
7455187,0.77333343,
7455189,0.7302154,
7455190,0.80921584,
7455191,0.8406327,
7455192,0.8991951,
7455193,0.8957074,
7455194,0.8863599,
7455197,0.7567388,
7455198,0.79855484,
7455199,0.84196967,
7455200,0.7285712,
7455201,0.80951804,
7455217,0.8488885,
7455218,0.918138,
7455219,0.9073923,
7455221,0.92322665,
7455222,0.93142074,
7455223,0.78797615,
7455224,0.9156009,
7455225,0.91649646,
7455226,0.8947211,
7455227,0.89514124,
7455228,0.9085944,
7455229,0.87806946,
7455230,0.8920249,
7455231,0.13465646,
7455398,0.566495,
7455399,0.459028,
7455400,0.47675225,
7455407,0.63368344,
7455408,0.66047025,
7455409,0.59689206,
7455410,0.61753273,
7455411,0.93636525,
7455412,0.8966795,
7455413,0.5682795,
7455414,0.65838844,
7455415,0.60227746,
7455416,0.74270254,
7455417,0.8041746,
7455418,0.7374566,
7455419,0.73766977,
7455420,0.6726552,
7455421,0.68249357,
7455422,0.7104976,
7455423,0.6702826,
7455424,0.8361223,
7455556,0.84691083,
7455558,0.7172236,
7455560,0.84170413,
7455561,0.8790709,
7455562,0.8677215,
7455563,0.7497324,
7455564,0.8367012,
7455565,0.82335585,
7455569,0.83836526,
7455570,0.7585073,
7455571,0.82707775,
7455572,0.7655705,
7455573,0.881388,
7455574,0.85076857,
7455575,0.7686017,
7455576,0.7748045,
7455577,0.8785495,
7455578,0.86473316,
7455579,0.8178131,
7455581,0.78028464,
7455582,0.7112387,
7455583,0.7142799,
7455584,0.72323555,
7455585,0.79398906,
7455586,0.72887486,
7455587,0.7498844,
7455609,0.8232528,
7455612,0.8469574,
7455643,0.5529933,
7455644,0.5592748,
7455746,0.69618773,
7455747,0.4556234,
7455748,0.46800426,
7455749,0.49615413,
7455751,0.8729376,
7455752,0.69086975,
7455753,0.7809321,
7455754,0.7553683,
7455755,0.8210373,
7455756,0.76424825,
7455770,0.59300315,
7455772,0.72308624,
7455773,0.6910829,
7455774,0.91748834,
7455775,0.89804626,
7455801,0.864074,
7455802,0.8724291,
7455828,0.78283817,
7455829,0.75501835,
7455830,0.551186,
7455831,0.7390787,
7455872,0.7594012,
7455880,0.830468,
7455884,0.7525798,
7455885,0.8321835,
7455886,0.67786014,
7455887,0.7956839,
7455888,0.7291483,
7455889,0.7586399,
7455890,0.64218456,
7455891,0.6097399,
7455893,0.6811186,
7455895,0.7628101,
7455896,0.7345305,
7455897,0.72198313,
7455905,0.7198563,
7455906,0.7989017,
7455909,0.8083074,
7455910,0.7281016,
7455911,0.6430523,
7455912,0.5582334,
7455973,0.7344197,
7456048,0.6076578,
7456049,0.6479647,
7456050,0.58188105,
7456051,0.702753,
7456052,0.6076785,
7456053,0.6682164,
7456054,0.60538155,
7456055,0.6886047,
7456056,0.51808345,
7456058,0.5587667,
7456059,0.71389174,
7456078,0.71333736,
7456079,0.9066002,
7456080,0.90574825,
7456081,0.7920979,
7456082,0.8092021,
7456083,0.8075316,
7456084,0.75616455,
7456085,0.7218397,
7456086,0.51460046,
7456087,0.8926652,
7456088,0.7889402,
7456089,0.8496791,
7456090,0.7261067,
7456091,0.7159832,
7456092,0.73861265,
7456093,0.7512003,
7456094,0.75084823,
7456095,0.58043826,
7456096,0.81014246,
7456097,0.5162519,
7456098,0.76488405,
7456099,0.8509139,
7456100,0.7600589,
7456101,0.49939346,
7456102,0.44441867,
7456103,0.71951133,
7456104,0.5231858,
7456105,0.66442853,
7456106,0.6614926,
7456107,0.57441396,
7456108,0.7928364,
7456109,0.8289437,
7456112,0.7505961,
7456113,0.85506827,
7456114,0.7572041,
7456115,0.7002491,
7456116,0.8863329,
7456117,0.6932624,
7456118,0.6693846,
7456119,0.87454957,
7456120,0.49473968,
7456121,0.9191245,
7456122,0.9207599,
7456123,0.8529438,
7456124,0.85340893,
7456125,0.59547853,
7456126,0.3868557,
7456127,0.37725934,
7456128,0.84965926,
7456129,0.8830303,
7456131,0.8658628,
7456132,0.8681682,
7456133,0.5650682,
7456134,0.65612227,
7456135,0.6476966,
7456136,0.68181854,
7456137,0.7864509,
7456138,0.74027807,
7456139,0.64839256,
7456140,0.63143045,
7456142,0.5441438,
7456143,0.6546605,
7456144,0.5947985,
7456145,0.741221,
7456146,0.78857625,
7456147,0.81602407,
7456148,0.8039212,
7456149,0.750813,
7456150,0.81594926,
7456151,0.6775088,
7456152,0.70944846,
7456153,0.5124713,
7456154,0.8616202,
7456155,0.8824956,
7456156,0.71055627,
7456157,0.6825379,
7456158,0.7577308,
7456159,0.5210975,
7456212,0.62868124,
7456213,0.67371243,
7456214,0.7087929,
7456222,0.7831644,
7456223,0.9036584,
7456224,0.8685488,
7456225,0.85713774,
7456226,0.65234834,
7456227,0.7776965,
7456228,0.7929826,
7456229,0.74816173,
7456230,0.83253044,
7456231,0.7677157,
7456232,0.78671473,
7456233,0.636086,
7456235,0.83540994,
7456236,0.8920386,
7456237,0.90070117,
7456238,0.6194156,
7456239,0.838704,
7456240,0.88855577,
7456241,0.94418633,
7456242,0.9446969,
7456243,0.82660276,
7456244,0.8465267,
7456245,0.93517804,
7456246,0.93803364,
7456247,0.68505174,
7456248,0.61338633,
7456249,0.83829916,
7456250,0.66710675,
7456251,0.8687647,
7456252,0.7554163,
7456253,0.84052634,
7456254,0.81393176,
7456255,0.768642,
7456256,0.7428632,
7456257,0.8857413,
7456258,0.92129827,
7456260,0.77407956,
7456261,0.7101472,
7456262,0.9031899,
7456263,0.8856865,
7456264,0.87313104,
7456265,0.83382636,
7456266,0.88228345,
7456267,0.8793079,
7456268,0.6842501,
7456269,0.8507072,
7456270,0.8797359,
7456271,0.89046615,
7456272,0.8357292,
7456273,0.8405584,
7456274,0.8774351,
7456276,0.87517023,
7456277,0.8598378,
7456278,0.7625557,
7456279,0.56030375,
7456280,0.87039095,
7456281,0.8794411,
7456282,0.879437,
7456285,0.62467605,
7456286,0.67250246,
7456287,0.8927505,
7456288,0.6405044,
7456289,0.82334334,
7456290,0.92522585,
7456291,0.60793215,
7456292,0.8131042,
7456295,0.56041956,
7456296,0.8481977,
7456576,0.6171494,
7456577,0.68071514,
7456578,0.60565495,
7456579,0.6309691,
7456580,0.6018251,
7456581,0.68534493,
7456582,0.6835587,
7456584,0.6278547,
7456585,0.5213823,
7456587,0.71298575,
7456588,0.7323149,
7456589,0.73253596,
7456590,0.6285694,
7456591,0.70662755,
7456592,0.6773262,
7456593,0.5840187,
7456594,0.7332729,
7456595,0.5853488,
7456596,0.7403861,
7456597,0.72902197,
7456598,0.73082983,
7456603,0.82342196,
7456604,0.85964763,
7456605,0.84743494,
7456606,0.8419261,
7456607,0.8740196,
7456608,0.8757424,
7456609,0.87624085,
7456610,0.84576243,
7456611,0.82544386,
7456612,0.85775214,
7456613,0.88621694,
7456615,0.8726786,
7456616,0.8601741,
7456617,0.8683891,
7456618,0.91054815,
7456619,0.89513034,
7456620,0.9043441,
7456621,0.8462764,
7456622,0.63182795,
7456624,0.7468497,
7456625,0.55950207,
7456643,0.68536055,
7456648,0.6539012,
7456651,0.6510296,
7456652,0.69166285,
7456654,0.737118,
7456655,0.6643285,
7456657,0.6295617,
7456707,0.6992885,
7456708,0.6958364,
7456710,0.68634105,
7456711,0.53638977,
7456713,0.65622073,
7456714,0.7097573,
7456716,0.43605563,
7456719,0.72218055,
7456722,0.5505374,
7456737,0.7948248,
7456962,0.730084,
7457076,0.80340797,
7457077,0.8641861,
7457078,0.8527353,
7457080,0.85147214,
7457135,0.7702997,
7457136,0.5493848,
7457142,0.6797982,
7457143,0.5995953,
7457144,0.58643067,
7457145,0.58282566,
7457146,0.77572876,
7457147,0.66330963,
7457219,0.6089204,
7457220,0.73038316,
7457221,0.7836963,
7457222,0.78183794,
7457223,0.8379397,
7457224,0.8227591,
7457225,0.7250009,
7457226,0.65177244,
7457227,0.785819,
7457228,0.7369781,
7457229,0.654004,
7457230,0.81669754,
7457233,0.7346842,
7457234,0.70281667,
7457303,0.77385724,
7457304,0.5763265,
7457305,0.7467151,
7457306,0.7950467,
7457307,0.78885597,
7457883,0.77080667,
7457910,0.77231306,
7457911,0.8297648,
7457912,0.8253932,
7457914,0.7359605,
7457915,0.8229611,
7457933,0.771008,
7457934,0.69536626,
7457935,0.87925625,
7457936,0.86257833,
7457937,0.8210839,
7457939,0.775524,
7457940,0.76162404,
7457941,0.70462936,
7457942,0.8686445,
7457943,0.8363101,
7457944,0.7859043,
7457945,0.6587319,
7457946,0.77281123,
7457947,0.77499384,
7457948,0.77712077,
7457949,0.7280559,
7457950,0.7925611,
7457951,0.7583049,
7457952,0.83566236,
7457959,0.64847463,
7457960,0.7607976,
7457961,0.728455,
7457962,0.90209496,
7457963,0.87460536,
7457964,0.85819435,
7457965,0.7948179,
7457966,0.7991831,
7457969,0.7697513,
7457970,0.75058955,
7457971,0.7533379,
7457972,0.7950703,
7457974,0.6378237,
7457976,0.49763754,
7457977,0.621018,
7457978,0.80448955,
7457979,0.51739174,
7457980,0.7613732,
7457981,0.8419413,
7457982,0.60227627,
7457984,0.5261027,
7457985,0.61532724,
7457987,0.489399,
7457988,0.66347265,
7457989,0.6636208,
7457991,0.54647475,
7457992,0.5915292,
7457993,0.6740612,
7457994,0.5646049,
7457995,0.67478037,
7457996,0.6097244,
7457997,0.82854253,
7457998,0.86812085,
7457999,0.7831191,
7458000,0.50179034,
7458007,0.6718372,
7458820,0.82920915,
7459013,0.8748628,
7459260,0.84975404,
7459262,0.79352474,
7459264,0.8899208,
7459454,0.67793435,
7459663,0.6677598,
7459697,0.7966293,
7459698,0.59326893,
7459699,0.62834746,
7459985,0.5821305,
7459986,0.5983926,
7459988,0.77716386,
7459990,0.648471,
7459992,0.79217803,
7460096,0.5859296,
7460097,0.57295716,
7460104,0.6003456,
7460105,0.62918377,
7460106,0.7210432,
7460107,0.72666395,
7460108,0.69751483,
7460109,0.71589184,
7460110,0.7376025,
7460111,0.5792917,
7460112,0.6227681,
7460114,0.50319076,
7460116,0.65420115,
7460217,0.8222193,
7460232,0.8993742,
7460233,0.7973921,
7460238,0.8883047,
7460239,0.8618373,
7460240,0.9083489,
7460241,0.81439793,
7460242,0.849695,
7460243,0.81292146,
7460253,0.91836125,
7460254,0.676133,
7460255,0.75413823,
7460256,0.8215042,
7460257,0.8586423,
7460258,0.7847938,
7460259,0.66359353,
7460261,0.7741659,
7460262,0.7906861,
7460263,0.87499315,
7460403,0.78311193,
7460596,0.82034564,
7460618,0.5770198,
7460619,0.83710206,
7460620,0.86217093,
7460621,0.7664394,
7460622,0.7223969,
7460623,0.6299193,
7460624,0.70888996,
7460625,0.7660481,
7460626,0.7802915,
7460627,0.7349358,
7460719,0.80661815,
7460720,0.7929765,
7460802,0.8900897,
7461000,0.8224217,
7461001,0.8428833,
7461002,0.7769347,
7461003,0.8097268,
7461004,0.7197266,
7461012,0.89106286,
7461013,0.86382055,
7461014,0.7861227,
7461015,0.48773912,
7461016,0.47338346,
7461017,0.47523043,
7461028,0.72850287,
7461475,0.76531076,
7461477,0.7916153,
7461478,0.8156854,
7461479,0.82835513,
7461676,0.6901635,
7461677,0.6330943,
7461678,0.61981696,
7461679,0.6411625,
7461680,0.4310424,
7461681,0.53737426,
7461682,0.7080022,
7461683,0.5536694,
7461684,0.6511296,
7461685,0.6165441,
7461686,0.70109576,
7461687,0.71687424,
7461688,0.6458524,
7461695,0.6987303,
7461697,0.7256331,
7461699,0.73979026,
7461700,0.6459165,
7461701,0.6622366,
7461702,0.6008368,
7461761,0.42496657,
7461762,0.4048147,
7461763,0.367046,
7461764,0.275143,
7461765,0.23912123,
7461783,0.68206555,
7461788,0.6913048,
7461789,0.60897523,
7461867,0.26379937,
7461870,0.35486117,
7461871,0.24550687,
7461872,0.2365956,
7461875,0.26477942,
7461876,0.2679749,
7461877,0.32266232,
7461878,0.34534615,
7461879,0.3845864,
7461880,0.26711267,
7461881,0.3604943,
7461882,0.33329692,
7461883,0.36545026,
7461884,0.3601994,
7461885,0.28786796,
7461886,0.30302358,
7461887,0.2377594,
7461888,0.26351318,
7461889,0.2840226,
7461890,0.27046394,
7461891,0.29234838,
7461892,0.28272164,
7461893,0.27040133,
7461894,0.2556864,
7461895,0.25273478,
7461896,0.28008166,
7461897,0.34873503,
7461898,0.31842682,
7461899,0.27902326,
7461900,0.32099625,
7461901,0.30952227,
7461902,0.28461623,
7461903,0.31451568,
7461904,0.32238987,
7461905,0.31773645,
7461906,0.29601842,
7461907,0.3330844,
7461910,0.26101106,
7461911,0.38215533,
7461912,0.37922645,
7461913,0.30350006,
7461914,0.29710296,
7461915,0.4067422,
7461916,0.37876233,
7461917,0.28726605,
7461918,0.2990541,
7461919,0.30255136,
7461920,0.25959706,
7461921,0.28228232,
7461922,0.30131757,
7461923,0.24479719,
7461924,0.2985581,
7461925,0.3031434,
7461926,0.31610867,
7461927,0.296584,
7461928,0.27433333,
7461929,0.24959046,
7461930,0.2415663,
7461931,0.30837685,
7461933,0.2333928,
7461934,0.25619188,
7461935,0.2489779,
7461936,0.27912265,
7461937,0.25581497,
7461938,0.22788201,
7462149,0.84018314,
7462150,0.79214495,
7462151,0.79003644,
7462152,0.775833,
7462153,0.77641606,
7462154,0.7408199,
7462155,0.71604806,
7462156,0.814644,
7462158,0.77066165,
7462159,0.78772324,
7462174,0.79165107,
7462175,0.8196648,
7462181,0.87733877,
7462182,0.75593287,
7462184,0.74263585,
7462185,0.60281056,
7462186,0.6863994,
7462187,0.6060457,
7462188,0.72863233,
7462189,0.56312823,
7462190,0.61133754,
7462191,0.7044804,
7462192,0.77504057,
7462193,0.8342846,
7462194,0.63424355,
7462195,0.64666295,
7462196,0.7371321,
7462197,0.8152987,
7462198,0.60665834,
7462199,0.6906835,
7462200,0.71271825,
7462201,0.839363,
7462202,0.802282,
7462203,0.7463997,
7462206,0.74136317,
7462222,0.8822193,
7462223,0.91419894,
7462317,0.69721615,
7462318,0.7147982,
7462326,0.701221,
7462327,0.6618755,
7462328,0.54535663,
7462329,0.7852275,
7462330,0.7228258,
7462335,0.69726664,
7462341,0.7343053,
7462348,0.61799467,
7462363,0.70245105,
7462364,0.6119794,
7462366,0.7887893,
7462368,0.87614924,
7462396,0.7928832,
7462397,0.7180366,
7462737,0.67692065,
7462738,0.64090806,
7462946,0.73495716,
7462948,0.79881567,
7462949,0.69482714,
7462952,0.59259576,
7462953,0.5027907,
7462954,0.50559765,
7462955,0.5393193,
7462956,0.83386564,
7462957,0.72676593,
7462958,0.73666286,
7462959,0.77982384,
7462960,0.77934945,
7462961,0.7585761,
7462962,0.7658796,
7463167,0.8756396,
7463168,0.7983448,
7463453,0.79769576,
7463454,0.7586001,
7463455,0.8025727,
7463456,0.80854666,
7463457,0.7661046,
7463458,0.72310525,
7463459,0.76225454,
7463460,0.8239312,
7463461,0.732117,
7463462,0.83540887,
7463463,0.76817894,
7463464,0.8102979,
7463465,0.7829035,
7463466,0.7200382,
7463467,0.6692378,
7463468,0.7752046,
7463469,0.79545885,
7463470,0.8232739,
7463471,0.8179285,
7463472,0.7341052,
7463551,0.84721833,
7463629,0.8026647,
7463630,0.822612,
7463631,0.73313415,
7463632,0.804485,
7463633,0.7585111,
7463634,0.75930464,
7463645,0.8878052,
7463662,0.87218237,
7463666,0.83533365,
7463667,0.8684055,
7463668,0.91917115,
7463669,0.71031827,
7464010,0.6799142,
7464011,0.6317743,
7464012,0.70602304,
7464056,0.21906614,
7464057,0.22601913,
7464058,0.30285928,
7464059,0.24958923,
7464060,0.22948131,
7464061,0.26455325,
7464063,0.9178319,
7464064,0.9309784,
7464141,0.65232575,
7464178,0.8489849,
7464629,0.86046743,
7464631,0.8629563,
7464635,0.8466193,
7464802,0.8480728,
7465150,0.72742134,
7465151,0.8472129,
7465152,0.8650207,
7465153,0.79840827,
7465154,0.7426905,
7465155,0.75889623,
7465156,0.7065681,
7465157,0.7117035,
7465158,0.51429015,
7465162,0.8149478,
7465164,0.770617,
7465173,0.784974,
7465178,0.8196777,
7465194,0.8476382,
7465309,0.8080911,
7465310,0.8457109,
7465311,0.7954336,
7465312,0.87321144,
7465313,0.79366726,
7465314,0.6719325,
7465315,0.7893933,
7465316,0.86903465,
7465317,0.7320728,
7465318,0.8206562,
7465319,0.9004612,
7465321,0.8511726,
7465455,0.66146505,
7465456,0.69280994,
7465457,0.66523486,
7465458,0.7133851,
7465459,0.71431005,
7465460,0.7770048,
7465461,0.7637021,
7465462,0.77692515,
7465463,0.77399015,
7465464,0.7724866,
7465465,0.40278146,
7465466,0.5779427,
7465467,0.4461084,
7465468,0.4700649,
7465510,0.8170655,
7465511,0.8560393,
7465512,0.8597395,
7465513,0.8962765,
7465514,0.8819887,
7465527,0.8977821,
7465528,0.9099039,
7465529,0.9057311,
7465530,0.88204455,
7465531,0.8335314,
7465532,0.8553572,
7465533,0.8247133,
7465534,0.92819744,
7465535,0.8718494,
7465560,0.9139301,
7465561,0.9066684,
7465562,0.86249644,
7465563,0.81657827,
7465564,0.8220218,
7465583,0.56136096,
7465584,0.6085615,
7465585,0.7390377,
7465586,0.7657564,
7465622,0.7287004,
7465623,0.7787272,
7465624,0.7470205,
7465625,0.7155271,
7465704,0.57429427,
7465705,0.7144314,
7465706,0.6826208,
7465707,0.6554251,
7465710,0.89239174,
7465729,0.8979725,
7465730,0.8743786,
7465731,0.87763035,
7465732,0.8130413,
7465734,0.8420301,
7465735,0.782813,
7465736,0.549899,
7465737,0.93770254,
7465738,0.7042981,
7465779,0.6355365,
7465780,0.754082,
7465781,0.8212937,
7465782,0.76682574,
7465783,0.82038456,
7465784,0.817298,
7465785,0.8021313,
7465786,0.8229173,
7465787,0.7109612,
7465788,0.76926416,
7465789,0.79152954,
7465790,0.68408126,
7465792,0.8397436,
7465887,0.7811614,
7465888,0.9239175,
7465889,0.88867635,
7465890,0.91020375,
7465891,0.8329001,
7465893,0.81335485,
7466041,0.76516575,
7466098,0.87322044,
7466099,0.89422894,
7466111,0.92528695,
7466172,0.8613742,
7466173,0.74402034,
7466174,0.80661166,
7466175,0.8102674,
7466465,0.7063215,
7466466,0.7874915,
7466575,0.84983706,
7466586,0.80729604,
7466588,0.75291115,
7466589,0.6976325,
7466590,0.8257797,
7466591,0.7824573,
7466592,0.83021355,
7466593,0.8052042,
7466594,0.8309991,
7466595,0.80097115,
7466596,0.66358423,
7466597,0.6976247,
7466598,0.89731824,
7466600,0.9055521,
7466601,0.85357624,
7466602,0.87022656,
7466603,0.808878,
7466605,0.8223926,
7466606,0.62215286,
7466608,0.8313528,
7466609,0.76092154,
7466610,0.78327656,
7466611,0.9015247,
7466612,0.8989132,
7466613,0.90436345,
7466614,0.8558009,
7466615,0.7658721,
7466623,0.8189425,
7466667,0.8131277,
7466668,0.8303514,
7466669,0.87037045,
7466670,0.9048702,
7466747,0.82394904,
7466752,0.7504853,
7466753,0.7107028,
7466756,0.8666417,
7466757,0.8357967,
7466760,0.7506356,
7467422,0.9405031,
7467423,0.9039842,
7467585,0.8395295,
7467611,0.7657944,
7467612,0.77766633,
7467613,0.70789003,
7467614,0.7574426,
7467620,0.8433646,
7467621,0.8393295,
7467626,0.85222596,
7467627,0.745761,
7467628,0.8025362,
7467629,0.73335123,
7467630,0.85390633,
7467631,0.72980505,
7467632,0.53604496,
7467633,0.75426275,
7467634,0.65339315,
7467636,0.47974563,
7467637,0.767645,
7467638,0.8254486,
7467639,0.7155282,
7467640,0.8309982,
7467641,0.8493751,
7467642,0.78923696,
7467643,0.69856834,
7467644,0.72265404,
7467645,0.74100506,
7467646,0.76869595,
7467647,0.67676604,
7467648,0.78224564,
7467649,0.82608145,
7467650,0.5987682,
7467651,0.6904159,
7467652,0.7291896,
7467653,0.57683986,
7467654,0.8344788,
7467655,0.74748814,
7467656,0.6916053,
7467657,0.8307989,
7467658,0.6550581,
7467659,0.69254386,
7467660,0.6653318,
7467661,0.6768644,
7467662,0.8662883,
7467663,0.81536233,
7467664,0.7801098,
7467835,0.67331433,
7467855,0.52792495,
7467858,0.81702244,
7467859,0.7978474,
7467865,0.72171426,
7467866,0.71259314,
7467867,0.75995266,
7467868,0.84558994,
7467869,0.7564689,
7467870,0.7280496,
7467871,0.7913537,
7467872,0.73902804,
7467873,0.78960145,
7467874,0.7252501,
7467875,0.8294593,
7467876,0.79574674,
7467877,0.6968204,
7467878,0.41898668,
7467879,0.7100467,
7468080,0.8723542,
7468081,0.7512702,
7468082,0.7424469,
7468083,0.69977045,
7468084,0.87597543,
7468085,0.89183867,
7468086,0.7959352,
7468087,0.8127946,
7468090,0.8490977,
7468091,0.83764464,
7468093,0.8308197,
7468094,0.8197825,
7468095,0.839964,
7468097,0.8601972,
7468098,0.8647778,
7468123,0.91805506,
7468124,0.9138518,
7468125,0.9015571,
7468126,0.89908755,
7468127,0.8821089,
7468128,0.8904109,
7468129,0.8887352,
7468133,0.6269934,
7468134,0.6211537,
7468135,0.68908745,
7468136,0.91417146,
7468137,0.45989704,
7468139,0.71735775,
7468141,0.89627534,
7468147,0.8816666,
7468148,0.8852064,
7468159,0.77011937,
7468161,0.8334076,
7468162,0.8770258,
7468163,0.82162505,
7468164,0.8530286,
7468165,0.8931619,
7468166,0.84644663,
7468167,0.846377,
7468168,0.84947985,
7468169,0.78726333,
7468170,0.76372945,
7468171,0.82310826,
7468172,0.8472253,
7468173,0.8636721,
7468174,0.9058593,
7468176,0.87349856,
7468177,0.9058847,
7468186,0.9118353,
7468189,0.88541406,
7468190,0.913746,
7468191,0.86246884,
7468194,0.9193935,
7468195,0.9125329,
7468196,0.9355181,
7468197,0.8928709,
7468221,0.90399414,
7468224,0.89021385,
7468227,0.9204578,
7468240,0.9180418,
7468241,0.89847475,
7468242,0.8474336,
7468243,0.9200741,
7468244,0.89700496,
7468245,0.87833774,
7468248,0.909562,
7468385,0.85572076,
7468386,0.8879894,
7468387,0.8183185,
7468388,0.880015,
7468389,0.8687287,
7468390,0.85091394,
7468391,0.86146265,
7468392,0.8594254,
7468393,0.79910725,
7468448,0.8791136,
7468449,0.7993879,
7468450,0.7811406,
7468451,0.7809494,
7468457,0.7445998,
7468458,0.7748567,
7468459,0.73637456,
7468515,0.46199906,
7468518,0.43778905,
7468519,0.80867994,
7468520,0.791561,
7468542,0.84582186,
7468549,0.7643798,
7468550,0.8860587,
7468551,0.877262,
7468552,0.75999063,
7468553,0.8342895,
7468554,0.8919387,
7468596,0.72830516,
7468598,0.809409,
7468599,0.83089906,
7468600,0.7209096,
7468601,0.88362217,
7468602,0.7890786,
7468603,0.8913708,
7468604,0.88100517,
7468605,0.7695704,
7468607,0.8265825,
7468608,0.7580377,
7468609,0.73041815,
7468610,0.8841597,
7468611,0.70049644,
7468612,0.81308347,
7468613,0.70254517,
7468614,0.8091916,
7468615,0.8009108,
7468616,0.7575503,
7468618,0.8071628,
7468619,0.80275345,
7468620,0.8236216,
7468621,0.8659074,
7468622,0.8069957,
7468623,0.74690336,
7468624,0.80715454,
7468625,0.80464804,
7468626,0.7564493,
7468627,0.8010056,
7468628,0.850111,
7468629,0.63826954,
7468630,0.92002136,
7468631,0.8705106,
7468632,0.88785326,
7468633,0.8903887,
7468634,0.7846826,
7468635,0.84988904,
7468636,0.8758929,
7468637,0.9046077,
7468638,0.8808397,
7468639,0.81716967,
7468640,0.7254947,
7468641,0.8565134,
7468642,0.72465396,
7468813,0.8106174,
7468814,0.8126169,
7468815,0.806088,
7468816,0.9031565,
7468817,0.8401475,
7468818,0.6633003,
7468819,0.5709685,
7468820,0.8889956,
7468821,0.752935,
7468824,0.8463795,
7469073,0.82479817,
7469074,0.83956534,
7469127,0.8787371,
7469128,0.8972167,
7469129,0.70797145,
7469488,0.8980508,
7469759,0.58726996,
7469778,0.85648525,
7469814,0.6674436,
7469815,0.5584821,
7469816,0.70773435,
7469817,0.6070876,
7469818,0.7547584,
7469819,0.7053773,
7469830,0.7014247,
7469831,0.8264367,
7469832,0.8157588,
7469833,0.8023684,
7469834,0.8112076,
7469840,0.62061137,
7469841,0.83812916,
7469842,0.82266194,
7469843,0.7120941,
7469846,0.79314613,
7469847,0.82015854,
7469848,0.88077503,
7469849,0.7655531,
7469850,0.7249745,
7469851,0.7391238,
7469852,0.7986739,
7469853,0.71502644,
7469854,0.76583904,
7469858,0.7466091,
7469859,0.7566551,
7469860,0.7267077,
7469861,0.68263465,
7469862,0.6815027,
7469863,0.6540453,
7469864,0.7172186,
7469865,0.6883959,
7469866,0.66674984,
7469867,0.74349463,
7469868,0.7357763,
7469869,0.734745,
7469870,0.8646915,
7469871,0.865657,
7469872,0.8074265,
7469923,0.64962393,
7469924,0.5901447,
7469925,0.85331106,
7469955,0.86611557,
7469956,0.8512649,
7469957,0.8956964,
7469958,0.854788,
7469961,0.6358385,
7469962,0.66823244,
7469963,0.628068,
7469964,0.70477575,
7470007,0.7100405,
7470008,0.6346122,
7470009,0.6814649,
7470059,0.82092345,
7470060,0.8622924,
7470160,0.802889,
7470161,0.7915365,
7470162,0.7716136,
7470163,0.71776396,
7470164,0.77388257,
7470165,0.529327,
7470166,0.7222105,
7470167,0.6801555,
7470168,0.6691508,
7470198,0.86716735,
7470200,0.72206783,
7470201,0.7126439,
7470202,0.8885005,
7470203,0.9154399,
7470205,0.83227897,
7470206,0.8074108,
7470207,0.80866516,
7470209,0.882953,
7470210,0.7000387,
7470211,0.6874483,
7470214,0.90612316,
7470216,0.821923,
7470217,0.7575724,
7470221,0.83326536,
7470222,0.6258294,
7470223,0.92969143,
7470224,0.830061,
7470225,0.7464407,
7470226,0.8060532,
7470228,0.871799,
7470230,0.88067424,
7470232,0.8021294,
7470233,0.54474026,
7470234,0.80220246,
7470270,0.8888107,
7470271,0.89316046,
7470275,0.76893276,
7470277,0.8812421,
7470278,0.89436823,
7470279,0.9342562,
7470281,0.9254775,
7470283,0.8947744,
7470289,0.7844144,
7470290,0.8456362,
7470292,0.78588367,
7470301,0.8516494,
7470303,0.8870771,
7470308,0.87370425,
7470309,0.8804677,
7470310,0.8932369,
7470311,0.8918085,
7470312,0.9017391,
7470313,0.62034935,
7470315,0.8324529,
7470316,0.85139775,
7470317,0.7506619,
7470319,0.8444771,
7470320,0.8517638,
7470324,0.8205324,
7470325,0.71287984,
7470326,0.77708983,
7470327,0.6793131,
7470328,0.6950915,
7470330,0.92691475,
7470331,0.8690327,
7470332,0.8837761,
7470333,0.8109085,
7470334,0.85346603,
7470335,0.73479533,
7470336,0.773767,
7470337,0.916616,
7470339,0.9037211,
7470367,0.94374263,
7470369,0.74034464,
7470382,0.8059652,
7470383,0.7904551,
7470384,0.8574053,
7470387,0.8546439,
7470388,0.8837825,
7470389,0.75743467,
7470390,0.7184327,
7470391,0.58144885,
7470392,0.66920215,
7470394,0.7178329,
7470395,0.81167907,
7470486,0.63876534,
7470512,0.74900925,
7470513,0.80776227,
7470514,0.6634529,
7470515,0.868092,
7470519,0.7785891,
7470520,0.8582186,
7470521,0.6544324,
7470522,0.6193993,
7470523,0.7208389,
7470524,0.81082636,
7470525,0.83768445,
7470526,0.8767674,
7470527,0.697835,
7470528,0.843052,
7470529,0.61908555,
7470531,0.7553583,
7470533,0.82196164,
7470534,0.8726359,
7470535,0.8045742,
7470536,0.7540195,
7470537,0.69521856,
7470542,0.82060146,
7470543,0.6320819,
7470544,0.61452675,
7470545,0.74939114,
7470546,0.79955643,
7470547,0.8147661,
7470548,0.7137964,
7470549,0.7216601,
7470550,0.663602,
7470551,0.50138324,
7470555,0.68229395,
7470558,0.7978266,
7470559,0.65669143,
7470561,0.80804926,
7470562,0.7245967,
7470563,0.8099238,
7470564,0.86631894,
7470571,0.92848617,
7470572,0.77109605,
7470573,0.6929527,
7470575,0.6313666,
7470576,0.85738397,
7470577,0.75589365,
7470579,0.6597407,
7470580,0.8833961,
7470581,0.5096148,
7470583,0.5989502,
7470584,0.8029311,
7470585,0.82422763,
7470586,0.6745702,
7470592,0.7546319,
7470593,0.7301259,
7470594,0.6260556,
7470595,0.90435034,
7470596,0.6502749,
7470597,0.5575032,
7470598,0.7002625,
7470599,0.6265925,
7470601,0.7234924,
7470602,0.77007324,
7470603,0.791966,
7470604,0.7264884,
7470605,0.6570912,
7470606,0.5631756,
7470607,0.71564966,
7470608,0.7156597,
7470610,0.5071726,
7470611,0.6766075,
7470614,0.7252634,
7470615,0.621557,
7470616,0.6985526,
7470617,0.6994023,
7470618,0.78975713,
7470619,0.74040496,
7470620,0.6972231,
7470621,0.76418304,
7470622,0.76770914,
7470623,0.7768352,
7470624,0.6711702,
7470625,0.6923931,
7470626,0.83672297,
7470627,0.6902607,
7470628,0.41769686,
7470629,0.8178484,
7470632,0.8115714,
7470633,0.7081763,
7470634,0.7252401,
7470637,0.5678706,
7470638,0.70783365,
7470639,0.50860006,
7470640,0.63586295,
7470643,0.7277906,
7470644,0.5755247,
7470645,0.50416577,
7470646,0.56347543,
7470647,0.66665006,
7470648,0.58849907,
7470649,0.58420414,
7470650,0.7054081,
7470651,0.77060866,
7470695,0.78503984,
7470857,0.8267183,
7470858,0.92324317,
7470859,0.91429245,
7470860,0.9237449,
7470913,0.69323456,
7470915,0.6707587,
7470916,0.66018057,
7470917,0.8504396,
7470919,0.8783009,
7470921,0.8603122,
7470924,0.70060366,
7470925,0.68082255,
7470926,0.7828764,
7470928,0.7363497,
7470929,0.75583893,
7470952,0.6837243,
7470953,0.74227715,
7470954,0.69409245,
7470955,0.6884428,
7470956,0.8140291,
7470957,0.76892525,
7470958,0.7673308,
7470959,0.72679746,
7471319,0.814215,
7471320,0.9028734,
7471321,0.8285755,
7471329,0.74139273,
7471330,0.8687367,
7471331,0.74646926,
7471332,0.80374265,
7471333,0.79679674,
7471335,0.80922085,
7471339,0.78083324,
7471348,0.77153635,
7471349,0.73442584,
7471351,0.9018005,
7471352,0.8904326,
7471353,0.786203,
7471357,0.91196775,
7471358,0.6733908,
7471359,0.69117016,
7471361,0.909764,
7471362,0.52980196,
7471363,0.86956036,
7471364,0.70049304,
7471365,0.6228504,
7471366,0.7316613,
7471367,0.81007993,
7471368,0.87113357,
7471369,0.61775523,
7471370,0.6890684,
7471371,0.63460684,
7471372,0.77746713,
7471373,0.71253484,
7471374,0.7497076,
7471375,0.8245955,
7471376,0.8166702,
7471377,0.83048755,
7471378,0.6223488,
7471379,0.815495,
7471380,0.8057528,
7471381,0.77703595,
7471382,0.67729384,
7471383,0.7800666,
7471384,0.66781896,
7471385,0.8889153,
7471386,0.88661176,
7471387,0.9022252,
7471388,0.8357079,
7471389,0.8002355,
7471390,0.80756587,
7471391,0.7622363,
7471392,0.73234254,
7471394,0.81733495,
7471396,0.84572315,
7471407,0.75152177,
7471410,0.82382464,
7471413,0.75739664,
7471415,0.8852262,
7471416,0.7976143,
7471420,0.8236827,
7471422,0.73594487,
7471425,0.88746154,
7471428,0.65036654,
7471430,0.8103395,
7471433,0.7355396,
7471435,0.7505945,
7471439,0.86111426,
7471486,0.8876609,
7471487,0.8879664,
7471488,0.8327789,
7471511,0.6755106,
7471512,0.8141782,
7471513,0.8687524,
7471514,0.7919523,
7471515,0.6932128,
7471516,0.84614795,
7471524,0.8610431,
7471527,0.6562515,
7471528,0.598819,
7471529,0.5918549,
7471530,0.62642,
7471531,0.5750969,
7471546,0.8081905,
7471547,0.8190611,
7471548,0.84950304,
7471549,0.8361162,
7471550,0.89748603,
7471553,0.7730231,
7471554,0.8663645,
7471555,0.8813189,
7471556,0.89933324,
7471557,0.81765145,
7471687,0.79231524,
7471688,0.71028125,
7471689,0.7964853,
7471690,0.8454168,
7471691,0.86065984,
7471692,0.82178134,
7471693,0.8418131,
7471694,0.6738258,
7471697,0.8352427,
7471698,0.73043436,
7471699,0.7396673,
7471700,0.8638666,
7471701,0.85840243,
7471702,0.8412693,
7471703,0.8629382,
7471823,0.40418586,
7471826,0.7077666,
7471902,0.8398539,
7471903,0.9065606,
7472076,0.78910995,
7472077,0.7744047,
7472078,0.7363332,
7472079,0.25677055,
7472080,0.23935199,
7472082,0.25444096,
7472083,0.25633717,
7472084,0.24590142,
7472085,0.30136263,
7472086,0.28421247,
7472087,0.3078797,
7472139,0.66148365,
7472140,0.54773563,
7472141,0.6157321,
7472142,0.6995919,
7472496,0.7511906,
7472497,0.7833326,
7472583,0.7346362,
7472662,0.6454419,
7472717,0.52912414,
7472718,0.529571,
7472719,0.5973001,
7472720,0.5825709,
7472745,0.928337,
7472756,0.9160406,
7472757,0.9092048,
7472758,0.8880834,
7472770,0.8510246,
7472771,0.772241,
7472774,0.8590715,
7472775,0.8175125,
7472777,0.619554,
7472847,0.7987563,
7472848,0.63730854,
7472927,0.83765334,
7472930,0.8578672,
7472931,0.6955818,
7472932,0.7463825,
7472934,0.7302458,
7472935,0.72709155,
7472936,0.882832,
7472937,0.75688744,
7472939,0.8458219,
7472940,0.82693523,
7472941,0.71003616,
7472943,0.807043,
7472944,0.87252194,
7472945,0.88080835,
7472948,0.8359958,
7472949,0.7629302,
7472950,0.7660475,
7472951,0.7616774,
7472952,0.7448424,
7472953,0.8256826,
7472954,0.7952525,
7472955,0.79895175,
7472956,0.8633844,
7472957,0.87257797,
7472959,0.82725865,
7472960,0.865197,
7472961,0.77891904,
7472962,0.7422494,
7472964,0.83176273,
7472965,0.7642777,
7472967,0.8531617,
7472968,0.80317724,
7473250,0.9108536,
7473251,0.8790083,
7473252,0.91319734,
7473253,0.896127,
7473254,0.87025374,
7473255,0.81368244,
7473256,0.8335282,
7473257,0.8371569,
7473258,0.79842025,
7473259,0.7744619,
7473262,0.7224154,
7473263,0.75909495,
7473264,0.8773876,
7473265,0.8624914,
7473506,0.77601016,
7473507,0.78711563,
7473512,0.8122284,
7473513,0.8363521,
7473514,0.7992389,
7473515,0.7178001,
7473516,0.68481636,
7473517,0.7744236,
7473519,0.8134703,
7473520,0.82295066,
7473521,0.85477006,
7473522,0.7797241,
7473528,0.81389046,
7473529,0.86230123,
7473530,0.83962613,
7473531,0.8622835,
7473532,0.72229314,
7473533,0.74833804,
7473534,0.7649919,
7473535,0.70869046,
7473537,0.87039125,
7473538,0.80088156,
7473582,0.17528448,
7473583,0.16118833,
7473584,0.17746387,
7473585,0.163006,
7473586,0.10969256,
7473587,0.16289681,
7473588,0.11728432,
7473589,0.18698488,
7473590,0.19660756,
7473591,0.17297582,
7473592,0.1600984,
7473593,0.16707475,
7473594,0.16112202,
7473595,0.11276698,
7473596,0.1960666,
7473597,0.19327834,
7473598,0.1305066,
7473702,0.80181426,
7473919,0.7751158,
7473920,0.77747524,
7473921,0.82268935,
7473922,0.89311546,
7473924,0.70614,
7473931,0.84630513,
7473932,0.74421936,
7473941,0.7768715,
7473954,0.70293915,
7473963,0.66571385,
7473982,0.68684775,
7473983,0.63225746,
7473986,0.75024134,
7473988,0.7676391,
7473989,0.719019,
7473990,0.8006601,
7473991,0.6332451,
7473992,0.6246053,
7473993,0.5804832,
7473994,0.8672026,
7473995,0.85828966,
7473996,0.836144,
7473997,0.86395687,
7473998,0.8606851,
7473999,0.79175925,
7474000,0.7977452,
7474001,0.75563776,
7474002,0.75363284,
7474003,0.78153133,
7474004,0.8051222,
7474013,0.70940757,
7474019,0.74422336,
7474029,0.80993235,
7474068,0.77917725,
7474069,0.6773915,
7474070,0.6548387,
7474073,0.8305646,
7474089,0.90151316,
7474090,0.75313735,
7474112,0.7539545,
7474117,0.80333614,
7474118,0.77737373,
7474119,0.84015906,
7474120,0.78180575,
7474121,0.8053654,
7474122,0.76618767,
7474123,0.7211873,
7474127,0.6092323,
7474128,0.7699009,
7474129,0.629707,
7474130,0.7395793,
7474131,0.68443906,
7474132,0.8116553,
7474133,0.68984634,
7474134,0.83809626,
7474135,0.8430306,
7474136,0.84718686,
7474137,0.762446,
7474138,0.78104556,
7474210,0.78658587,
7474212,0.7211405,
7474225,0.5494202,
7474226,0.8137081,
7474227,0.81737554,
7474228,0.7297138,
7474229,0.76032144,
7474230,0.75941604,
7474231,0.81152743,
7474232,0.84263635,
7474241,0.8191825,
7474242,0.77586013,
7474243,0.84174156,
7474244,0.7699066,
7474245,0.41119963,
7474246,0.7032806,
7474247,0.7754558,
7474248,0.683138,
7474249,0.8098813,
7474250,0.57431847,
7474259,0.7326812,
7474260,0.7604798,
7474261,0.8786233,
7474262,0.79228145,
7474264,0.7465003,
7474265,0.71085495,
7474266,0.6669972,
7474267,0.59984726,
7474268,0.6723347,
7474269,0.75683635,
7474270,0.7006198,
7474271,0.6574354,
7474272,0.7127798,
7474273,0.644818,
7474274,0.7471165,
7474275,0.70872325,
7474276,0.8172412,
7474277,0.7531422,
7474278,0.7195281,
7474279,0.6041684,
7474280,0.7184886,
7474281,0.6967835,
7474282,0.60276675,
7474283,0.58755875,
7474284,0.8563634,
7474285,0.5996522,
7474287,0.66132224,
7474288,0.6042921,
7474289,0.8169087,
7474290,0.81173015,
7474291,0.74646753,
7474292,0.6900853,
7474293,0.79618,
7474294,0.66377777,
7474295,0.59863156,
7474296,0.7914883,
7474297,0.62134194,
7474298,0.868972,
7474299,0.7854453,
7474341,0.77213395,
7474342,0.8355667,
7474381,0.53732157,
7474382,0.85442454,
7474403,0.7072333,
7474404,0.66010624,
7474405,0.8212125,
7474407,0.8856194,
7474411,0.69211465,
7474414,0.8168821,
7474418,0.7845452,
7474419,0.8785869,
7474421,0.8310143,
7474434,0.78466946,
7474435,0.6603199,
7474436,0.85921043,
7474438,0.6178906,
7474439,0.69021225,
7474441,0.8049632,
7474443,0.67940784,
7474448,0.7621778,
7474450,0.8327312,
7474455,0.77558815,
7474457,0.6931063,
7474459,0.7614165,
7474462,0.65192,
7474463,0.6432755,
7474465,0.75069845,
7474492,0.7955658,
7474566,0.6346985,
7474568,0.6476171,
7474569,0.87511814,
7474570,0.71028227,
7474574,0.76400715,
7474575,0.73558027,
7474582,0.7329484,
7474591,0.7312966,
7474598,0.87886083,
7474600,0.7809005,
7474601,0.5672602,
7474602,0.56221163,
7474617,0.90837544,
7474618,0.86621094,
7474619,0.8982471,
7474620,0.9032503,
7474622,0.86948997,
7474623,0.8598889,
7474626,0.7955572,
7474627,0.9096848,
7474628,0.9121432,
7474671,0.85328627,
7474717,0.7759381,
7474719,0.8147024,
7474721,0.83452827,
7474724,0.83389026,
7474725,0.7882878,
7474726,0.8868302,
7474727,0.6977918,
7474728,0.81144315,
7474730,0.63560385,
7474732,0.9021509,
7474734,0.91880625,
7474736,0.54327714,
7474737,0.71790683,
7474738,0.728214,
7474740,0.7025604,
7474741,0.7427554,
7474743,0.8981851,
7474746,0.80670005,
7474747,0.66681635,
7474748,0.6914897,
7474758,0.8264487,
7474764,0.7252772,
7474766,0.7995982,
7474767,0.79723734,
7474768,0.7124565,
7474770,0.74991024,
7474771,0.76879144,
7474772,0.88625807,
7474773,0.8143957,
7474774,0.8647801,
7474775,0.73669034,
7474776,0.8412986,
7474777,0.87570596,
7474778,0.87768877,
7474779,0.90033513,
7474780,0.89247614,
7474781,0.9113307,
7474782,0.74715436,
7474783,0.76647025,
7474784,0.77534014,
7474785,0.82699215,
7474791,0.8564901,
7474816,0.9206946,
7474817,0.86940765,
7474818,0.8979949,
7474829,0.76205605,
7474830,0.81552976,
7474834,0.60381943,
7474836,0.8480862,
7474837,0.8134641,
7474838,0.7698063,
7474839,0.77852863,
7474840,0.8178127,
7474841,0.84917665,
7474842,0.751907,
7474843,0.90498596,
7474860,0.85262436,
7474865,0.90123284,
7474868,0.7675077,
7474869,0.8182357,
7474870,0.8239531,
7474877,0.8746491,
7475008,0.65367264,
7475036,0.8022372,
7475037,0.90341955,
7475038,0.8183554,
7475039,0.82996994,
7475040,0.63866574,
7475042,0.84048975,
7475043,0.7833586,
7475044,0.5802357,
7475276,0.752292,
7475277,0.80523145,
7475278,0.7904659,
7475279,0.7815206,
7475280,0.77670777,
7475281,0.67497224,
7475282,0.69115436,
7475283,0.6643973,
7475287,0.6276001,
7475288,0.7940313,
7475289,0.8305759,
7475290,0.8164517,
7475294,0.6107107,
7475296,0.6015671,
7475297,0.6200783,
7475298,0.5874471,
7475299,0.61522824,
7475300,0.63168746,
7475301,0.7104386,
7475302,0.690423,
7475303,0.5849562,
7475304,0.7538727,
7475305,0.7162046,
7475306,0.74745095,
7475307,0.75248516,
7475333,0.71754056,
7475334,0.7594142,
7475335,0.7862502,
7475338,0.73991597,
7475339,0.7497485,
7475341,0.66430426,
7475342,0.62398595,
7475343,0.8205384,
7475390,0.5719458,
7475394,0.8246528,
7475395,0.8358969,
7475396,0.8576825,
7475397,0.8185486,
7475400,0.73610526,
7475437,0.774869,
7475438,0.7434225,
7475457,0.71083397,
7475458,0.7242177,
7475459,0.74885297,
7475558,0.8313899,
7475559,0.90908194,
7475560,0.74712795,
7475561,0.8966081,
7475562,0.8768001,
7475563,0.8598474,
7475564,0.90463,
7475565,0.7985476,
7475566,0.8502236,
7475598,0.8520958,
7475599,0.8624335,
7475600,0.6906869,
7475601,0.7749863,
7475602,0.8174952,
7475603,0.7383717,
7475604,0.9252477,
7475605,0.8545544,
7475606,0.79524475,
7475607,0.71904546,
7475608,0.78210634,
7475609,0.75222737,
7475610,0.814869,
7475611,0.7188814,
7475612,0.75345474,
7475613,0.78915536,
7475614,0.67041427,
7475615,0.56189626,
7475616,0.615596,
7475617,0.63104266,
7475618,0.8254354,
7475619,0.8650262,
7475620,0.8500785,
7475621,0.91184175,
7475622,0.92754596,
7475623,0.8905271,
7475624,0.8832028,
7475625,0.8747137,
7475626,0.8698298,
7475627,0.7932123,
7475628,0.7314925,
7475648,0.7714017,
7475649,0.6990005,
7475650,0.80259216,
7475651,0.80985546,
7475652,0.67020345,
7475656,0.84326816,
7475659,0.6450313,
7475660,0.8176292,
7475661,0.75154,
7475662,0.85406375,
7475663,0.8842946,
7475664,0.8652731,
7475665,0.8675331,
7475666,0.90401715,
7475667,0.8878535,
7475668,0.91368914,
7475669,0.7141,
7475670,0.7996333,
7475671,0.687954,
7475672,0.8681606,
7475673,0.82769036,
7475674,0.72179127,
7475675,0.69216686,
7475678,0.6947396,
7475679,0.8591934,
7475680,0.7746626,
7475681,0.64627767,
7475682,0.8317341,
7475683,0.8379611,
7475684,0.84111226,
7475685,0.79832083,
7475686,0.8354556,
7475687,0.5636999,
7475688,0.628365,
7475708,0.76712996,
7475709,0.8162747,
7475710,0.60673517,
7475711,0.78110605,
7475712,0.7603012,
7475713,0.9060802,
7475714,0.90316755,
7475715,0.597349,
7475716,0.5558491,
7475717,0.56406343,
7475718,0.5579997,
7475719,0.7917979,
7475720,0.7015283,
7475721,0.6828111,
7475722,0.76001316,
7475723,0.7349522,
7475724,0.8491509,
7475727,0.8300457,
7475729,0.76466763,
7475730,0.7870233,
7475731,0.74068165,
7475732,0.77047056,
7475733,0.7807341,
7475734,0.66358566,
7475735,0.782264,
7475736,0.81025416,
7475737,0.7073416,
7475738,0.6442732,
7475739,0.7426612,
7475740,0.7527224,
7475741,0.8069164,
7475742,0.8218926,
7475743,0.69850093,
7475744,0.67509276,
7475745,0.73150533,
7475747,0.86431396,
7475748,0.72750217,
7475749,0.782398,
7475750,0.81775546,
7475751,0.7458263,
7475752,0.78508973,
7475753,0.69835466,
7475754,0.74112445,
7475755,0.89649737,
7475756,0.85305834,
7475757,0.78585535,
7475758,0.7282498,
7475759,0.73864216,
7475760,0.73057485,
7475761,0.6998781,
7475762,0.73075485,
7475763,0.7206555,
7475764,0.769261,
7475765,0.72224504,
7475766,0.70199615,
7475767,0.71126145,
7475768,0.48904857,
7475769,0.68008673,
7475770,0.58254886,
7475771,0.7787356,
7475772,0.8214117,
7475773,0.83616596,
7475774,0.67373264,
7475775,0.7425282,
7475776,0.8669491,
7475777,0.79892516,
7475778,0.7827923,
7475779,0.84764093,
7475780,0.7247075,
7475781,0.7810163,
7475782,0.7008972,
7475783,0.7125031,
7475785,0.8462996,
7475786,0.84105974,
7475787,0.8439027,
7475788,0.81637204,
7475789,0.7735325,
7475790,0.82723266,
7475791,0.93334055,
7475792,0.9056663,
7475793,0.87994003,
7475795,0.8148545,
7475796,0.71826726,
7475800,0.61174124,
7475801,0.71998113,
7475802,0.75377476,
7475803,0.49310136,
7475804,0.8601291,
7475805,0.5721097,
7475806,0.54597414,
7475808,0.5143631,
7475813,0.67565364,
7475815,0.7480625,
7475816,0.6760872,
7475817,0.59992164,
7475818,0.4813067,
7475819,0.82546437,
7475820,0.6916571,
7475821,0.54947215,
7475823,0.4935343,
7475825,0.8469758,
7475826,0.8135998,
7475827,0.80925995,
7475828,0.82291365,
7475833,0.78811014,
7475834,0.8287708,
7475835,0.826951,
7475836,0.8184993,
7475837,0.6837945,
7475838,0.6041571,
7475839,0.61375153,
7475840,0.7731375,
7475841,0.7498187,
7475842,0.7356797,
7475843,0.579385,
7475844,0.6252014,
7475845,0.5374428,
7475846,0.8043602,
7475847,0.795224,
7475848,0.79593843,
7475849,0.85453725,
7475850,0.8474643,
7475851,0.82056123,
7475852,0.64443046,
7475854,0.6729204,
7475855,0.72156847,
7475860,0.77515656,
7475861,0.7281983,
7475862,0.84740657,
7475863,0.77371055,
7475864,0.8266243,
7475865,0.80709505,
7475869,0.8547136,
7475870,0.8691014,
7475871,0.66738904,
7475875,0.8270564,
7475876,0.702155,
7475877,0.79413396,
7475878,0.76372147,
7475879,0.73488665,
7475880,0.6700211,
7475881,0.68380076,
7475883,0.7174858,
7475884,0.72552145,
7475885,0.87553346,
7475886,0.8943954,
7475887,0.8258689,
7475888,0.86089414,
7475889,0.83762896,
7475890,0.8584601,
7475891,0.7025602,
7475892,0.669548,
7475893,0.7352744,
7475897,0.8017162,
7475898,0.7912155,
7475899,0.6364271,
7475900,0.71374273,
7475901,0.67808187,
7475902,0.74263257,
7475903,0.6275175,
7475904,0.696091,
7475905,0.8212266,
7475906,0.8644058,
7475915,0.28824273,
7475916,0.2716683,
7475917,0.2999288,
7475918,0.26428032,
7475931,0.81095815,
7475933,0.8314491,
7475935,0.8927829,
7475936,0.88101655,
7475938,0.74916434,
7475940,0.6941548,
7475942,0.7629273,
7475944,0.71399766,
7475948,0.73161495,
7475949,0.73920155,
7475950,0.85634273,
7475951,0.786222,
7475952,0.7332291,
7475955,0.6976303,
7475956,0.837615,
7475957,0.71021515,
7475958,0.7932316,
7475960,0.6392962,
7476005,0.8706364,
7476006,0.84477043,
7476007,0.72095436,
7476008,0.7002655,
7476009,0.8573339,
7476010,0.53953725,
7476011,0.69629544,
7476012,0.8257197,
7476013,0.79837745,
7476014,0.78545123,
7476015,0.69185084,
7476042,0.75606453,
7476043,0.7721026,
7476044,0.8472543,
7476045,0.8021293,
7476046,0.84250844,
7476047,0.8282334,
7476048,0.7619463,
7476049,0.7839745,
7476050,0.6585693,
7476051,0.7576407,
7476052,0.85338116,
7476053,0.6479255,
7476054,0.7792082,
7476055,0.53007305,
7476056,0.58456415,
7476057,0.8803726,
7476058,0.54013985,
7476059,0.9004268,
7476061,0.8200463,
7476062,0.49743032,
7476157,0.7666048,
7476187,0.67607623,
7476188,0.71273535,
7476252,0.8891568,
7476253,0.7871172,
7476254,0.89208513,
7476255,0.84036344,
7476256,0.7687993,
7476257,0.90299267,
7476265,0.9150033,
7476266,0.744625,
7476269,0.7330549,
7476270,0.8051914,
7476295,0.59953934,
7476296,0.7825789,
7476297,0.7126971,
7476298,0.8057445,
7476305,0.81327695,
7476306,0.8019859,
7476307,0.8375614,
7476308,0.7174602,
7476309,0.8014057,
7476310,0.6939248,
7476311,0.7961224,
7476312,0.6609718,
7476313,0.778136,
7476314,0.7708782,
7476315,0.71309745,
7476316,0.7688439,
7476317,0.7897617,
7476318,0.75267583,
7476319,0.8284296,
7476320,0.8491459,
7476321,0.7993256,
7476322,0.8412699,
7476323,0.7934345,
7476324,0.818699,
7476325,0.7872634,
7476326,0.75839454,
7476327,0.7623077,
7476328,0.81480396,
7476329,0.77600616,
7476330,0.7562074,
7476332,0.8075333,
7476333,0.8313621,
7476334,0.5483329,
7476335,0.7287591,
7476336,0.8030345,
7476337,0.7509636,
7476338,0.6955661,
7476339,0.7344073,
7476340,0.82457876,
7476341,0.87253886,
7476342,0.82758754,
7476343,0.75605416,
7476344,0.68743837,
7476352,0.8511349,
7476353,0.8116275,
7476354,0.9189643,
7476355,0.7697188,
7476356,0.8409321,
7476357,0.8150207,
7476358,0.6171012,
7476359,0.8135148,
7476360,0.86045665,
7476361,0.7956942,
7476362,0.8059956,
7476363,0.8366638,
7476366,0.8351452,
7476367,0.8126077,
7476368,0.7824555,
7476369,0.77574164,
7476370,0.8295261,
7476371,0.84268504,
7476372,0.8636557,
7476373,0.7529886,
7476374,0.6946024,
7476375,0.87545466,
7476398,0.83311874,
7476399,0.8364695,
7476415,0.8087286,
7476418,0.68042403,
7476419,0.53222305,
7476420,0.87131137,
7476421,0.7094226,
7476422,0.49054205,
7476423,0.7293711,
7476424,0.7793372,
7476425,0.72794986,
7476427,0.59132344,
7476428,0.8081975,
7476493,0.8241284,
7476494,0.8623068,
7476519,0.8198804,
7476520,0.80895704,
7476521,0.8013245,
7476522,0.8253139,
7476523,0.7413304,
7476524,0.63577825,
7476525,0.7868868,
7476526,0.78356063,
7476527,0.7904335,
7476528,0.73845553,
7476529,0.7669796,
7476530,0.8085392,
7476532,0.8016386,
7476533,0.67127424,
7476534,0.8104972,
7476535,0.71832526,
7476537,0.7839718,
7476538,0.7916651,
7476539,0.8026434,
7476540,0.791635,
7476541,0.8638632,
7476542,0.7617463,
7476543,0.8028834,
7476544,0.78447974,
7476545,0.80900675,
7476546,0.7839577,
7476548,0.79038835,
7476549,0.8506628,
7476550,0.74130833,
7476551,0.8376875,
7476552,0.7349016,
7476553,0.6907803,
7476555,0.8546292,
7476556,0.8439913,
7476557,0.80865484,
7476558,0.8105516,
7476559,0.79526615,
7476560,0.65256876,
7476561,0.5967151,
7476562,0.7832604,
7476563,0.8341851,
7476564,0.8237357,
7476565,0.86102927,
7476566,0.90243655,
7476567,0.7597157,
7476568,0.86220664,
7476569,0.8515462,
7476570,0.7949022,
7476571,0.8487877,
7476572,0.8030458,
7476573,0.54525185,
7476574,0.54691535,
7476575,0.5698945,
7476576,0.6668697,
7476577,0.86230046,
7476578,0.8317175,
7476579,0.81782836,
7476580,0.5497219,
7476585,0.69067645,
7476586,0.76033634,
7476587,0.68321896,
7476625,0.8507675,
7476626,0.7873272,
7476628,0.88390386,
7476630,0.7679016,
7476631,0.90271634,
7476632,0.8842926,
7476648,0.89900726,
7476652,0.9013937,
7476653,0.89197916,
7476654,0.9107589,
7476655,0.8651596,
7476656,0.84532136,
7476657,0.90753084,
7476658,0.9000421,
7476659,0.8925942,
7476660,0.8854889,
7476661,0.9196016,
7476662,0.8864235,
7476663,0.8705927,
7476664,0.8975621,
7476665,0.9047026,
7476667,0.8110549,
7476668,0.8890809,
7476677,0.8072886,
7476678,0.8597957,
7476824,0.890328,
7476825,0.8122534,
7476834,0.62200344,
7476835,0.6884131,
7476836,0.70836014,
7476837,0.68090135,
7476838,0.67334497,
7476839,0.62916535,
7476840,0.78235817,
7476869,0.7060124,
7476870,0.7477806,
7476873,0.6686545,
7476878,0.67967784,
7476880,0.7768329,
7476881,0.79109955,
7476885,0.69709563,
7476889,0.81081414,
7476890,0.72662294,
7476891,0.6415265,
7476892,0.69883627,
7476893,0.54504496,
7476894,0.74297667,
7476896,0.65899473,
7476897,0.64661866,
7476898,0.6399423,
7476899,0.85709757,
7476900,0.73944634,
7476901,0.75026333,
7476902,0.6975248,
7476903,0.7849206,
7476904,0.68956465,
7476905,0.83020794,
7476906,0.70490897,
7476907,0.7200812,
7476908,0.85685986,
7476909,0.4473363,
7476910,0.45229718,
7476911,0.7628095,
7476912,0.7653184,
7476913,0.5685461,
7476914,0.7695883,
7476915,0.6615747,
7476916,0.79238546,
7476917,0.7767055,
7476918,0.76745176,
7476920,0.59863853,
7476921,0.7038343,
7476922,0.7830341,
7476923,0.66164124,
7476924,0.73418593,
7476925,0.61966366,
7476926,0.8314946,
7477058,0.8508088,
7477059,0.83209664,
7477060,0.8787426,
7477061,0.86721593,
7477064,0.831122,
7477066,0.8442803,
7477067,0.8668396,
7477068,0.87151104,
7477070,0.8118999,
7477071,0.8099573,
7477072,0.7891643,
7477073,0.8132089,
7477074,0.86173606,
7477075,0.8693744,
7477076,0.8056433,
7477077,0.8123664,
7477078,0.8930204,
7477079,0.8494591,
7477080,0.86610615,
7477082,0.7992123,
7477083,0.87798053,
7477085,0.8027222,
7477086,0.83931965,
7477087,0.8275694,
7477088,0.79292625,
7477090,0.78999203,
7477091,0.78265977,
7477093,0.82486457,
7477094,0.78334504,
7477095,0.8939732,
7477097,0.82119095,
7477099,0.7576276,
7477100,0.768677,
7477101,0.88993806,
7477102,0.8751683,
7477103,0.83094764,
7477110,0.83894384,
7477123,0.8696105,
7477124,0.8736625,
7477125,0.88603425,
7477126,0.81092685,
7477127,0.8693651,
7477128,0.6894904,
7477129,0.7440557,
7477130,0.7711686,
7477138,0.79591167,
7477139,0.8247155,
7477140,0.75569886,
7477141,0.7323436,
7477142,0.72045857,
7477144,0.85989404,
7477145,0.8654404,
7477146,0.80855125,
7477147,0.78115356,
7477148,0.84498215,
7477150,0.6733794,
7477151,0.8501866,
7477152,0.83816326,
7477153,0.81074697,
7477154,0.84835833,
7477155,0.8611055,
7477156,0.92679435,
7477157,0.819897,
7477158,0.87892294,
7477159,0.92520285,
7477160,0.88230693,
7477161,0.7117704,
7477162,0.85520214,
7477163,0.6529997,
7477164,0.4434044,
7477165,0.687731,
7477166,0.835455,
7477167,0.7966952,
7477168,0.762627,
7477169,0.69467664,
7477170,0.6755888,
7477171,0.56820863,
7477172,0.5817757,
7477173,0.77253085,
7477174,0.7705739,
7477175,0.69902694,
7477176,0.8304104,
7477177,0.8383589,
7477178,0.7961627,
7477179,0.7986298,
7477180,0.6897698,
7477181,0.7309015,
7477182,0.824735,
7477184,0.8178324,
7477185,0.83675313,
7477186,0.7758916,
7477187,0.6167482,
7477188,0.61624587,
7477189,0.7647953,
7477190,0.79699004,
7477191,0.44153294,
7477192,0.5507533,
7477193,0.5473781,
7477194,0.65760905,
7477195,0.618798,
7477196,0.7396464,
7477197,0.6820903,
7477198,0.70451796,
7477199,0.59015775,
7477200,0.5982718,
7477201,0.68452847,
7477202,0.90771073,
7477203,0.88848937,
7477204,0.18594085,
7477205,0.87033474,
7477206,0.7775735,
7477207,0.70700663,
7477208,0.7757964,
7477209,0.8737348,
7477210,0.88712513,
7477211,0.89913154,
7477242,0.67909694,
7477243,0.7951495,
7477244,0.8110975,
7477288,0.6548526,
7477289,0.6847638,
7477290,0.72304726,
7477292,0.8524432,
7477293,0.890033,
7477294,0.7761989,
7477405,0.75199324,
7477406,0.775372,
7477408,0.6329826,
7477409,0.5033666,
7477410,0.51784915,
7477411,0.5140192,
7477412,0.7401873,
7477413,0.42863908,
7477414,0.87425196,
7477415,0.6405623,
7477560,0.6498271,
7477719,0.79626346,
7477946,0.8548796,
7477948,0.8218842,
7477949,0.69952476,
7477950,0.9115342,
7477981,0.5519299,
7477982,0.51949227,
7477983,0.59393716,
7477986,0.421772,
7477987,0.4996521,
7477988,0.4908037,
7478129,0.7715233,
7478130,0.8019565,
7478131,0.82623947,
7478132,0.69374084,
7478133,0.69871014,
7478134,0.8800126,
7478135,0.8207516,
7478147,0.59895706,
7478152,0.64197296,
7478298,0.5200004,
7478444,0.8314316,
7478447,0.814857,
7478448,0.74018586,
7478506,0.7526091,
7478507,0.8116666,
7478508,0.8246374,
7478509,0.76508874,
7478510,0.7614966,
7478511,0.8247231,
7478512,0.89624,
7478602,0.8859067,
7478603,0.9106288,
7478604,0.8531154,
7478709,0.6854123,
7478710,0.57422894,
7478726,0.6985639,
7478727,0.88825804,
7478728,0.6001995,
7478729,0.6499212,
7478730,0.51736265,
7478731,0.5457481,
7478732,0.70821095,
7478733,0.5955053,
7478735,0.28032613,
7478736,0.26848987,
7478737,0.32442108,
7478738,0.27642295,
7478739,0.3018063,
7478741,0.31077388,
7478742,0.25810716,
7478743,0.30959716,
7478744,0.34476042,
7478745,0.33938268,
7478746,0.35971054,
7478747,0.21820882,
7478748,0.2538233,
7478749,0.3066177,
7478750,0.33437765,
7478751,0.37291142,
7478752,0.26523805,
7478753,0.28048044,
7478754,0.2700379,
7478755,0.2871465,
7478756,0.2665218,
7478757,0.35468414,
7478758,0.3292447,
7478759,0.3075607,
7478760,0.37883458,
7478761,0.42490846,
7478762,0.30756173,
7478765,0.47252932,
7478771,0.350304,
7478772,0.6272198,
7478775,0.5819366,
7478778,0.7452221,
7478782,0.3256789,
7478783,0.7142972,
7478784,0.632867,
7478785,0.68465,
7478786,0.66741043,
7478787,0.60013705,
7478788,0.7069938,
7478789,0.6398385,
7478790,0.6667146,
7478791,0.7568021,
7478792,0.7127233,
7478793,0.53092897,
7478794,0.53901404,
7478795,0.5232742,
7478796,0.5883849,
7478797,0.56209344,
7478799,0.59111625,
7478800,0.6626177,
7478803,0.5161565,
7478804,0.5083867,
7478805,0.5526458,
7478806,0.5686599,
7478811,0.5325785,
7478812,0.5502884,
7478813,0.53781533,
7478814,0.59474945,
7478815,0.5633824,
7478819,0.22733864,
7478820,0.3585199,
7478821,0.35747567,
7478822,0.31563452,
7478823,0.25986424,
7478824,0.30391562,
7478825,0.3514982,
7478826,0.36821163,
7478827,0.2706188,
7478828,0.29311714,
7478829,0.2750661,
7478830,0.41192356,
7478831,0.42254117,
7478834,0.3128415,
7478836,0.6530807,
7478837,0.641227,
7478839,0.62061715,
7478840,0.6260688,
7478842,0.585395,
7478853,0.8380864,
7478855,0.795847,
7478856,0.8372662,
7478857,0.8514341,
7478858,0.77944386,
7478859,0.6770858,
7478860,0.60717237,
7478861,0.7431575,
7478862,0.55654484,
7478863,0.56178695,
7478888,0.35565877,
7479032,0.8384459,
7479033,0.86103547,
7479034,0.87563217,
7479035,0.86842084,
7479036,0.78130573,
7479037,0.76134163,
7479038,0.84660435,
7479039,0.81922525,
7479040,0.8906471,
7479041,0.81918806,
7479042,0.8312947,
7479043,0.8584067,
7479051,0.75262827,
7479052,0.79966867,
7479053,0.84095156,
7479056,0.7906384,
7479059,0.7469103,
7479060,0.7304222,
7479061,0.7160234,
7479062,0.68344826,
7479063,0.6926598,
7479064,0.6384589,
7479065,0.6231015,
7479066,0.71727335,
7479072,0.6970104,
7479124,0.3190208,
7479125,0.3658368,
7479126,0.21020626,
7479127,0.2190677,
7479128,0.7590365,
7479131,0.72892684,
7479132,0.83618623,
7479134,0.7432338,
7479135,0.7358665,
7479136,0.6869227,
7479137,0.67453706,
7479138,0.69447064,
7479139,0.59051406,
7479140,0.70818985,
7479141,0.776917,
7479142,0.5237941,
7479143,0.68383455,
7479144,0.75626534,
7479145,0.55782133,
7479146,0.74110246,
7479147,0.6913704,
7479148,0.8751974,
7479149,0.5611295,
7479150,0.5054894,
7479151,0.83585167,
7479153,0.6036578,
7479155,0.7152367,
7479158,0.79385346,
7479159,0.8033056,
7479160,0.82530725,
7479161,0.70364577,
7479162,0.7994383,
7479163,0.61983657,
7479164,0.5519833,
7479165,0.4643492,
7479166,0.48502448,
7479167,0.4478343,
7479168,0.56053275,
7479169,0.56150407,
7479171,0.68592745,
7479173,0.59663963,
7479177,0.77922523,
7479178,0.5386927,
7479179,0.5733311,
7479180,0.86201155,
7479182,0.54101944,
7479183,0.7450383,
7479184,0.4271424,
7479185,0.5415551,
7479186,0.42470613,
7479187,0.65639734,
7479188,0.7831306,
7479189,0.7748828,
7479190,0.656196,
7479191,0.697191,
7479192,0.7075856,
7479193,0.7439041,
7479194,0.735935,
7479195,0.62059116,
7479196,0.6314223,
7479197,0.76865363,
7479198,0.85215944,
7479199,0.7919811,
7479200,0.7811882,
7479201,0.690163,
7479202,0.8674203,
7479203,0.54993683,
7479204,0.6840896,
7479205,0.6469377,
7479206,0.8226975,
7479296,0.5043231,
7479297,0.53985626,
7479298,0.5432032,
7479299,0.57773197,
7479300,0.6345573,
7479301,0.63467914,
7479302,0.5801686,
7479303,0.5682316,
7479307,0.59698147,
7479308,0.5216911,
7479309,0.54157823,
7479310,0.55896413,
7479320,0.52722085,
7479321,0.6060514,
7479322,0.4830976,
7479323,0.5819847,
7479326,0.61764336,
7479327,0.6150802,
7479328,0.55195934,
7479329,0.58332175,
7479330,0.5673228,
7479331,0.5442307,
7479337,0.62128705,
7479361,0.9044086,
7479362,0.817153,
7479363,0.8045638,
7479364,0.82684773,
7479365,0.82169384,
7479366,0.8068962,
7479368,0.5816143,
7479369,0.52771217,
7479370,0.57228285,
7479371,0.50798935,
7479372,0.50010216,
7479373,0.5096204,
7479374,0.5496046,
7479375,0.4550177,
7479381,0.58965147,
7479383,0.5339183,
7479384,0.5378365,
7479411,0.90364784,
7479412,0.8773452,
7479413,0.7112286,
7479414,0.77468425,
7479415,0.69305,
7479416,0.73776555,
7479417,0.7104085,
7479418,0.71484846,
7479511,0.67065704,
7479514,0.7032238,
7479515,0.8067184,
7479516,0.7131761,
7479517,0.89375377,
7479518,0.7582685,
7479519,0.93153995,
7479520,0.7967664,
7479521,0.70145595,
7479522,0.66008884,
7479523,0.8104827,
7479524,0.7626369,
7479525,0.73869985,
7479526,0.7188143,
7479527,0.795663,
7479528,0.8531138,
7479529,0.79144484,
7479530,0.7859348,
7479531,0.82017076,
7479532,0.8407853,
7479533,0.9055198,
7479534,0.69325227,
7479535,0.73735523,
7479536,0.76433265,
7479537,0.8813197,
7479538,0.8717143,
7479539,0.73380715,
7479540,0.8434447,
7479541,0.7402963,
7479542,0.8374706,
7479543,0.8422674,
7479544,0.729299,
7479556,0.7630466,
7479557,0.68992126,
7479558,0.75362605,
7479559,0.5922218,
7479560,0.84021485,
7479561,0.856573,
7479562,0.67499536,
7479563,0.8523408,
7479564,0.82953274,
7479565,0.5945628,
7479566,0.74930006,
7479567,0.81588024,
7479568,0.8758655,
7479569,0.7897701,
7479570,0.5628949,
7479573,0.52588964,
7479599,0.5965308,
7479600,0.5954909,
7479722,0.8093067,
7479723,0.81373113,
7479725,0.9291947,
7479726,0.7933317,
7479727,0.7483203,
7479728,0.77881503,
7479729,0.6936139,
7479730,0.7315144,
7479731,0.76883936,
7479763,0.68112206,
7479764,0.7041959,
7479766,0.49267524,
7479767,0.6713583,
7479809,0.8267204,
7479810,0.8603392,
7479811,0.82628083,
7479813,0.68921417,
7479814,0.78215206,
7479815,0.6554,
7479816,0.8305775,
7479817,0.8453524,
7479818,0.7414736,
7479819,0.79069996,
7479820,0.7186009,
7479821,0.80261254,
7479822,0.7639599,
7479823,0.7647823,
7479824,0.7464595,
7479825,0.8534614,
7479826,0.79262394,
7479827,0.8787537,
7479828,0.8847562,
7479829,0.7204123,
7479831,0.71589094,
7479832,0.7611538,
7479833,0.88587475,
7479834,0.83354807,
7479835,0.84496385,
7479836,0.82780814,
7479837,0.75774753,
7479838,0.76182854,
7479840,0.60270745,
7479841,0.6730763,
7479842,0.82188004,
7479844,0.8247725,
7479971,0.9206775,
7480009,0.5376123,
7480010,0.55469394,
7480016,0.59417075,
7480017,0.63597953,
7480018,0.71444803,
7480020,0.68555266,
7480064,0.62514275,
7480067,0.8546583,
7480070,0.81760156,
7480073,0.5795666,
7480074,0.71687895,
7480076,0.76947695,
7480079,0.6495175,
7480080,0.8781969,
7480081,0.8002058,
7480082,0.8296113,
7480083,0.7565967,
7480084,0.81398547,
7480086,0.756816,
7480087,0.7301242,
7480088,0.8198153,
7480089,0.7940922,
7480091,0.77837104,
7480092,0.8613828,
7480093,0.7891955,
7480094,0.7734359,
7480095,0.90541494,
7480097,0.82261276,
7480098,0.69263417,
7480100,0.84039795,
7480102,0.7183122,
7480103,0.742892,
7480104,0.6672014,
7480106,0.79374385,
7480108,0.72485054,
7480113,0.7873517,
7480118,0.81130487,
7480142,0.8234662,
7480143,0.82916844,
7480145,0.8023486,
7480146,0.8684401,
7480183,0.6058458,
7480191,0.8693827,
7480192,0.56807756,
7480193,0.77167344,
7480194,0.73547494,
7480195,0.84225625,
7480196,0.8414394,
7480197,0.8299001,
7480199,0.79113925,
7480200,0.7868763,
7480201,0.7869384,
7480202,0.78422165,
7480203,0.822478,
7480206,0.8044195,
7480207,0.8480332,
7480208,0.8022708,
7480209,0.83219814,
7480210,0.7739577,
7480211,0.6510466,
7480212,0.74851954,
7480213,0.756125,
7480214,0.8185355,
7480215,0.84606206,
7480216,0.78505087,
7480217,0.8437061,
7480245,0.6313661,
7480265,0.5852738,
7480266,0.6139099,
7480267,0.46053037,
7480268,0.5697306,
7480329,0.8644022,
7480333,0.8522851,
7480334,0.8232118,
7480335,0.8697907,
7480380,0.81420183,
7480390,0.74430156,
7480391,0.7614477,
7480398,0.6578215,
7480399,0.76321644,
7480400,0.72442645,
7480401,0.865687,
7480402,0.70173657,
7480403,0.86215675,
7480404,0.85563606,
7480406,0.73154676,
7480407,0.90282345,
7480408,0.89512795,
7480409,0.89062715,
7480411,0.89982104,
7480412,0.88572234,
7480420,0.8565559,
7480421,0.80353034,
7480423,0.8138514,
7480424,0.64375204,
7480426,0.7590356,
7480427,0.807778,
7480428,0.89051247,
7480429,0.8384237,
7480430,0.83283925,
7480431,0.84329194,
7480432,0.8102115,
7480433,0.8177702,
7480434,0.7742402,
7480435,0.83713186,
7480440,0.6966597,
7480449,0.81019807,
7480450,0.7834807,
7480451,0.85621345,
7480455,0.78515893,
7480456,0.8278146,
7480458,0.81666195,
7480459,0.7676321,
7480460,0.7778185,
7480462,0.8502046,
7480464,0.76378465,
7480465,0.7205846,
7480466,0.7198017,
7480467,0.912848,
7480469,0.82716554,
7480470,0.8513118,
7480471,0.7575501,
7480472,0.48120108,
7480473,0.39730173,
7480474,0.61920214,
7480475,0.6620566,
7480476,0.7995727,
7480477,0.7120258,
7480479,0.6397171,
7480480,0.4413849,
7480481,0.6172984,
7480482,0.74987054,
7480483,0.7243602,
7480484,0.38845858,
7480485,0.52961695,
7480486,0.75966144,
7480488,0.61896557,
7480490,0.80236185,
7480491,0.79389536,
7480492,0.657356,
7480493,0.8658231,
7480495,0.78764313,
7480496,0.8055986,
7480497,0.82174724,
7480498,0.841763,
7480499,0.8217005,
7480523,0.70278096,
7480524,0.7882238,
7480526,0.40723705,
7480527,0.818624,
7480530,0.6588865,
7480532,0.6566637,
7480534,0.85181814,
7480535,0.7726323,
7480537,0.59311116,
7480538,0.80882996,
7480540,0.8553206,
7480541,0.71896887,
7480542,0.81467646,
7480543,0.8177091,
7480546,0.6948289,
7480547,0.8576898,
7480548,0.8698491,
7480554,0.6605515,
7480558,0.6856902,
7480561,0.832972,
7480562,0.8156826,
7480563,0.651536,
7480564,0.7938599,
7480565,0.8604728,
7480566,0.68114656,
7480567,0.8332618,
7480570,0.7308797,
7480575,0.8282787,
7480583,0.5709783,
7480629,0.72879237,
7480633,0.8697147,
7480636,0.8043397,
7480637,0.8390022,
7480639,0.6163765,
7480642,0.84390175,
7480643,0.7270863,
7480647,0.51033515,
7480651,0.85905606,
7480652,0.6775625,
7480653,0.7042033,
7480661,0.79929507,
7480662,0.85683435,
7480664,0.8177324,
7480666,0.74074954,
7480668,0.85899305,
7480670,0.73868906,
7480675,0.51705426,
7480677,0.7547505,
7480687,0.71674997,
7480707,0.79694664,
7480708,0.7084963,
7480709,0.7602684,
7480710,0.69806117,
7480711,0.6457065,
7480712,0.72949135,
7480720,0.8246242,
7480723,0.6709322,
7480761,0.8012688,
7480766,0.86409307,
7480768,0.8114852,
7480769,0.80272126,
7480770,0.7173604,
7480771,0.7614091,
7480772,0.7168827,
7480773,0.81272334,
7480775,0.73149383,
7480776,0.82053006,
7480777,0.8222879,
7480778,0.82931525,
7480779,0.7852864,
7480780,0.83539534,
7480781,0.82020324,
7480782,0.8780822,
7480783,0.7714201,
7480784,0.83542943,
7480785,0.74283266,
7480786,0.8219519,
7480787,0.82186055,
7480788,0.8286134,
7480790,0.7993167,
7480791,0.80117697,
7480792,0.8607974,
7480793,0.5826681,
7480794,0.85685515,
7480795,0.7310254,
7480796,0.62056494,
7480797,0.75107175,
7480799,0.7957894,
7480801,0.8030178,
7480810,0.7112334,
7480812,0.7131173,
7480813,0.6060287,
7480814,0.89794034,
7480815,0.78158134,
7480817,0.82950675,
7480818,0.83205897,
7480820,0.7636258,
7480821,0.85000384,
7480822,0.62786764,
7480823,0.5705671,
7480824,0.8360674,
7480825,0.7142422,
7480826,0.5159778,
7480827,0.7830786,
7480829,0.82265633,
7480831,0.86405295,
7480832,0.9249152,
7480834,0.77701586,
7480836,0.75443953,
7480837,0.7149293,
7480838,0.75890046,
7480839,0.7339033,
7480840,0.83125216,
7480841,0.7911986,
7480842,0.8452395,
7480843,0.8859366,
7480844,0.70946336,
7480845,0.7724539,
7480846,0.7685439,
7480847,0.8178389,
7480849,0.88358676,
7480850,0.79231495,
7480851,0.86351484,
7480852,0.78911257,
7480873,0.7992771,
7480874,0.7539469,
7480875,0.7933065,
7480904,0.73801273,
7480905,0.70783216,
7480906,0.7954131,
7480907,0.6863611,
7481228,0.81554925,
7481229,0.70391184,
7481230,0.8288405,
7481232,0.77416533,
7481233,0.7869144,
7481234,0.7794414,
7481235,0.70397455,
7481236,0.756547,
7481238,0.7213925,
7481239,0.8656235,
7481376,0.7047788,
7481377,0.8381884,
7481378,0.80266875,
7481380,0.72599864,
7481381,0.8685291,
7481382,0.80120206,
7481384,0.8098654,
7481385,0.85443205,
7481386,0.78441906,
7481388,0.8620057,
7481389,0.82686895,
7481390,0.7126051,
7481391,0.8759874,
7481392,0.836636,
7481427,0.49986428,
7481428,0.5241897,
7481714,0.6946109,
7481760,0.71509194,
7481778,0.6474018,
7481779,0.5825893,
7481780,0.7007389,
7481781,0.8118983,
7481782,0.7135408,
7481783,0.8093517,
7481784,0.6353503,
7481785,0.6252996,
7481788,0.6512272,
7481789,0.78031784,
7481790,0.84214944,
7481791,0.6358742,
7481792,0.77730036,
7481793,0.74718213,
7481794,0.6462379,
7481795,0.8196302,
7481799,0.55723476,
7481801,0.61448336,
7481803,0.5264515,
7481806,0.43953818,
7481807,0.6063938,
7481808,0.757242,
7481809,0.5310692,
7481810,0.43732893,
7481812,0.8093974,
7481813,0.63223636,
7481814,0.848371,
7481840,0.61238104,
7481841,0.7471347,
7481842,0.6202293,
7481843,0.58292353,
7481857,0.7430034,
7481858,0.72686905,
7481859,0.59614116,
7481860,0.82869637,
7481861,0.69078016,
7481862,0.86214566,
7481863,0.8897487,
7481864,0.76201165,
7481865,0.8534739,
7481879,0.7150385,
7481882,0.6823705,
7481883,0.6766445,
7481884,0.6845279,
7481885,0.78610635,
7481888,0.85606885,
7481889,0.7375316,
7481890,0.78568697,
7481891,0.49722895,
7481892,0.7940674,
7481893,0.65947974,
7481903,0.65249556,
7481905,0.88227683,
7481906,0.6077546,
7481907,0.66723806,
7481908,0.61679757,
7481909,0.62077063,
7481910,0.74841297,
7481911,0.71561337,
7481921,0.85140777,
7481922,0.81580555,
7481932,0.7732295,
7481949,0.86578524,
7481950,0.7595046,
7481967,0.5697942,
7481968,0.68609416,
7481973,0.73615265,
7481974,0.78567684,
7481977,0.76144034,
7481980,0.828927,
7481982,0.71884984,
7482003,0.83208245,
7482044,0.82813793,
7482045,0.8329474,
7482046,0.7701014,
7482047,0.76004475,
7482048,0.5433513,
7482049,0.45115912,
7482070,0.81761205,
7482071,0.7669689,
7482072,0.79698765,
7482073,0.8269383,
7482074,0.6997165,
7482075,0.82311463,
7482076,0.8266129,
7482077,0.7876079,
7482078,0.76604074,
7482079,0.8775229,
7482080,0.48129466,
7482081,0.7847316,
7482085,0.873463,
7482087,0.83589333,
7482089,0.7664948,
7482090,0.81614226,
7482093,0.7270642,
7482095,0.7190729,
7482096,0.616202,
7482097,0.5274161,
7482098,0.733617,
7482099,0.7581206,
7482100,0.7539977,
7482101,0.6880908,
7482102,0.6802934,
7482103,0.689727,
7482104,0.8828257,
7482105,0.6580058,
7482106,0.7413125,
7482107,0.751541,
7482114,0.5991855,
7482230,0.83519715,
7482231,0.8877412,
7482232,0.88794357,
7482233,0.82318705,
7482234,0.7744093,
7482235,0.8065702,
7482238,0.80199486,
7482239,0.8505234,
7482240,0.72395486,
7482248,0.8945543,
7482249,0.80489963,
7482250,0.6877193,
7482252,0.7096893,
7482253,0.82496107,
7482254,0.677211,
7482255,0.8380216,
7482256,0.6829371,
7482257,0.7187182,
7482258,0.73958194,
7482259,0.8885446,
7482260,0.87651694,
7482261,0.7496841,
7482262,0.809969,
7482263,0.72014326,
7482266,0.8055772,
7482267,0.6036718,
7482269,0.8100769,
7482273,0.73191226,
7482283,0.86948884,
7482285,0.76552486,
7482286,0.72543794,
7482287,0.667396,
7482289,0.6349578,
7482290,0.49098313,
7482291,0.8549278,
7482294,0.84642637,
7482295,0.72760034,
7482296,0.7387652,
7482297,0.7560774,
7482298,0.6322222,
7482299,0.77208304,
7482300,0.7395185,
7482301,0.6565324,
7482302,0.79271096,
7482303,0.7845208,
7482304,0.878927,
7482444,0.82281405,
7482445,0.8523183,
7482446,0.8063605,
7482449,0.640627,
7482450,0.6763753,
7482451,0.6836626,
7482452,0.82412606,
7482453,0.86347336,
7482454,0.8680243,
7482455,0.85811347,
7482458,0.8801215,
7482467,0.8230916,
7482468,0.84387803,
7482473,0.8738331,
7482474,0.8427481,
7482476,0.7712057,
7482594,0.86109996,
7482596,0.83679545,
7482597,0.8205991,
7482598,0.75881714,
7482599,0.8617553,
7482600,0.864709,
7482601,0.7903059,
7482602,0.8739433,
7482603,0.8606003,
7482604,0.82174045,
7482605,0.8106645,
7482606,0.81543875,
7482607,0.78435624,
7482608,0.8000476,
7482609,0.782033,
7482610,0.83215404,
7482611,0.84273607,
7482739,0.8940971,
7482740,0.8827835,
7482741,0.88233495,
7482742,0.8866253,
7482743,0.8856254,
7482744,0.87391514,
7482745,0.90372247,
7482746,0.8410059,
7482747,0.7949637,
7482748,0.8062082,
7482749,0.7676055,
7482841,0.68196756,
7482878,0.85947907,
7482881,0.87708426,
7482882,0.6714625,
7482884,0.7612126,
7482885,0.71080065,
7482886,0.61397976,
7482887,0.62310946,
7482888,0.7659201,
7482889,0.7825284,
7482890,0.72074294,
7482891,0.685193,
7482892,0.83999884,
7482893,0.76508814,
7482894,0.7472417,
7482895,0.7512978,
7482896,0.7471113,
7482897,0.8561618,
7482898,0.72253245,
7482899,0.73775727,
7482900,0.8147663,
7482901,0.78551626,
7482903,0.30330873,
7482904,0.31662962,
7482905,0.30685204,
7482906,0.35569286,
7482907,0.29217583,
7482908,0.27384052,
7482909,0.25800326,
7482910,0.33039948,
7482911,0.26822424,
7482912,0.24014129,
7482913,0.26392362,
7482914,0.25452852,
7482915,0.32558107,
7482916,0.29145417,
7482917,0.3219046,
7482918,0.27854636,
7482919,0.21846896,
7482920,0.2658932,
7482921,0.26554522,
7482922,0.291571,
7482923,0.2749487,
7482924,0.4087293,
7482926,0.2977697,
7482927,0.29384023,
7482928,0.30107042,
7482929,0.28741512,
7482930,0.27562675,
7482931,0.311205,
7482932,0.252282,
7482933,0.26451552,
7482934,0.34294403,
7482935,0.3104706,
7482936,0.3630695,
7482937,0.23304465,
7482938,0.22225119,
7482939,0.27436835,
7482940,0.3017277,
7482941,0.28168535,
7482942,0.2662822,
7482943,0.20267904,
7482944,0.32517827,
7482945,0.24784128,
7482946,0.25339916,
7482947,0.31943068,
7482948,0.30777717,
7482949,0.30612385,
7482950,0.3275219,
7482951,0.24815468,
7482952,0.2792806,
7482953,0.2307064,
7482954,0.61994684,
7482955,0.71633756,
7482956,0.8234027,
7482957,0.8893113,
7482958,0.6742365,
7482959,0.7786821,
7482960,0.73529017,
7482961,0.8758618,
7482962,0.79545665,
7482963,0.79808146,
7482964,0.26920238,
7482965,0.3525317,
7482966,0.29823047,
7482967,0.29465622,
7482968,0.25363657,
7482969,0.2557562,
7482970,0.3282094,
7482971,0.27670872,
7482972,0.30393,
7482973,0.35491818,
7482974,0.30956498,
7482975,0.3083014,
7483008,0.8399088,
7483009,0.6863864,
7483010,0.7449896,
7483031,0.8672719,
7483035,0.85379905,
7483036,0.89354813,
7483038,0.7509965,
7483039,0.7644217,
7483043,0.30831236,
7483047,0.33651242,
7483053,0.8371781,
7483054,0.84059244,
7483056,0.9090822,
7483057,0.80463403,
7483058,0.6173556,
7483060,0.773954,
7483061,0.85303396,
7483062,0.78529537,
7483063,0.86075646,
7483068,0.8086358,
7483069,0.7911425,
7483070,0.82959306,
7483071,0.84257025,
7483072,0.7444045,
7483073,0.82164735,
7483074,0.77413183,
7483075,0.7205641,
7483117,0.84227896,
7483120,0.76486087,
7483121,0.8713497,
7483147,0.81377494,
7483148,0.8337071,
7483149,0.84141695,
7483161,0.8196855,
7483162,0.80078346,
7483168,0.7826197,
7483169,0.8107634,
7483170,0.7846169,
7483171,0.7671257,
7483172,0.68673253,
7483310,0.351449,
7483311,0.2819481,
7483312,0.26556414,
7483313,0.28973305,
7483314,0.26955345,
7483318,0.81968755,
7483322,0.8483409,
7483337,0.8042997,
7483338,0.7739813,
7483339,0.8466072,
7483340,0.73364925,
7483341,0.8644913,
7483343,0.7503232,
7483344,0.7914469,
7483345,0.8584456,
7483346,0.7238772,
7483347,0.67467785,
7483601,0.28249007,
7483797,0.80296504,
7483798,0.81268495,
7483799,0.69068974,
7483801,0.8220878,
7483802,0.69218373,
7483803,0.85448897,
7483804,0.81488466,
7483823,0.91246694,
7483824,0.8770813,
7483825,0.75889146,
7483826,0.74863476,
7484151,0.6702293,
7484266,0.8188266,
7484267,0.7901188,
7484268,0.6734526,
7484269,0.8592417,
7484270,0.82093996,
7484271,0.8515671,
7484272,0.89280415,
7484273,0.83819884,
7484311,0.8173218,
7484313,0.80003464,
7484314,0.6621355,
7484317,0.86315477,
7484318,0.85116655,
7484320,0.88740313,
7484321,0.8782429,
7484322,0.89098597,
7484327,0.63885146,
7484328,0.792045,
7484329,0.7720457,
7484330,0.6868509,
7484333,0.7619684,
7484334,0.82473564,
7484335,0.7889815,
7484336,0.76576906,
7484643,0.42082614,
7484644,0.3680826,
7484645,0.3458034,
7484646,0.32939994,
7484647,0.27344772,
7484648,0.20844504,
7484655,0.2905383,
7484656,0.20165193,
7484659,0.38476896,
7484781,0.23231533,
7484782,0.32800502,
7484783,0.28177568,
7484784,0.42113313,
7484785,0.40558508,
7484786,0.27639332,
7484787,0.2791048,
7484788,0.32828373,
7484789,0.21559626,
7484790,0.3095084,
7484791,0.271998,
7484792,0.22485039,
7484793,0.4149652,
7484794,0.28906286,
7484795,0.24933365,
7484797,0.32060653,
7484798,0.29440814,
7484801,0.23027474,
7484833,0.83399177,
7484834,0.88211745,
7484836,0.8662538,
7484837,0.90988904,
7484838,0.90486985,
7484839,0.71959186,
7484842,0.71923053,
7484843,0.65258986,
7484844,0.8642259,
7484845,0.6960247,
7484850,0.72367126,
7484852,0.7987059,
7484853,0.73616946,
7484854,0.86421764,
7484855,0.7388391,
7484858,0.51863235,
7484859,0.78964543,
7484860,0.7666237,
7484861,0.71850556,
7484862,0.68270004,
7484863,0.6370065,
7484866,0.6316157,
7484867,0.6478348,
7484922,0.83242196,
7484923,0.73506993,
7484970,0.86094064,
7484971,0.83605593,
7484972,0.7610416,
7484978,0.73959285,
7484979,0.6514972,
7484980,0.66296744,
7484981,0.6060758,
7484982,0.77015376,
7484983,0.7520013,
7484984,0.70625716,
7484985,0.6920018,
7484986,0.65569514,
7484987,0.6696977,
7484992,0.70394826,
7484993,0.7376279,
7484995,0.8072725,
7485011,0.5783414,
7485012,0.5491439,
7485013,0.62498766,
7485014,0.6198927,
7485015,0.4444155,
7485016,0.446951,
7485049,0.5052266,
7485057,0.4390665,
7485058,0.4466288,
7485059,0.744087,
7485060,0.73135775,
7485061,0.8465101,
7485062,0.7870812,
7485063,0.78338253,
7485064,0.7961737,
7485065,0.73634803,
7485067,0.6749201,
7485068,0.65691245,
7485074,0.6839191,
7485075,0.7536472,
7485076,0.7781141,
7485077,0.7015681,
7485078,0.59205925,
7485079,0.80774075,
7485080,0.82944804,
7485081,0.75386,
7485082,0.7261891,
7485083,0.5779202,
7485084,0.8554205,
7485085,0.6262975,
7485086,0.6460165,
7485087,0.7994719,
7485089,0.74882567,
7485090,0.598389,
7485091,0.92933273,
7485092,0.7376736,
7485093,0.8453164,
7485094,0.6470514,
7485095,0.84322006,
7485096,0.69010586,
7485097,0.85541105,
7485098,0.59747493,
7485099,0.7144511,
7485107,0.8215114,
7485169,0.798909,
7485170,0.7795651,
7485171,0.68258095,
7485172,0.7511081,
7485173,0.5629416,
7485174,0.77134806,
7485175,0.7432633,
7485176,0.70337296,
7485177,0.7001968,
7485178,0.66549855,
7485179,0.8141727,
7485180,0.6493756,
7485181,0.77991086,
7485183,0.6967398,
7485184,0.6910676,
7485185,0.73482716,
7485186,0.60609883,
7485187,0.45057234,
7485188,0.6831043,
7485189,0.73133546,
7485192,0.76428515,
7485193,0.76970553,
7485194,0.7858543,
7485195,0.6021483,
7485196,0.7341315,
7485197,0.7239008,
7485198,0.7971917,
7485199,0.78473306,
7485200,0.77347904,
7485201,0.7452568,
7485203,0.61618114,
7485208,0.680931,
7485209,0.6399275,
7485210,0.84804815,
7485211,0.45870844,
7485212,0.4658982,
7485213,0.820673,
7485214,0.77266866,
7485215,0.6927432,
7485216,0.8094783,
7485217,0.518514,
7485218,0.5248087,
7485219,0.7237846,
7485220,0.55918926,
7485251,0.77269053,
7485254,0.77336496,
7485255,0.76352614,
7485256,0.7834944,
7485257,0.79554945,
7485259,0.8442456,
7485260,0.583878,
7485261,0.7073987,
7485263,0.7297164,
7485264,0.909769,
7485265,0.83166337,
7485266,0.57658416,
7485267,0.6165599,
7485269,0.5108425,
7485270,0.7201109,
7485271,0.77940995,
7485272,0.72810394,
7485275,0.8300699,
7485276,0.8521471,
7485278,0.81161314,
7485279,0.45116767,
7485284,0.8165463,
7485294,0.35808587,
7485296,0.86773366,
7485298,0.8084063,
7485299,0.8132907,
7485307,0.8450901,
7485310,0.8225345,
7485313,0.8020254,
7485318,0.68654025,
7485320,0.75970995,
7485321,0.8510816,
7485322,0.79457223,
7485334,0.7457965,
7485335,0.5657853,
7485336,0.8108393,
7485337,0.8120358,
7485338,0.85040325,
7485339,0.8680086,
7485340,0.8779011,
7485342,0.87972283,
7485343,0.93598753,
7485344,0.92900425,
7485362,0.76370823,
7485516,0.24929994,
7485517,0.2885513,
7485518,0.23364587,
7485519,0.26871115,
7485520,0.22051163,
7485521,0.27342007,
7485522,0.27069035,
7485523,0.24197614,
7485524,0.25835758,
7485525,0.24851125,
7485527,0.28233042,
7485528,0.38354382,
7485529,0.32787964,
7485530,0.23322734,
7485531,0.2445994,
7485533,0.24313653,
7485534,0.2609202,
7485535,0.29750338,
7485536,0.23632386,
7485537,0.22257127,
7485538,0.21592772,
7485539,0.27219605,
7485540,0.27270478,
7485541,0.22844282,
7485542,0.23379727,
7485543,0.38024586,
7485733,0.7447223,
7485734,0.81067246,
7485735,0.89084744,
7485736,0.85904914,
7486289,0.9202362,
7486441,0.75913966,
7486442,0.69070446,
7486443,0.6913148,
7486542,0.74764764,
7486553,0.8343981,
7486554,0.85545045,
7486555,0.82982856,
7486556,0.81180614,
7486572,0.78965396,
7486573,0.6566211,
7486576,0.8037262,
7486581,0.7323558,
7486584,0.7614101,
7486585,0.7975003,
7486591,0.6967361,
7486593,0.71059024,
7486595,0.7321969,
7486601,0.8273892,
7486602,0.7756318,
7486603,0.82861906,
7486604,0.8639344,
7486605,0.8846001,
7486610,0.8829013,
7486611,0.8326671,
7486612,0.80580443,
7486615,0.79572994,
7486616,0.8121787,
7486617,0.7980575,
7486618,0.8195481,
7486621,0.7777713,
7486658,0.8433772,
7486659,0.8441959,
7486660,0.8020681,
7486661,0.83986306,
7486662,0.879676,
7486663,0.886441,
7486664,0.90772104,
7486665,0.83900595,
7486666,0.8972501,
7486667,0.8533471,
7486668,0.6931647,
7486669,0.60257846,
7486674,0.7576896,
7486685,0.7516403,
7486686,0.80625206,
7486687,0.7402987,
7486688,0.39454627,
7486689,0.6094745,
7486690,0.73466843,
7486691,0.65836376,
7486692,0.64852923,
7486701,0.8669673,
7486702,0.7158267,
7486703,0.8027013,
7486704,0.71593666,
7486705,0.8280379,
7486707,0.8481667,
7486708,0.6223491,
7486709,0.7433153,
7486710,0.7222786,
7486713,0.9054978,
7486714,0.9182709,
7486892,0.76922584,
7487310,0.77933323,
7487312,0.78403634,
7487313,0.82087886,
7487314,0.8339564,
7487315,0.81681204,
7487316,0.8334803,
7487317,0.8005797,
7487318,0.749566,
7487319,0.72666013,
7487320,0.7673915,
7487321,0.7148832,
7487322,0.7110374,
7487323,0.6400128,
7487324,0.6304,
7487325,0.64867955,
7487326,0.8017939,
7487327,0.8266034,
7487344,0.6289723,
7487352,0.8649984,
7487361,0.79732597,
7487366,0.7960447,
7487367,0.7475442,
7487368,0.9060111,
7487380,0.8583239,
7487381,0.7401998,
7487382,0.7519467,
7487383,0.7718097,
7487384,0.5841841,
7487385,0.8594557,
7487387,0.92703176,
7487388,0.92887276,
7487389,0.84087616,
7487393,0.8097292,
7487413,0.83024806,
7487418,0.84532565,
7487419,0.7103414,
7487493,0.8889464,
7487494,0.89011717,
7487495,0.8378961,
7487496,0.76720643,
7487498,0.79498094,
7487499,0.81360424,
7487500,0.8131848,
7487501,0.87793434,
7487502,0.83211005,
7487503,0.8184253,
7487504,0.70311517,
7487540,0.874162,
7487541,0.90296614,
7487542,0.8807346,
7487560,0.6370986,
7487561,0.5794051,
7487562,0.46375203,
7487564,0.7045071,
7487565,0.5561023,
7487566,0.80042726,
7487567,0.5534427,
7487568,0.6619845,
7487569,0.56635296,
7487570,0.6964194,
7487571,0.47520363,
7487572,0.7083983,
7487573,0.79832536,
7487574,0.6319284,
7487575,0.74059224,
7487577,0.56321645,
7487582,0.65589064,
7487583,0.7408914,
7487584,0.72878927,
7487585,0.84567624,
7487594,0.8534038,
7487595,0.8143538,
7487598,0.6918664,
7487599,0.69531935,
7487600,0.67584336,
7487601,0.48134786,
7487602,0.6980487,
7487603,0.5822975,
7487604,0.61705816,
7487605,0.81035185,
7487606,0.79870933,
7487607,0.6369574,
7487608,0.73371357,
7487609,0.64634234,
7487610,0.6596912,
7487611,0.5156098,
7487613,0.7289964,
7487614,0.7051211,
7487615,0.82018864,
7487616,0.77385527,
7487617,0.7085644,
7487618,0.7227151,
7487619,0.7199956,
7487620,0.6593643,
7487621,0.8243366,
7487622,0.7748136,
7487623,0.8438337,
7487624,0.7298319,
7487625,0.70475525,
7487626,0.7487484,
7487627,0.66953224,
7487628,0.79129,
7487629,0.5336614,
7487630,0.63979846,
7487631,0.85380185,
7487632,0.88706857,
7487633,0.8929775,
7487634,0.7612302,
7487647,0.57268244,
7487648,0.73230875,
7487649,0.72541326,
7487651,0.70271605,
7487652,0.7278852,
7487653,0.6987494,
7487654,0.8203653,
7487655,0.8419201,
7487656,0.8110557,
7487657,0.43717596,
7487658,0.6508013,
7487659,0.7406961,
7487660,0.77760977,
7487661,0.7766176,
7487662,0.88443273,
7487663,0.7856112,
7487664,0.8962992,
7487665,0.63923997,
7487666,0.72530276,
7487682,0.64423764,
7487683,0.66345495,
7487684,0.7948211,
7487685,0.7356594,
7487686,0.7707947,
7487689,0.6559302,
7487690,0.7135581,
7487691,0.6213881,
7487692,0.66698533,
7487693,0.8041202,
7487694,0.7555608,
7487695,0.7551206,
7487696,0.69136643,
7487697,0.69210494,
7487698,0.8259627,
7487699,0.6504968,
7487700,0.82213235,
7487701,0.7432738,
7487703,0.55400604,
7487704,0.55925393,
7487705,0.7259695,
7487706,0.69953114,
7487707,0.73984873,
7487708,0.7056946,
7487709,0.5251919,
7487710,0.62726104,
7487711,0.71273273,
7487712,0.75721115,
7487713,0.686332,
7487714,0.7833032,
7487715,0.5631138,
7487716,0.76009303,
7487717,0.75808144,
7487721,0.595254,
7487722,0.50534487,
7487723,0.60335684,
7487725,0.7518385,
7487726,0.8985591,
7487728,0.8061898,
7487730,0.8130552,
7487734,0.6680358,
7487737,0.8334086,
7487739,0.6404902,
7487741,0.74358696,
7487742,0.815308,
7487745,0.767908,
7487748,0.8225868,
7487749,0.5345771,
7487751,0.5057593,
7487754,0.87122416,
7487755,0.83823586,
7487757,0.6091322,
7487759,0.75487053,
7487761,0.5916863,
7487765,0.89477146,
7487766,0.67610234,
7487769,0.6970968,
7487770,0.8194757,
7487771,0.8457377,
7487776,0.90437543,
7487801,0.8853977,
7487803,0.82659584,
7487805,0.7611151,
7487807,0.81472754,
7487810,0.8449577,
7487811,0.73327404,
7487812,0.7452475,
7487816,0.6839509,
7487819,0.8465471,
7487823,0.66103756,
7487825,0.7583023,
7487826,0.6593788,
7487827,0.6646974,
7487830,0.83668876,
7487831,0.7912317,
7488021,0.69488215,
7488023,0.71809965,
7488025,0.77674425,
7488026,0.8532848,
7488028,0.7553682,
7488029,0.8166573,
7488030,0.7878515,
7488067,0.78179395,
7488256,0.75028396,
7488257,0.89777493,
7488258,0.91860574,
7488259,0.78560585,
7488260,0.7023017,
7488261,0.7092754,
7488262,0.8422579,
7488263,0.7442638,
7488264,0.77871597,
7488268,0.7128301,
7488272,0.91197705,
7488274,0.87924904,
7488275,0.8605584,
7488276,0.79787326,
7488277,0.79573196,
7488278,0.7957813,
7488279,0.8287051,
7488280,0.7911513,
7488281,0.7887649,
7488291,0.8049023,
7488298,0.79488176,
7488305,0.767949,
7488310,0.6846682,
7488321,0.7625562,
7488323,0.7607015,
7488328,0.74091655,
7488330,0.8881989,
7488333,0.909341,
7488334,0.7732241,
7488335,0.8561346,
7488342,0.9109326,
7488357,0.80669725,
7488358,0.80714136,
7488360,0.92452943,
7488362,0.7390456,
7488366,0.7226445,
7488367,0.7320997,
7488368,0.7010648,
7488369,0.6887,
7488377,0.8963059,
7488379,0.72841316,
7488381,0.76567936,
7488382,0.80627966,
7488383,0.5148386,
7488384,0.6646735,
7488385,0.47182852,
7488387,0.7141228,
7488390,0.9012057,
7488391,0.8709912,
7488392,0.46594012,
7488393,0.52642846,
7488396,0.8951583,
7488401,0.68107426,
7488409,0.7044025,
7488411,0.7080464,
7488418,0.74012196,
7488420,0.6924206,
7488422,0.72512877,
7488423,0.7572153,
7488445,0.6820607,
7488447,0.8820068,
7488448,0.7324337,
7488455,0.7403937,
7488456,0.84916943,
7488458,0.7890263,
7488459,0.8514276,
7488461,0.7894285,
7488463,0.79663867,
7488464,0.61292076,
7488466,0.85242397,
7488468,0.7439305,
7488472,0.80128294,
7488473,0.68837273,
7488475,0.7677608,
7488476,0.7301199,
7488478,0.73416513,
7488483,0.6268198,
7488484,0.60501724,
7488485,0.8917405,
7488487,0.79082,
7488490,0.58279485,
7488496,0.7568262,
7488497,0.8318521,
7488498,0.8429175,
7488499,0.75617343,
7488500,0.8824322,
7488502,0.8358209,
7488503,0.81242025,
7488504,0.846691,
7488505,0.845561,
7488506,0.49041986,
7488508,0.55731034,
7488511,0.7651699,
7488512,0.6310912,
7488514,0.7523382,
7488518,0.5874163,
7488519,0.7230345,
7488521,0.7272063,
7488524,0.68934184,
7488525,0.76244915,
7488528,0.7467652,
7488529,0.64456475,
7488533,0.66389054,
7488534,0.57573473,
7488535,0.62218523,
7488537,0.7615206,
7488538,0.7957692,
7488539,0.81432647,
7488541,0.8041458,
7488542,0.6699515,
7488544,0.60427123,
7488546,0.7099686,
7488548,0.53801465,
7488550,0.5282655,
7488551,0.7753249,
7488553,0.7627115,
7488554,0.8427378,
7488555,0.7697872,
7488556,0.72676426,
7488558,0.7369861,
7488559,0.8379069,
7488560,0.59666115,
7488561,0.49774593,
7488562,0.5452875,
7488563,0.7257895,
7488564,0.8994678,
7488565,0.510487,
7488566,0.5275742,
7488567,0.511838,
7488568,0.6573696,
7488569,0.6788125,
7488570,0.6871871,
7488572,0.80899155,
7488573,0.7983141,
7488575,0.713738,
7488576,0.73886985,
7488577,0.7438639,
7488579,0.80645114,
7488580,0.76579815,
7488581,0.77463216,
7488583,0.64607835,
7488584,0.5700148,
7488585,0.67726797,
7488587,0.6656035,
7488588,0.75859815,
7488590,0.44810808,
7488591,0.4355932,
7488593,0.41902193,
7488598,0.50091356,
7488599,0.54671973,
7488600,0.6044466,
7488603,0.7185689,
7488605,0.70580167,
7488606,0.8014502,
7488607,0.8195984,
7488608,0.71231943,
7488610,0.72360814,
7488611,0.6611147,
7488612,0.71799606,
7488613,0.66609716,
7488614,0.7350163,
7488616,0.7851205,
7488618,0.39267954,
7488620,0.66159976,
7488621,0.7440213,
7488623,0.66075015,
7488635,0.80049556,
7488689,0.8605973,
7488698,0.73783123,
7488700,0.75073576,
7488701,0.6899911,
7488702,0.7036391,
7488703,0.81325096,
7488704,0.59578735,
7488705,0.72004694,
7488706,0.57233363,
7488707,0.79782367,
7488708,0.6028858,
7488709,0.5099928,
7488737,0.7957178,
7488743,0.78515416,
7488744,0.6596122,
7488745,0.7512553,
7488746,0.8308383,
7488747,0.8200755,
7488748,0.67303085,
7488749,0.85675657,
7488750,0.6913829,
7488751,0.84050673,
7488752,0.8146716,
7488753,0.75289893,
7488754,0.80104744,
7488755,0.80722344,
7488756,0.86744905,
7488757,0.84390104,
7488758,0.8726727,
7488759,0.683769,
7488760,0.79700524,
7488761,0.8101787,
7488762,0.53526944,
7488769,0.7705555,
7488770,0.5953787,
7488801,0.8283077,
7488802,0.78101826,
7488815,0.7847397,
7488816,0.82703227,
7488817,0.71258646,
7488818,0.7418035,
7488819,0.74215895,
7488820,0.78156674,
7488821,0.8123957,
7488822,0.765248,
7488823,0.7178543,
7488929,0.7631181,
7488931,0.8919039,
7488933,0.6650275,
7488937,0.7019711,
7488938,0.5038298,
7488939,0.83151793,
7488940,0.7695604,
7488941,0.80033064,
7488942,0.8066541,
7488945,0.44188643,
7488973,0.68656784,
7488975,0.737073,
7488976,0.8329732,
7488977,0.8371538,
7489321,0.7127868,
7489322,0.6691341,
7489323,0.6138741,
7489326,0.7211468,
7489327,0.70836157,
7489328,0.61694694,
7489329,0.43733466,
7489330,0.5982523,
7489331,0.62023467,
7489332,0.6153663,
7489333,0.6483774,
7489334,0.72113913,
7489335,0.7153216,
7489336,0.73206896,
7489337,0.7342465,
7489338,0.73661214,
7489339,0.77542716,
7489340,0.65078264,
7489342,0.6373412,
7489343,0.6897832,
7489344,0.85628253,
7489345,0.8122236,
7489346,0.8146138,
7489347,0.78954995,
7489348,0.78637826,
7489349,0.70554197,
7489350,0.6164381,
7489351,0.60336965,
7489352,0.5755832,
7489354,0.79475033,
7489355,0.73264456,
7489356,0.7693449,
7489357,0.6843495,
7489426,0.8548009,
7489427,0.47713318,
7489428,0.6010811,
7489429,0.5634495,
7489430,0.59103453,
7489431,0.54546535,
7489432,0.700261,
7489433,0.57519114,
7489484,0.55211633,
7489485,0.6211156,
7489486,0.54692143,
7489487,0.57540387,
7489489,0.68530285,
7489490,0.6914329,
7489492,0.7127973,
7489493,0.74123204,
7489494,0.68772924,
7489496,0.7092962,
7489497,0.7371023,
7489498,0.78552127,
7489814,0.6449494,
7489815,0.85994124,
7489816,0.79169333,
7489817,0.7267423,
7489818,0.8382806,
7489819,0.7073666,
7489820,0.8346416,
7489821,0.8950983,
7489822,0.8600531,
7489823,0.65741843,
7489824,0.76947606,
7489825,0.84147763,
7489826,0.79910815,
7489827,0.87188035,
7489829,0.8607259,
7489831,0.69016117,
7489837,0.84325635,
7489838,0.86205584,
7489845,0.8771998,
7489846,0.90905535,
7489874,0.8468714,
7489875,0.7863152,
7489876,0.86027366,
7489879,0.87139547,
7489880,0.61418784,
7489881,0.7247714,
7489882,0.82232195,
7490192,0.57580495,
7490193,0.5765962,
7490194,0.5154073,
7490404,0.7685048,
7490405,0.7413798,
7490406,0.8450826,
7490407,0.6852919,
7490408,0.7617224,
7490409,0.6924317,
7490410,0.65761155,
7490411,0.7017253,
7490412,0.7499006,
7490413,0.70129377,
7490414,0.6681097,
7490415,0.71204376,
7490608,0.81077576,
7490609,0.82065284,
7490610,0.8614667,
7490724,0.8096302,
7490725,0.78244466,
7490726,0.79910666,
7490727,0.764949,
7490728,0.7952523,
7490729,0.79772407,
7490730,0.7291813,
7490731,0.7159494,
7490732,0.7333878,
7490733,0.8157713,
7490734,0.7500635,
7490735,0.83244765,
7490736,0.79371756,
7490737,0.8052502,
7490738,0.84145874,
7490739,0.8349984,
7490740,0.8453698,
7490741,0.84448,
7490742,0.5706502,
7490743,0.8444956,
7490744,0.7828532,
7490746,0.7172191,
7490747,0.5121797,
7490748,0.54848945,
7490749,0.6466481,
7490750,0.7876951,
7490751,0.8160132,
7490752,0.7796888,
7490753,0.8507179,
7490754,0.6348447,
7490755,0.47578052,
7490756,0.60397077,
7490757,0.79036546,
7490758,0.7520504,
7490759,0.8474463,
7490760,0.8471163,
7490761,0.739744,
7490762,0.66509515,
7490763,0.8106635,
7490764,0.7307889,
7490765,0.82184356,
7490766,0.60151756,
7490767,0.76706,
7490768,0.7167201,
7490769,0.79795146,
7490770,0.7341641,
7490771,0.84998894,
7490772,0.75724316,
7490773,0.76243407,
7490774,0.8318834,
7490775,0.8689209,
7490776,0.84324926,
7490777,0.73469025,
7490778,0.6832015,
7490779,0.7272553,
7490780,0.8133979,
7490781,0.7930585,
7490782,0.80878544,
7490783,0.8148958,
7490784,0.775366,
7490785,0.73393184,
7490786,0.85680485,
7490787,0.86569566,
7490788,0.8500449,
7490789,0.775089,
7490790,0.8275367,
7490792,0.7911545,
7490793,0.8503487,
7490794,0.8952907,
7491153,0.8733994,
7491156,0.8337226,
7491267,0.55430895,
7491268,0.76371676,
7491549,0.7780668,
7491576,0.8538556,
7491577,0.7971765,
7491816,0.61972153,
7491817,0.7649562,
7491818,0.87110037,
7491819,0.75273234,
7491820,0.8252129,
7491821,0.46856853,
7491822,0.6741738,
7491823,0.8005664,
7491824,0.8782175,
7491825,0.8012101,
7491826,0.8301705,
7491827,0.77179736,
7491838,0.8053791,
7492254,0.45506623,
7492353,0.81370854,
7492356,0.86363184,
7492357,0.8774827,
7492358,0.849969,
7492359,0.875232,
7492360,0.8477955,
7492361,0.8797546,
7492362,0.74394745,
7492363,0.789232,
7492364,0.65647787,
7492365,0.76033384,
7492367,0.8378056,
7492368,0.80801255,
7492369,0.84202725,
7492370,0.8341438,
7492371,0.8074497,
7492372,0.7764021,
7492373,0.5850009,
7492374,0.9105674,
7492375,0.8841099,
7492376,0.9179358,
7492377,0.8228633,
7492378,0.82511336,
7492379,0.860889,
7492380,0.7704081,
7492381,0.8196644,
7492382,0.78348553,
7492383,0.5117574,
7492384,0.80097795,
7492385,0.8528287,
7492386,0.7348547,
7492387,0.82040536,
7492388,0.83884406,
7492389,0.7607498,
7492391,0.71341085,
7492392,0.724473,
7492393,0.8909887,
7492394,0.86305356,
7492395,0.8346327,
7492396,0.84668285,
7492397,0.839152,
7492398,0.86988086,
7492399,0.89581877,
7492400,0.83622944,
7492401,0.8976001,
7492402,0.88796294,
7492403,0.9079349,
7492404,0.8714171,
7492405,0.8586679,
7492406,0.80935687,
7492407,0.8422451,
7492408,0.843094,
7492409,0.8468989,
7492410,0.8435078,
7492411,0.8056275,
7492413,0.8086593,
7492414,0.76603425,
7492416,0.7893151,
7492417,0.86820775,
7492418,0.6481663,
7492419,0.900211,
7492420,0.8709196,
7492421,0.83094656,
7492422,0.8271296,
7492423,0.86175776,
7492424,0.780441,
7492425,0.8166861,
7492426,0.8625833,
7492427,0.80606484,
7492428,0.816105,
7492431,0.5294309,
7492432,0.8157851,
7492433,0.7639647,
7492718,0.8749567,
7492719,0.8254445,
7492720,0.83468604,
7492721,0.8439516,
7492722,0.705496,
7492723,0.6818829,
7492724,0.6632416,
7492725,0.72086495,
7492726,0.7889389,
7492727,0.7648498,
7493150,0.23327745,
7493151,0.2660894,
7493338,0.86403793,
7493339,0.8658023,
7493340,0.81408346,
7493341,0.84635216,
7493342,0.8686317,
7493343,0.9025582,
7493344,0.8265939,
7493345,0.8323795,
7493346,0.8583561,
7493347,0.78845567,
7493348,0.7986549,
7493349,0.7861189,
7493350,0.8944162,
7493352,0.8458563,
7493353,0.8660949,
7493354,0.8696353,
7493355,0.8366654,
7493357,0.7816347,
7493358,0.89058757,
7493359,0.8618797,
7493360,0.8503718,
7493361,0.8600922,
7493362,0.82052666,
7493363,0.6248026,
7493364,0.772365,
7493365,0.75193965,
7493366,0.7833182,
7493367,0.76504767,
7494001,0.7081629,
7494002,0.7871828,
7494003,0.6436985,
7494262,0.65417236,
7494295,0.6881315,
7494296,0.6192375,
7494297,0.69111925,
7494426,0.60673463,
7494427,0.70368934,
7494428,0.7847155,
7494429,0.78498405,
7494466,0.7921567,
7494467,0.7448841,
7494469,0.77031815,
7494470,0.80568415,
7494471,0.77630204,
7494472,0.8611464,
7494473,0.7812579,
7494474,0.7228375,
7495101,0.31838006,
7495102,0.23498486,
7495103,0.26809072,
7495104,0.24738048,
7495105,0.2967001,
7495106,0.2936798,
7495107,0.3223097,
7495108,0.32074174,
7495109,0.28109035,
7495110,0.2816804,
7495111,0.28855726,
7495112,0.26776642,
7495113,0.28154325,
7495114,0.2751755,
7495115,0.28769943,
7495116,0.3264226,
7495117,0.3293684,
7495118,0.3218341,
7495119,0.2974897,
7495120,0.33562222,
7495121,0.331109,
7495122,0.30000648,
7495123,0.33201677,
7495216,0.72666943,
7495294,0.83833295,
7495295,0.72628194,
7495336,0.7980937,
7495337,0.6703785,
7495338,0.7115616,
7495339,0.5243078,
7495340,0.7648773,
7495546,0.84677124,
7495547,0.71957886,
7495548,0.82477975,
7495549,0.8521366,
7495550,0.8245291,
7495553,0.76194453,
7495554,0.8844873,
7495555,0.7911723,
7495556,0.8777032,
7495557,0.8182208,
7495558,0.8155127,
7495559,0.73201597,
7495560,0.8520863,
7495561,0.8421648,
7495562,0.82991374,
7495563,0.7202984,
7495564,0.8038731,
7495565,0.81452924,
7495566,0.857785,
7495567,0.84114265,
7495568,0.7968485,
7495569,0.7482818,
7495570,0.749412,
7495571,0.8276646,
7495572,0.8439111,
7495573,0.8232058,
7495574,0.7735267,
7495575,0.87264305,
7495576,0.82755077,
7495577,0.78652215,
7495578,0.8170567,
7495579,0.670546,
7495580,0.8140606,
7495581,0.73512274,
7495582,0.8119326,
7495584,0.8033263,
7495585,0.77444345,
7495586,0.86222714,
7495587,0.90091056,
7495588,0.8922702,
7495589,0.8169285,
7495590,0.8931705,
7495707,0.864619,
7495709,0.8542053,
7495710,0.80770177,
7496347,0.80778563,
7496359,0.72018886,
7496360,0.84070194,
7496361,0.70407987,
7496362,0.7938021,
7496868,0.8563335,
7496869,0.8696284,
7496870,0.82584625,
7496957,0.87036574,
7496958,0.878395,
7496959,0.8750163,
7496960,0.8884299,
7496961,0.84771353,
7496962,0.87685174,
7496963,0.8493506,
7496964,0.8623875,
7496965,0.8631692,
7497001,0.7760707,
7497003,0.7871949,
7497031,0.7366092,
7497073,0.62529576,
7497074,0.59281296,
7497075,0.60658276,
7497077,0.5336515,
7497078,0.60315907,
7497079,0.6433473,
7497080,0.60139084,
7497085,0.69651216,
7497086,0.6478784,
7497087,0.6596092,
7497113,0.69109964,
7497116,0.73387295,
7497117,0.7838677,
7497118,0.5030188,
7497119,0.47626042,
7497135,0.5970329,
7497138,0.70183855,
7497139,0.7209826,
7497150,0.62088853,
7497158,0.8745189,
7497159,0.9002659,
7497224,0.7550613,
7497231,0.8289884,
7497232,0.8755587,
7497240,0.68338686,
7497245,0.666804,
7497246,0.7117103,
7497250,0.7577281,
7497251,0.75772697,
7497252,0.703554,
7497255,0.62277895,
7497359,0.72548705,
7497362,0.5906473,
7497364,0.8629777,
7497365,0.89195013,
7497368,0.7710194,
7497369,0.6994505,
7497371,0.8275991,
7497372,0.65192497,
7497373,0.6268037,
7497374,0.80290914,
7497375,0.70115924,
7497377,0.6960884,
7497378,0.70233685,
7497379,0.7632416,
7497380,0.50630265,
7497381,0.51355195,
7497388,0.7945377,
7497390,0.73372275,
7497392,0.7621408,
7497393,0.7452198,
7497394,0.8221166,
7497395,0.79028875,
7497396,0.3810388,
7497397,0.7293845,
7497398,0.5225357,
7497399,0.79997283,
7497400,0.83141625,
7497402,0.55031115,
7497403,0.5180362,
7497404,0.6181791,
7497405,0.45228294,
7497406,0.588024,
7497408,0.72654384,
7497409,0.64974064,
7497411,0.73395914,
7497413,0.508281,
7497415,0.84650415,
7497416,0.795822,
7497417,0.8582707,
7497433,0.6514365,
7497434,0.6130871,
7497435,0.64028776,
7497436,0.6430632,
7497573,0.770143,
7497575,0.8509255,
7497576,0.8207349,
7497577,0.7945482,
7497578,0.7744323,
7497579,0.8311204,
7497580,0.80985993,
7497850,0.71867776,
7497851,0.78123146,
7497852,0.70224357,
7498070,0.7599864,
7498074,0.7424089,
7498103,0.77037585,
7498104,0.79653263,
7498105,0.8417344,
7498106,0.75699466,
7498107,0.8336696,
7498111,0.8200189,
7498177,0.8149458,
7498179,0.7964165,
7498187,0.85935235,
7498188,0.76301676,
7498189,0.85829085,
7498194,0.70152843,
7498199,0.71313673,
7498208,0.692753,
7498214,0.8152403,
7498215,0.8384606,
7498216,0.84953207,
7498218,0.8786488,
7498219,0.8379716,
7498220,0.8287633,
7498221,0.8168598,
7498222,0.8447082,
7498223,0.8008659,
7498224,0.80309564,
7498225,0.8749175,
7498226,0.87105477,
7498230,0.7389944,
7498231,0.7609027,
7498241,0.70163995,
7498242,0.70101017,
7498282,0.5964955,
7498283,0.60378593,
7498284,0.85887635,
7498289,0.82373893,
7498290,0.7962926,
7498292,0.78943855,
7498293,0.84987974,
7498294,0.8643861,
7498295,0.7230876,
7498296,0.73901737,
7498299,0.56779414,
7498300,0.79189456,
7498301,0.7488757,
7498302,0.8432507,
7498398,0.790091,
7498505,0.75985384,
7498696,0.58327514,
7498698,0.78182,
7498724,0.6762601,
7498755,0.88588864,
7498810,0.67452157,
7498836,0.67587376,
7498838,0.712115,
7499059,0.69989276,
7499127,0.6720969,
7499128,0.64716744,
7499129,0.741139,
7499131,0.7841286,
7499132,0.78930616,
7499133,0.70333296,
7499134,0.8024347,
7499135,0.77309257,
7499136,0.8764081,
7499137,0.83655614,
7499138,0.7978633,
7499139,0.8442915,
7499140,0.6640364,
7499141,0.67172533,
7499142,0.7721662,
7499143,0.74066633,
7499145,0.8808292,
7499146,0.7432779,
7499147,0.6586052,
7499149,0.89290553,
7499150,0.8738672,
7499153,0.6327456,
7499154,0.8128258,
7499155,0.8481484,
7499159,0.8078295,
7499163,0.7738842,
7499164,0.8103979,
7499195,0.8234957,
7499341,0.5347298,
7499343,0.5452771,
7499346,0.7485779,
7499347,0.6699014,
7499348,0.6190458,
7499349,0.7149463,
7499351,0.46298754,
7499352,0.6893747,
7499361,0.8493755,
7499393,0.662481,
7499394,0.6793494,
7499395,0.63391834,
7499396,0.64907515,
7499397,0.72361207,
7499398,0.7970675,
7499399,0.79103667,
7499400,0.83288735,
7499401,0.6921694,
7499402,0.78319734,
7499403,0.85890967,
7499404,0.6888337,
7499405,0.818771,
7499406,0.7267861,
7499407,0.7691043,
7499408,0.80378246,
7499409,0.82397485,
7499410,0.82669085,
7499411,0.7075545,
7499412,0.7449969,
7499413,0.72002727,
7499414,0.7655923,
7499415,0.76012313,
7499416,0.62618715,
7499417,0.7219789,
7499418,0.73148704,
7499419,0.826841,
7499420,0.8282854,
7499421,0.825669,
7499422,0.83275414,
7499423,0.7763465,
7499424,0.89846736,
7499425,0.80892366,
7499426,0.53767806,
7499427,0.76416504,
7499428,0.912429,
7499429,0.9012561,
7499430,0.6002219,
7499431,0.66142905,
7499432,0.6348537,
7499433,0.74989855,
7499434,0.72076046,
7499435,0.80326426,
7499436,0.8018054,
7499437,0.77192765,
7499438,0.7591119,
7499439,0.7491943,
7499440,0.7707384,
7499441,0.8146418,
7499442,0.7161089,
7499443,0.6365657,
7499445,0.73203963,
7499446,0.7800281,
7499482,0.83574975,
7499493,0.7691646,
7499494,0.8189279,
7499495,0.85527295,
7499496,0.777804,
7499497,0.8419273,
7499499,0.9106074,
7499530,0.700943,
7499536,0.8022221,
7499537,0.5823322,
7499538,0.728372,
7499539,0.80660486,
7499540,0.79522604,
7499541,0.79691696,
7499542,0.8262794,
7499543,0.80827993,
7499545,0.80800897,
7499546,0.85909486,
7499547,0.804422,
7499548,0.8627299,
7499570,0.81527424,
7499571,0.81044614,
7499572,0.77263814,
7499573,0.7756404,
7499574,0.7480982,
7499575,0.78617483,
7499576,0.81488717,
7499577,0.8292306,
7499578,0.6958199,
7499724,0.7082266,
7499725,0.86384296,
7499726,0.91546106,
7499727,0.55243707,
7499728,0.6159826,
7499729,0.8124471,
7499730,0.84099436,
7499731,0.8521953,
7499732,0.7845177,
7499735,0.8196496,
7499736,0.78308487,
7499737,0.80814594,
7499738,0.7061186,
7499739,0.59263885,
7499740,0.7712284,
7499741,0.7994656,
7499743,0.8326019,
7499744,0.8470968,
7499745,0.77363795,
7499746,0.7611004,
7499747,0.7864487,
7499748,0.78520006,
7499749,0.78765285,
7499750,0.82662517,
7499751,0.76672024,
7499752,0.7336103,
7499753,0.71153706,
7499754,0.7667697,
7499755,0.7620552,
7500188,0.76543605,
7500252,0.49615526,
7500254,0.54457414,
7500255,0.582515,
7500257,0.62860644,
7500258,0.48573813,
7500263,0.5411677,
7500264,0.55022866,
7500266,0.6438758,
7500272,0.62756294,
7500274,0.57853335,
7500555,0.6348811,
7500556,0.6311941,
7500562,0.60792506,
7500563,0.5527656,
7500564,0.77449995,
7500571,0.7072406,
7500572,0.7399225,
7500574,0.7781019,
7500578,0.8054666,
7500587,0.7318778,
7500597,0.71786904,
7500607,0.77985054,
7500618,0.77198744,
7500619,0.7503926,
7500620,0.7264593,
7500621,0.7715776,
7500622,0.6690524,
7500623,0.771409,
7500711,0.7501617,
7500712,0.8153463,
7500713,0.78162366,
7500767,0.68046063,
7500797,0.58947563,
7500798,0.70563906,
7500800,0.59789556,
7500801,0.50978065,
7500805,0.68222165,
7500821,0.7279461,
7500822,0.7387861,
7500823,0.72386694,
7500824,0.6128332,
7500826,0.8915004,
7500827,0.76955515,
7500829,0.7369402,
7500830,0.7473349,
7500832,0.8134956,
7500833,0.66120934,
7500836,0.69197714,
7500837,0.6782454,
7500838,0.6656866,
7500839,0.8519452,
7500840,0.72271204,
7500841,0.8179164,
7500842,0.6663526,
7500843,0.84124094,
7500844,0.64326125,
7500845,0.81349397,
7500846,0.6588476,
7500847,0.5155856,
7500849,0.84033406,
7500850,0.7236651,
7500851,0.605241,
7500852,0.7134107,
7500853,0.73267615,
7500854,0.57838017,
7500855,0.8241101,
7500892,0.9300108,
7500893,0.85091484,
7500894,0.8882436,
7500895,0.8904691,
7500897,0.91509956,
7500900,0.9002578,
7500901,0.92061305,
7500902,0.90401,
7500903,0.9237692,
7500904,0.8443191,
7500905,0.8689929,
7500906,0.9110565,
7500907,0.9221416,
7500908,0.92279667,
7500909,0.9019087,
7500910,0.9008483,
7500911,0.92915505,
7500912,0.93329793,
7500913,0.8312555,
7500914,0.87868404,
7500915,0.87636006,
7500916,0.90169746,
7500917,0.89530855,
7500918,0.8698554,
7500919,0.8986208,
7500920,0.914666,
7500921,0.88839835,
7500922,0.7616989,
7500923,0.722039,
7500924,0.76699257,
7500925,0.7779604,
7500926,0.7745783,
7500927,0.70740277,
7500928,0.81556636,
7500929,0.81278765,
7500930,0.8262417,
7500931,0.83875966,
7500932,0.68295985,
7500933,0.73806167,
7500934,0.7645836,
7500935,0.7674786,
7500936,0.68563825,
7500937,0.7549431,
7500938,0.6945871,
7500943,0.6316592,
7500944,0.74408436,
7500945,0.7313001,
7500946,0.792282,
7500947,0.7766772,
7500948,0.85217017,
7500949,0.7806934,
7500950,0.7897011,
7500951,0.7546222,
7500952,0.7681051,
7500953,0.72084814,
7500954,0.62972796,
7500955,0.7723376,
7500956,0.7051016,
7500958,0.7611987,
7500959,0.88156766,
7500960,0.9195575,
7500962,0.9284125,
7500963,0.8967584,
7500964,0.9065063,
7500965,0.8566301,
7500966,0.87298876,
7500967,0.8377415,
7500968,0.9155536,
7500969,0.7351195,
7500970,0.72292346,
7500971,0.7786172,
7500972,0.8527299,
7500973,0.7663424,
7500974,0.71018064,
7500975,0.68873316,
7500976,0.82135296,
7500977,0.8325195,
7500978,0.8175406,
7500979,0.8482098,
7500980,0.74606013,
7500982,0.7103215,
7500983,0.8132469,
7500984,0.80501276,
7500985,0.8217924,
7500986,0.817735,
7500989,0.8692699,
7500990,0.85866016,
7500991,0.8832141,
7500992,0.84509504,
7500993,0.8613449,
7500994,0.774334,
7500995,0.8685807,
7500996,0.7424863,
7500997,0.82525676,
7500998,0.7760355,
7500999,0.7956994,
7501000,0.7535493,
7501001,0.7777983,
7501002,0.70656645,
7501003,0.8128076,
7501004,0.90796065,
7501005,0.86266965,
7501006,0.83191967,
7501007,0.8392773,
7501008,0.8126588,
7501009,0.85184604,
7501010,0.8199028,
7501011,0.7575461,
7501012,0.8679425,
7501013,0.87783796,
7501015,0.8091154,
7501016,0.8667683,
7501018,0.7666764,
7501019,0.80098563,
7501020,0.748407,
7501021,0.7013349,
7501025,0.7296675,
7501026,0.7073838,
7501027,0.8103062,
7501028,0.7464668,
7501029,0.78869206,
7501030,0.78742135,
7501031,0.7974837,
7501032,0.70911604,
7501033,0.8014012,
7501034,0.7669061,
7501036,0.8770989,
7501037,0.7669078,
7501038,0.820683,
7501039,0.80687946,
7501040,0.71303326,
7501041,0.63341486,
7501042,0.739129,
7501043,0.7799753,
7501044,0.8271002,
7501045,0.89830565,
7501046,0.90261054,
7501047,0.832157,
7501048,0.6272863,
7501049,0.7514257,
7501050,0.7423134,
7501051,0.7643579,
7501052,0.75339967,
7501053,0.561471,
7501054,0.70734745,
7501055,0.74909943,
7501056,0.70118594,
7501057,0.7910718,
7501058,0.6330025,
7501059,0.8317045,
7501060,0.86205494,
7501061,0.79237944,
7501062,0.87983155,
7501063,0.77531606,
7501064,0.48582995,
7501065,0.9057145,
7501066,0.8974993,
7501067,0.87098914,
7501068,0.8282398,
7501069,0.9021172,
7501070,0.80798453,
7501072,0.7932962,
7501244,0.79946303,
7501245,0.7511217,
7501246,0.7412508,
7501252,0.786164,
7501254,0.65950394,
7501255,0.8104863,
7501256,0.78869206,
7501257,0.8159901,
7501258,0.80105954,
7501259,0.71604544,
7501260,0.71907264,
7501262,0.6182445,
7501263,0.8786719,
7501372,0.44521004,
7501373,0.3946082,
7501374,0.30491206,
7501375,0.31361702,
7501376,0.3734767,
7501377,0.2803415,
7501378,0.3140281,
7501393,0.28059426,
7501394,0.24058941,
7501395,0.28457576,
7501396,0.31946388,
7501397,0.2456969,
7501398,0.29727972,
7501399,0.2885191,
7501400,0.34825456,
7501401,0.3102469,
7501402,0.2530274,
7501403,0.30335793,
7501404,0.30179504,
7501405,0.32181498,
7501406,0.39275613,
7501407,0.35661432,
7501408,0.29896048,
7501409,0.24795683,
7501410,0.28089952,
7501411,0.3072904,
7501412,0.33657563,
7501413,0.3456406,
7501414,0.34241036,
7501415,0.28779617,
7501416,0.18926762,
7501417,0.26217487,
7501418,0.29532528,
7501419,0.30894583,
7501420,0.27286008,
7501421,0.26037657,
7501422,0.31362668,
7501423,0.29111397,
7501424,0.25329307,
7501425,0.21132265,
7501426,0.34195894,
7501427,0.30900192,
7501428,0.27815393,
7501429,0.2973737,
7501430,0.31729928,
7501431,0.3354373,
7501432,0.2754417,
7501433,0.2985507,
7501434,0.3177953,
7501435,0.3378055,
7501436,0.34975192,
7501437,0.36464512,
7501438,0.3331838,
7501439,0.35539111,
7501440,0.35695845,
7501441,0.3154506,
7501442,0.28895864,
7501443,0.3251566,
7501444,0.32285604,
7501445,0.32207853,
7501446,0.33988538,
7501515,0.71957695,
7501518,0.73216635,
7501625,0.7961756,
7501626,0.6524461,
7501628,0.7892604,
7501629,0.82664746,
7501630,0.8643349,
7501631,0.79901284,
7501632,0.794265,
7501633,0.8799462,
7501634,0.83496237,
7501635,0.6727392,
7501652,0.6257345,
7501653,0.66728,
7501654,0.5896783,
7501655,0.6623337,
7501656,0.7256034,
7501657,0.7478392,
7501660,0.61402565,
7501673,0.7671252,
7501675,0.62156975,
7501676,0.77027875,
7501677,0.8082361,
7501678,0.7405722,
7501679,0.7198258,
7501692,0.8257934,
7501704,0.77968055,
7501714,0.77514654,
7501738,0.8198077,
7501739,0.7934608,
7501740,0.749088,
7501741,0.58375955,
7501742,0.56139815,
7501743,0.76353776,
7501750,0.81292856,
7501751,0.8497907,
7501752,0.81491953,
7501758,0.7761413,
7501759,0.8284801,
7501762,0.7520536,
7501763,0.79681593,
7501764,0.8815965,
7501765,0.81470424,
7501766,0.82818645,
7501767,0.87873745,
7501768,0.79403496,
7501876,0.7143385,
7501877,0.74777097,
7501878,0.799427,
7501880,0.7540673,
7501881,0.8335115,
7501882,0.84117925,
7501883,0.80918175,
7501884,0.7199271,
7501885,0.7069276,
7501886,0.54888445,
7501887,0.7536745,
7501888,0.51491916,
7501889,0.56007624,
7501891,0.75201917,
7501892,0.6838685,
7501893,0.69255066,
7501894,0.83546203,
7501895,0.5057381,
7501896,0.69213,
7501897,0.80220175,
7501898,0.73396945,
7501899,0.826778,
7501900,0.8593525,
7501901,0.84788764,
7501902,0.65824586,
7501903,0.7009022,
7501904,0.6322207,
7501906,0.8115788,
7501907,0.8102802,
7501908,0.6831577,
7501909,0.8312469,
7501910,0.63920283,
7501911,0.7392104,
7501913,0.8814671,
7501914,0.7648483,
7501915,0.88761187,
7501916,0.8044444,
7501917,0.8468796,
7501918,0.7403893,
7501919,0.74544275,
7501920,0.7971446,
7501921,0.7602313,
7501922,0.7271269,
7501923,0.72516596,
7501924,0.75781536,
7501925,0.79866046,
7501926,0.8422295,
7501927,0.7487513,
7501928,0.8280246,
7501929,0.8247398,
7501930,0.80324715,
7501931,0.82475454,
7501932,0.74566036,
7501933,0.8278855,
7501934,0.60763687,
7501935,0.7881439,
7501936,0.6460509,
7501937,0.7894044,
7501938,0.8622832,
7501940,0.5903379,
7501941,0.8529497,
7501943,0.7771844,
7501944,0.7667019,
7501945,0.86137754,
7501946,0.79313886,
7501947,0.81374276,
7501948,0.7187647,
7501949,0.82252437,
7501950,0.74204737,
7501951,0.7219558,
7501952,0.6344598,
7501953,0.6801341,
7501955,0.8369913,
7501956,0.88805217,
7501957,0.73584825,
7501958,0.74385035,
7501959,0.87023234,
7501960,0.6074449,
7501961,0.80103666,
7501962,0.647397,
7501963,0.6150819,
7501964,0.6868567,
7501965,0.7483807,
7501966,0.5850957,
7501967,0.73835564,
7501968,0.76832837,
7501969,0.6141743,
7501970,0.8088046,
7501971,0.80047995,
7501972,0.58670163,
7501973,0.72699845,
7501974,0.43957224,
7501975,0.8425468,
7501976,0.6696884,
7501977,0.751611,
7501978,0.7323502,
7501980,0.73823535,
7501981,0.83914644,
7501983,0.68805903,
7501984,0.8340928,
7501985,0.8205249,
7501986,0.84899896,
7501987,0.82469374,
7501988,0.87439144,
7501989,0.6606621,
7501990,0.63461876,
7502008,0.88994175,
7502009,0.79333943,
7502010,0.8227839,
7502011,0.46202114,
7502012,0.69595605,
7502013,0.7191404,
7502050,0.30498862,
7502096,0.5104184,
7502097,0.50825936,
7502098,0.5131572,
7502099,0.4580692,
7502100,0.4988749,
7502101,0.43931425,
7502102,0.43304002,
7502103,0.47000694,
7502104,0.74854547,
7502105,0.7753654,
7502106,0.7678964,
7502107,0.7669019,
7502108,0.7363665,
7502109,0.76219714,
7502110,0.7279252,
7502111,0.79152495,
7502112,0.81966645,
7502113,0.77195626,
7502114,0.82920057,
7502115,0.8450373,
7502116,0.8226463,
7502117,0.86973846,
7502118,0.8330304,
7502119,0.8935197,
7502120,0.7660024,
7502121,0.7630035,
7502122,0.75170225,
7502123,0.71503204,
7502124,0.78850263,
7502125,0.8218188,
7502126,0.81418294,
7502127,0.8425251,
7502128,0.83187604,
7502129,0.8483809,
7502130,0.8620293,
7502131,0.8790887,
7502132,0.83862716,
7502331,0.2329982,
7502332,0.24848369,
7502333,0.3013574,
7502334,0.31317666,
7502335,0.25080138,
7502336,0.2514816,
7502337,0.32671893,
7502338,0.21723808,
7502339,0.29414788,
7502340,0.2742367,
7502341,0.27534983,
7502342,0.2884269,
7502343,0.3066728,
7502344,0.2585829,
7502345,0.3752519,
7502346,0.38718447,
7502347,0.33609375,
7502348,0.35141447,
7502349,0.44672614,
7502350,0.18712832,
7502351,0.3710019,
7502352,0.33112267,
7502353,0.37613747,
7502354,0.33574554,
7502355,0.30275175,
7502400,0.83626956,
7502401,0.824732,
7502402,0.800706,
7502404,0.80488455,
7502406,0.67656577,
7502407,0.78294516,
7502408,0.6427547,
7502409,0.62414604,
7502410,0.6204161,
7502411,0.6070979,
7502412,0.8011913,
7502413,0.8463914,
7502414,0.6571355,
7502415,0.5926918,
7502416,0.5407393,
7502417,0.5753357,
7502418,0.5434653,
7502419,0.5399073,
7502420,0.7453316,
7502421,0.7049581,
7502424,0.80597925,
7502425,0.80891794,
7502426,0.87718874,
7502428,0.8474344,
7502429,0.792376,
7502430,0.8222523,
7502432,0.8795453,
7502433,0.83418775,
7502434,0.84272486,
7502435,0.82624686,
7502436,0.7459008,
7502437,0.87384486,
7502438,0.66600233,
7502439,0.8398007,
7502440,0.87296075,
7502441,0.9102337,
7502442,0.8287874,
7502443,0.84376925,
7502444,0.8110058,
7502445,0.8336439,
7502448,0.8739905,
7502450,0.9025274,
7502451,0.87324995,
7502452,0.89618206,
7502453,0.8800899,
7502454,0.9097843,
7502455,0.8842595,
7502456,0.8822114,
7502457,0.746397,
7502458,0.8964902,
7502459,0.87002045,
7502461,0.9006249,
7502464,0.88674545,
7502465,0.90515244,
7502466,0.90754867,
7502467,0.90580136,
7502468,0.906944,
7502469,0.8488444,
7502470,0.79520756,
7502471,0.8752318,
7502472,0.8714178,
7502473,0.86083615,
7502474,0.8228549,
7502475,0.8281433,
7502476,0.8964953,
7502477,0.86799973,
7502479,0.89287657,
7502480,0.82387316,
7502482,0.64167887,
7502484,0.58412457,
7502485,0.74875385,
7502486,0.64028037,
7502504,0.6817889,
7502505,0.79788774,
7502506,0.7757922,
7502507,0.7735023,
7502508,0.7691404,
7502509,0.8286084,
7502512,0.84786767,
7502513,0.8001868,
7502514,0.78012294,
7502516,0.8641898,
7502518,0.8346352,
7502541,0.73350203,
7502542,0.7798124,
7502543,0.83799326,
7502544,0.7056043,
7502545,0.6758372,
7502546,0.7713435,
7502547,0.76367825,
7502548,0.83906543,
7502549,0.84581226,
7502550,0.8230715,
7502551,0.8357209,
7502552,0.72494483,
7502553,0.841994,
7502554,0.77434695,
7502555,0.78154045,
7502581,0.68231463,
7502582,0.74556875,
7502583,0.7067141,
7502584,0.77733785,
7502585,0.8178425,
7502586,0.7521568,
7502587,0.8436219,
7502588,0.79825467,
7502589,0.79507583,
7502590,0.7405386,
7502591,0.775546,
7502592,0.8011589,
7502593,0.82278246,
7502594,0.82661915,
7502595,0.8037395,
7502598,0.7219319,
7502600,0.7421072,
7502601,0.85206985,
7502602,0.7744981,
7502603,0.8190065,
7502604,0.5985094,
7502606,0.8374843,
7502607,0.64668715,
7502609,0.49770737,
7502610,0.83848137,
7502611,0.8330115,
7502612,0.7432667,
7502613,0.84508747,
7502614,0.7390173,
7502615,0.7865018,
7502617,0.8512236,
7502618,0.8362855,
7502619,0.80186707,
7502620,0.61632717,
7502621,0.6147004,
7502623,0.79937816,
7502624,0.8984681,
7502625,0.8009287,
7502627,0.8231232,
7502628,0.87785816,
7502629,0.89079314,
7502631,0.8966546,
7502632,0.8361191,
7502633,0.88016534,
7502634,0.90557534,
7502635,0.9260778,
7502637,0.6342012,
7502638,0.5548439,
7502639,0.9010725,
7502642,0.84450656,
7502643,0.8309072,
7502644,0.8928847,
7502645,0.87393343,
7502646,0.90373784,
7502647,0.9227485,
7502648,0.8755769,
7502649,0.90113837,
7502650,0.88931984,
7502651,0.87738234,
7502652,0.84871334,
7502653,0.89274716,
7502654,0.8339692,
7502655,0.9133645,
7502656,0.6509157,
7502657,0.624722,
7502658,0.60233206,
7502659,0.7475834,
7502660,0.6806798,
7502661,0.724794,
7502662,0.63035536,
7502664,0.85630506,
7502668,0.8969799,
7502669,0.8246273,
7502671,0.5944321,
7502672,0.6160334,
7502673,0.7295672,
7502674,0.83601713,
7502677,0.58301234,
7502678,0.7803761,
7502683,0.6637983,
7502688,0.8192922,
7502690,0.83492416,
7502691,0.8197054,
7502703,0.5990045,
7502704,0.7556333,
7502705,0.7014922,
7502706,0.80900073,
7502707,0.79937845,
7502708,0.8311186,
7502709,0.7735667,
7502710,0.7816212,
7502711,0.6315759,
7502712,0.74328035,
7502713,0.7917304,
7502714,0.7357051,
7502715,0.78886956,
7502716,0.63115567,
7502717,0.73792046,
7502718,0.7226474,
7502719,0.75175714,
7502720,0.7694768,
7502721,0.8466555,
7502722,0.80327827,
7502723,0.77017975,
7502724,0.705576,
7502725,0.6966932,
7502726,0.8393769,
7502727,0.85971814,
7502729,0.7390998,
7502730,0.7582807,
7502731,0.4287789,
7502733,0.71714884,
7502734,0.8189163,
7502735,0.6252321,
7502736,0.877521,
7502737,0.7731272,
7502859,0.55543184,
7502860,0.5943918,
7502861,0.5012005,
7502862,0.5689687,
7502863,0.7171004,
7502864,0.6583575,
7502865,0.74498236,
7502866,0.75619745,
7502867,0.5924337,
7502868,0.57231534,
7502870,0.7364975,
7502871,0.7016921,
7502872,0.56581473,
7502873,0.7062048,
7502874,0.71400994,
7502878,0.7191937,
7502879,0.7504196,
7502880,0.8057694,
7502881,0.8025918,
7502882,0.822938,
7502883,0.88814336,
7502884,0.82482487,
7502885,0.79349476,
7502886,0.77786106,
7502887,0.80613905,
7502888,0.82645947,
7502889,0.7845921,
7502890,0.70120084,
7502891,0.7701529,
7502892,0.85295206,
7502893,0.84801096,
7502895,0.8693435,
7502896,0.7521097,
7502897,0.82031393,
7502898,0.82163054,
7502899,0.8750645,
7502900,0.8654648,
7502901,0.8194743,
7502902,0.587925,
7502903,0.8452607,
7502904,0.77192193,
7502905,0.8349923,
7503212,0.67219234,
7503213,0.5822166,
7503327,0.80975306,
7503328,0.85602206,
7503329,0.8572898,
7503330,0.82462436,
7503331,0.8048201,
7503332,0.90753144,
7503333,0.86593693,
7503334,0.83536136,
7503335,0.5203779,
7503336,0.9223771,
7503339,0.7614975,
7503340,0.88500905,
7503342,0.7454351,
7503343,0.89007413,
7503344,0.8119209,
7503345,0.85541433,
7503346,0.87494004,
7503347,0.87743145,
7503348,0.9008476,
7503349,0.8790881,
7503350,0.8736393,
7503351,0.8237328,
7503352,0.8370507,
7503353,0.88489175,
7503357,0.7522307,
7503358,0.8457121,
7503359,0.8309839,
7503361,0.8997411,
7503364,0.88736874,
7503365,0.8358587,
7503366,0.9036768,
7503367,0.89099205,
7503368,0.86880577,
7503369,0.9268015,
7503370,0.89252925,
7503372,0.8776374,
7503373,0.80123484,
7503374,0.7927427,
7503375,0.848473,
7503377,0.86757034,
7503378,0.8553062,
7503379,0.82570016,
7503381,0.58693236,
7503382,0.8325627,
7503383,0.89908665,
7503384,0.7589729,
7503386,0.8806538,
7503387,0.8060758,
7503388,0.90916556,
7503389,0.9093566,
7503390,0.83553743,
7503391,0.7474738,
7503392,0.8188118,
7503393,0.80949813,
7503394,0.79132414,
7503395,0.8006927,
7503396,0.8133727,
7503397,0.68349576,
7503398,0.84754187,
7503399,0.87225723,
7503400,0.7797544,
7503617,0.62761796,
7503618,0.6561366,
7503619,0.8835413,
7503620,0.87192386,
7503621,0.8943565,
7503622,0.8724535,
7503623,0.843293,
7503626,0.8219752,
7503627,0.8062695,
7503628,0.7828038,
7503629,0.7725206,
7503630,0.68187803,
7503637,0.8058627,
7503638,0.8497741,
7503640,0.8472713,
7503641,0.89180523,
7503642,0.8261937,
7503644,0.9006824,
7503645,0.9144131,
7503646,0.9124531,
7503647,0.9050286,
7503648,0.9143889,
7503652,0.8875741,
7503653,0.89793855,
7503655,0.8531964,
7503656,0.7469433,
7503657,0.6933603,
7503658,0.6632091,
7503659,0.8443575,
7503660,0.8345829,
7503661,0.91149545,
7503662,0.90344155,
7503666,0.8622863,
7503668,0.89774394,
7503669,0.850418,
7503675,0.86257386,
7503676,0.8067156,
7503678,0.7841096,
7503681,0.87144285,
7503682,0.81019175,
7503683,0.7918662,
7503684,0.76204485,
7503685,0.7992804,
7503686,0.53071,
7503687,0.8104465,
7503688,0.7980025,
7503689,0.7305939,
7503690,0.7054161,
7503693,0.6815659,
7503694,0.7540662,
7503696,0.6974096,
7503697,0.81128544,
7503698,0.82577264,
7503699,0.80138195,
7503700,0.6817002,
7503701,0.64999735,
7503702,0.7508836,
7503735,0.88632464,
7503737,0.8124523,
7503738,0.8661578,
7503739,0.7873299,
7503740,0.8390319,
7503741,0.7410196,
7503742,0.84364027,
7503743,0.75034773,
7503744,0.7398225,
7503745,0.71453,
7503746,0.7224154,
7503747,0.71482223,
7503748,0.81591374,
7503749,0.84589285,
7503750,0.771425,
7503751,0.80966496,
7503752,0.81719494,
7503753,0.78402406,
7503754,0.7856414,
7503755,0.71394324,
7503756,0.8467247,
7503758,0.8444178,
7503759,0.8681739,
7503760,0.8713946,
7503761,0.806171,
7503762,0.75624055,
7503763,0.7058322,
7503764,0.75475866,
7503827,0.75654936,
7503840,0.79104257,
7503841,0.8027443,
7503842,0.8024642,
7503859,0.7931523,
7503984,0.8277482,
7503985,0.7838846,
7503986,0.8587129,
7503987,0.8671653,
7503990,0.8076374,
7503993,0.6193969,
7504011,0.5422173,
7504021,0.5909937,
7504032,0.51403284,
7504042,0.85764873,
7504043,0.841085,
7504044,0.85567725,
7504053,0.7867386,
7504054,0.8649999,
7504055,0.85805184,
7504056,0.92466587,
7504057,0.9143379,
7504058,0.85736066,
7504059,0.9025705,
7504060,0.8085499,
7504061,0.89681363,
7504064,0.85613465,
7504065,0.79058194,
7504066,0.85419846,
7504068,0.79879475,
7504099,0.7925978,
7504122,0.8132128,
7504148,0.7063449,
7504305,0.77634394,
7504306,0.729927,
7504307,0.72818524,
7504308,0.6319623,
7504309,0.77602786,
7504310,0.7333956,
7504311,0.70085126,
7504366,0.6768589,
7504368,0.88563013,
7504369,0.59531003,
7504370,0.72435635,
7504371,0.7542421,
7504372,0.6868888,
7504373,0.7469862,
7504374,0.8788935,
7504375,0.7600209,
7504376,0.72781605,
7504377,0.8474006,
7504378,0.84404624,
7504379,0.71192795,
7504380,0.7670188,
7504381,0.7746819,
7504382,0.7793671,
7504383,0.6075166,
7504384,0.5084815,
7504385,0.825081,
7504386,0.8864848,
7504387,0.81686306,
7504388,0.70659417,
7504389,0.7524208,
7504423,0.81083924,
7504711,0.7333312,
7504738,0.74412733,
7504799,0.78437734,
7504801,0.7601118,
7505199,0.74727464,
7505200,0.6390653,
7505202,0.6486365,
7505203,0.6740778,
7505204,0.7829823,
7505205,0.8126183,
7505206,0.5792987,
7505207,0.66592014,
7505208,0.708633,
7505209,0.56853205,
7505210,0.3267629,
7505212,0.7534597,
7505213,0.6289075,
7505214,0.80983555,
7505215,0.71989137,
7505216,0.7702844,
7505217,0.7032242,
7505218,0.67877495,
7505219,0.5559105,
7505293,0.7217241,
7505306,0.8255064,
7505345,0.8804356,
7505346,0.5978566,
7505462,0.56085503,
7505463,0.71160406,
7505464,0.7810398,
7505465,0.7373764,
7505466,0.72342557,
7505468,0.63597524,
7505469,0.7251966,
7505470,0.8089882,
7505473,0.77098817,
7505474,0.69936705,
7505475,0.73837817,
7505476,0.6059754,
7505478,0.7442295,
7505479,0.7712923,
7505480,0.5466514,
7505495,0.62419444,
7505497,0.67945683,
7505507,0.64613205,
7505508,0.71539265,
7505509,0.831083,
7505754,0.52483267,
7505791,0.6877065,
7505792,0.7141165,
7505793,0.6680929,
7505794,0.80514014,
7505795,0.8487209,
7505796,0.8254111,
7505798,0.6093706,
7505799,0.7464388,
7505801,0.7609843,
7505802,0.74584544,
7505803,0.48054892,
7505804,0.76728857,
7505805,0.7676869,
7505806,0.74674773,
7505809,0.39813605,
7505810,0.38582823,
7505813,0.3720524,
7505814,0.3801904,
7505877,0.8176276,
7505889,0.7470675,
7505897,0.7481716,
7505898,0.67908937,
7505906,0.7986768,
7505908,0.65849113,
7505914,0.66783583,
7505923,0.7067141,
7505924,0.7630186,
7505925,0.7418942,
7505926,0.6908478,
7505929,0.89333296,
7505930,0.8779723,
7505932,0.8660855,
7505933,0.8804328,
7505934,0.9012897,
7505935,0.90526205,
7505936,0.91640735,
7505937,0.87493026,
7505938,0.89744204,
7505939,0.9199011,
7505940,0.8515567,
7505941,0.8978794,
7505942,0.9322582,
7505943,0.86030537,
7505944,0.8828063,
7505945,0.92872465,
7505946,0.90672284,
7505947,0.87256724,
7505948,0.87612283,
7505949,0.87329537,
7505954,0.7692376,
7505955,0.75165963,
7505957,0.50811607,
7505958,0.8166534,
7505960,0.8823489,
7505961,0.86570805,
7505962,0.896366,
7505963,0.86784714,
7505964,0.8744385,
7505965,0.63682276,
7505966,0.8976976,
7505967,0.8988594,
7505968,0.7592894,
7506268,0.6130173,
7506311,0.66787714,
7506312,0.7023157,
7506313,0.55885595,
7506314,0.6460109,
7506317,0.47726044,
7506318,0.72423166,
7506336,0.73978484,
7506340,0.54684687,
7506341,0.6587313,
7506343,0.84929097,
7506344,0.7904942,
7506345,0.6181693,
7506584,0.718687,
7506585,0.74044025,
7506587,0.6885742,
7506592,0.83654225,
7506603,0.94196796,
7506858,0.7931807,
7506859,0.79190356,
7506860,0.7251281,
7506863,0.7633613,
7506876,0.907805,
7506877,0.8384823,
7506878,0.8302607,
7506885,0.79857355,
7506894,0.45963508,
7506895,0.6766598,
7506896,0.73409396,
7506897,0.64718974,
7506906,0.78902495,
7506930,0.7067552,
7506941,0.7487269,
7506950,0.7828456,
7506951,0.6011827,
7506952,0.7120796,
7506955,0.47901863,
7506959,0.73362756,
7506961,0.63703805,
7506983,0.7557241,
7506984,0.75585127,
7506986,0.7721932,
7506987,0.5544603,
7506988,0.5826884,
7506990,0.70997757,
7507025,0.5330814,
7507032,0.5209615,
7507038,0.8515154,
7507039,0.7725993,
7507055,0.711814,
7507056,0.43834296,
7507057,0.450928,
7507058,0.5721508,
7507059,0.63108534,
7507075,0.5720297,
7507076,0.5775189,
7507080,0.65561545,
7507089,0.46110275,
7507093,0.8505224,
7507097,0.26016158,
7507099,0.23822325,
7507100,0.29541868,
7507101,0.25627783,
7507114,0.7525796,
7507115,0.523534,
7507116,0.820506,
7507117,0.78154343,
7507118,0.8345163,
7507119,0.7194111,
7507228,0.7929952,
7507243,0.66707206,
7507244,0.66243947,
7507245,0.6366798,
7507251,0.84037054,
7507255,0.7271944,
7507265,0.6589033,
7507266,0.706587,
7507269,0.55529374,
7507309,0.8721279,
7507310,0.89369476,
7507311,0.8884636,
7507312,0.9000037,
7507318,0.8173708,
7507319,0.66494226,
7507324,0.7782719,
7507326,0.77628005,
7507327,0.5690085,
7507328,0.60531044,
7507332,0.74811417,
7507334,0.5716372,
7507335,0.91754127,
7507336,0.8939468,
7507341,0.9222444,
7507343,0.5271829,
7507345,0.7448678,
7507346,0.76367456,
7507354,0.6318369,
7507358,0.74286276,
7507361,0.6203067,
7507378,0.66073316,
7507408,0.72409385,
7507409,0.5311759,
7507411,0.65448886,
7507412,0.7831513,
7507413,0.69119215,
7507414,0.7813716,
7507416,0.7271568,
7507417,0.8883465,
7507418,0.8982908,
7507420,0.7992651,
7507421,0.88690263,
7507422,0.92270774,
7507439,0.843009,
7507440,0.873524,
7507441,0.90611297,
7507442,0.9373275,
7507443,0.9131681,
7507444,0.9056181,
7507448,0.8648623,
7507451,0.5546148,
7507452,0.60639715,
7507454,0.6442013,
7507455,0.718272,
7507457,0.7178455,
7507459,0.8893637,
7507460,0.8896701,
7507461,0.77579707,
7507463,0.6028987,
7507466,0.8882347,
7507467,0.89366394,
7507469,0.504009,
7507474,0.76939505,
7507475,0.7578651,
7507477,0.72594863,
7507481,0.50783587,
7507483,0.72879773,
7507485,0.8964758,
7507486,0.914533,
7507489,0.7453127,
7507490,0.88984495,
7507491,0.89542305,
7507494,0.5936647,
7507495,0.9146119,
7507498,0.56330585,
7507500,0.9125345,
7507501,0.909048,
7507522,0.88945967,
7507533,0.8031475,
7507535,0.9313806,
7507536,0.92263025,
7507537,0.5678753,
7507538,0.6855691,
7507539,0.6004583,
7507540,0.62871146,
7507544,0.91858923,
7507546,0.92255765,
7507547,0.50962883,
7507548,0.9252,
7507550,0.6557972,
7507567,0.78550136,
7507571,0.75459176,
7507577,0.6755952,
7507578,0.55631536,
7507579,0.74207056,
7507582,0.9155426,
7507585,0.76365954,
7507589,0.6292455,
7507590,0.8981797,
7507591,0.68402034,
7507592,0.6770816,
7507593,0.85226756,
7507595,0.8994193,
7507596,0.84721375,
7507597,0.64978707,
7507600,0.931404,
7507602,0.8701798,
7507612,0.8922793,
7507618,0.87588537,
7507619,0.7054222,
7507640,0.6463388,
7507649,0.7678604,
7507651,0.8193784,
7507658,0.7524783,
7507660,0.7408735,
7507661,0.729683,
7507662,0.7694602,
7507663,0.6288299,
7507664,0.6788552,
7507686,0.91387945,
7507688,0.91843617,
7507690,0.929093,
7507692,0.93807536,
7507694,0.9127453,
7507699,0.91935325,
7507700,0.91482776,
7507711,0.92052424,
7507745,0.8423775,
7507746,0.91965216,
7507747,0.93412,
7507748,0.90386707,
7507749,0.94915026,
7507772,0.35805517,
7507773,0.38404602,
7507800,0.87704057,
7507880,0.7361464,
7507881,0.70563525,
7507889,0.7378168,
7507891,0.5055134,
7507896,0.7543643,
7507897,0.6756107,
7507898,0.69680285,
7507900,0.6288929,
7507901,0.7903625,
7507902,0.74422926,
7507903,0.60953146,
7507904,0.85147035,
7507908,0.56656283,
7507915,0.4995456,
7507916,0.6048235,
7507917,0.73359406,
7507918,0.7970651,
7507919,0.73847264,
7507920,0.7194014,
7507924,0.5576417,
7507925,0.6989072,
7507926,0.78161985,
7507927,0.53981394,
7507928,0.64897895,
7507929,0.59200454,
7507930,0.629749,
7507931,0.69523335,
7507932,0.59857374,
7507933,0.8675435,
7507934,0.824688,
7507935,0.72595143,
7507936,0.6952514,
7507937,0.82974833,
7507938,0.7153252,
7507939,0.7882576,
7507941,0.7081423,
7507942,0.7514239,
7507943,0.7572736,
7507944,0.7624073,
7507945,0.67937,
7507946,0.88196784,
7507947,0.89047116,
7507948,0.8981337,
7507949,0.8389101,
7507950,0.86533886,
7507952,0.8861473,
7507953,0.90347713,
7507954,0.70205593,
7507955,0.90459895,
7507957,0.7850338,
7507958,0.78510344,
7507959,0.8396372,
7507960,0.7617737,
7508088,0.7034274,
7508106,0.8418374,
7508107,0.8723368,
7508116,0.8071515,
7508145,0.83110696,
7508146,0.90777713,
7508147,0.762553,
7508148,0.6529106,
7508149,0.6107622,
7508150,0.6894338,
7508151,0.7210556,
7508152,0.763673,
7508153,0.7312363,
7508154,0.7115254,
7508155,0.6879544,
7508188,0.68203044,
7508189,0.7099297,
7508190,0.7729132,
7508191,0.67921394,
7508192,0.6296656,
7508193,0.6236641,
7508194,0.60563684,
7508195,0.86197233,
7508196,0.8043741,
7508197,0.8512981,
7508198,0.68349344,
7508199,0.6966365,
7508229,0.8259066,
7508239,0.8062595,
7508240,0.8279094,
7508241,0.7961217,
7508242,0.7755835,
7508243,0.75774693,
7508244,0.6773058,
7508245,0.53819525,
7508246,0.51823443,
7508247,0.5213435,
7508248,0.6429958,
7508249,0.64564306,
7508250,0.58950216,
7508252,0.7815425,
7508453,0.75268734,
7508454,0.72493845,
7508455,0.7010124,
7508456,0.82285947,
7508457,0.70952255,
7508458,0.5905535,
7508459,0.6659328,
7508460,0.6324782,
7508461,0.9058412,
7508462,0.8294872,
7508463,0.78927964,
7508464,0.8180901,
7508465,0.8641235,
7508467,0.730662,
7508468,0.8243481,
7508469,0.5845313,
7508849,0.77102196,
7508850,0.8079503,
7509325,0.72904646,
7509326,0.68912536,
7509327,0.7338225,
7509328,0.7766212,
7509329,0.5841035,
7509330,0.56530213,
7509331,0.6379952,
7509332,0.58530444,
7509333,0.59178776,
7509334,0.55593,
7509639,0.302454,
7509641,0.3008447,
7509643,0.3079936,
7509645,0.3198633,
7509646,0.34388465,
7509723,0.24433929,
7509781,0.18524948,
7509783,0.15093692,
7509784,0.13738158,
7509785,0.13782215,
7509786,0.18461269,
7509787,0.17714092,
7509788,0.15239613,
7509789,0.17025943,
7509790,0.16713679,
7509791,0.14653026,
7509792,0.16082838,
7509793,0.18101439,
7509794,0.17752473,
7509795,0.17630455,
7509796,0.12146609,
7509797,0.14911655,
7509798,0.14823052,
7509799,0.15263158,
7509800,0.19448732,
7509801,0.14583257,
7509862,0.7923343,
7509864,0.73551154,
7509865,0.80851525,
7509866,0.7405082,
7509870,0.6835978,
7509871,0.74617463,
7509872,0.8126814,
7509873,0.7599827,
7509878,0.9168209,
7509879,0.88026655,
7509880,0.76642597,
7509964,0.6132545,
7510002,0.8601957,
7510003,0.8315808,
7510004,0.82726455,
7510026,0.86609536,
7510066,0.7949182,
7510086,0.82467186,
7510087,0.84435296,
7510088,0.82738197,
7510089,0.84280133,
7510090,0.58790934,
7510091,0.5943418,
7510092,0.64257276,
7510093,0.5930391,
7510094,0.8834439,
7510095,0.55420184,
7510096,0.5943728,
7510097,0.66292703,
7510098,0.7420558,
7510099,0.8534821,
7510100,0.8674001,
7510101,0.80011034,
7510102,0.812673,
7510103,0.78757286,
7510104,0.5044824,
7510106,0.8309971,
7510154,0.5925621,
7510155,0.77596414,
7510156,0.73968846,
7510157,0.7081387,
7510158,0.6916359,
7510159,0.6823881,
7510160,0.6556854,
7510161,0.7288644,
7510164,0.64369553,
7510165,0.59844357,
7510166,0.5747799,
7510167,0.6160333,
7510168,0.7242926,
7510169,0.74363077,
7510170,0.81116587,
7510171,0.5840557,
7510172,0.79615325,
7510173,0.6752923,
7510174,0.70911014,
7510175,0.69018465,
7510230,0.49610063,
7510231,0.76622915,
7510232,0.8736863,
7510233,0.87953246,
7510234,0.8316308,
7510235,0.90645605,
7510272,0.85292685,
7510273,0.81043243,
7510289,0.80062324,
7510290,0.85593563,
7510304,0.8544037,
7510305,0.8913482,
7510306,0.8671431,
7510307,0.88481337,
7510313,0.9277,
7510315,0.89917725,
7510317,0.91903794,
7510319,0.9149351,
7510321,0.92757016,
7510322,0.8501545,
7510324,0.9190802,
7510327,0.68955183,
7510330,0.8493196,
7510331,0.9197458,
7510332,0.91971254,
7510333,0.89756995,
7510334,0.90319675,
7510335,0.86130214,
7510541,0.83159095,
7510593,0.6860326,
7510594,0.662367,
7510595,0.71627456,
7510600,0.75220793,
7510601,0.7236401,
7510602,0.73844945,
7510603,0.70120513,
7510989,0.78796935,
7510990,0.8531991,
7510991,0.7477422,
7510992,0.7836867,
7510993,0.77429783,
7510994,0.7652519,
7510995,0.76804024,
7510996,0.8133934,
7511001,0.700866,
7511003,0.8008628,
7511004,0.7116192,
7511237,0.81069523,
7511240,0.8426078,
7511241,0.8258615,
7511458,0.64244807,
7511459,0.51783496,
7511460,0.79490125,
7511461,0.8030432,
7511462,0.64944357,
7511463,0.82678926,
7511464,0.6473137,
7511465,0.6433179,
7511471,0.911652,
7511472,0.90017974,
7511473,0.8296957,
7511474,0.7034019,
7511476,0.81032926,
7511478,0.8182419,
7511479,0.79064274,
7511480,0.7817976,
7511481,0.78117085,
7511486,0.8103147,
7511487,0.7419232,
7511488,0.55985725,
7511489,0.6959435,
7511490,0.6799931,
7511491,0.75834036,
7511492,0.77911115,
7511493,0.7855058,
7511494,0.7449839,
7511502,0.882128,
7511504,0.76214576,
7511505,0.777874,
7511506,0.7615753,
7511507,0.67995137,
7511519,0.77488,
7511520,0.68063295,
7511523,0.76522076,
7511524,0.7787486,
7511526,0.617218,
7511528,0.84766483,
7511529,0.8896553,
7511531,0.63831437,
7511561,0.8394615,
7511562,0.8143324,
7511563,0.64847,
7511564,0.8116721,
7511582,0.7994629,
7511583,0.8779233,
7511584,0.8586367,
7511585,0.8621241,
7511586,0.8609171,
7511587,0.86116195,
7511588,0.7934649,
7511589,0.81334746,
7511591,0.807462,
7511592,0.85738593,
7511593,0.8140705,
7511594,0.8043949,
7511595,0.85550636,
7511596,0.87672883,
7511598,0.7264231,
7511599,0.5488848,
7511600,0.6663608,
7511601,0.8599228,
7511602,0.8551326,
7511603,0.85009164,
7511604,0.91461605,
7511758,0.54548645,
7511826,0.6611148,
7511827,0.7527528,
7511831,0.6415037,
7511832,0.75628954,
7511833,0.64030945,
7511834,0.7899974,
7511835,0.7780537,
7511836,0.65761495,
7511838,0.76629394,
7511841,0.8200589,
7511842,0.84030414,
7511843,0.8044202,
7511844,0.5295273,
7511845,0.7619625,
7511846,0.63983047,
7511847,0.7237798,
7511885,0.57408684,
7511886,0.5382132,
7511887,0.6390548,
7511888,0.5707583,
7511889,0.61704886,
7511890,0.6524235,
7511891,0.65606177,
7511924,0.77295655,
7511925,0.61172456,
7511926,0.8384499,
7512001,0.8623427,
7512002,0.87879115,
7512016,0.8604451,
7512219,0.7820526,
7512220,0.78585035,
7512221,0.7408483,
7512222,0.90318745,
7512223,0.84203666,
7512224,0.8960677,
7512225,0.89135563,
7512226,0.8252386,
7512227,0.83382523,
7512228,0.7722908,
7512229,0.652194,
7512230,0.84307635,
7512231,0.6971982,
7512232,0.9029172,
7512233,0.6908044,
7512234,0.723205,
7512236,0.7007216,
7512239,0.5930771,
7512240,0.74975294,
7512241,0.7685494,
7512242,0.7074074,
7512243,0.8101491,
7512246,0.82185763,
7512252,0.65219843,
7512253,0.60159314,
7512254,0.54462236,
7512286,0.8023442,
7512287,0.79799604,
7512288,0.8325421,
7512289,0.7831593,
7512326,0.81070715,
7512327,0.72623366,
7512383,0.47427258,
7512384,0.43749875,
7512385,0.5269262,
7512387,0.4699143,
7512394,0.5252825,
7512395,0.5549207,
7512566,0.8987354,
7512568,0.89955944,
7512569,0.8837243,
7512570,0.89038265,
7512571,0.90136117,
7512572,0.8850467,
7512573,0.8611762,
7512574,0.8937947,
7512575,0.8352122,
7512585,0.90726334,
7512586,0.9522326,
7512587,0.69789886,
7512589,0.7966649,
7512590,0.71521926,
7512591,0.83564514,
7512592,0.61400956,
7512593,0.7016514,
7512594,0.72864276,
7512595,0.71532583,
7512596,0.807048,
7512600,0.90014327,
7512613,0.91626734,
7512708,0.77373624,
7512711,0.8075675,
7512712,0.6851639,
7512714,0.8514231,
7512724,0.86613023,
7512731,0.7995595,
7512732,0.6658134,
7512733,0.6043755,
7512734,0.6381532,
7512735,0.6717273,
7512736,0.8336191,
7512751,0.7995772,
7512752,0.8362811,
7512753,0.8147158,
7512754,0.7881764,
7512755,0.8644091,
7512756,0.7931991,
7512758,0.8604006,
7512764,0.7914508,
7512767,0.80995226,
7512768,0.823127,
7512770,0.8585987,
7512771,0.93636453,
7512773,0.8536519,
7512774,0.7275212,
7512776,0.9003507,
7512778,0.79832286,
7512779,0.61753327,
7512782,0.7719924,
7512785,0.72485006,
7512786,0.78128463,
7512792,0.74271387,
7512793,0.7542407,
7512794,0.720661,
7512795,0.88234645,
7512796,0.9122866,
7512815,0.9050365,
7512816,0.8331098,
7512819,0.9101287,
7512911,0.8467315,
7512923,0.8585222,
7512929,0.79543394,
7512930,0.7012343,
7512931,0.7785204,
7512935,0.7203876,
7512939,0.8040807,
7512942,0.8299466,
7512945,0.8716854,
7512946,0.8841405,
7512948,0.9060446,
7512951,0.9178882,
7512953,0.8440301,
7512954,0.888885,
7512957,0.8385512,
7512962,0.88392204,
7512964,0.9089915,
7512965,0.90267557,
7512966,0.8874562,
7512967,0.65805924,
7512968,0.6734968,
7512969,0.7490082,
7512970,0.8326955,
7512971,0.7798105,
7512972,0.8763933,
7512973,0.7817674,
7512975,0.8540486,
7512980,0.8894922,
7513024,0.88036466,
7513025,0.90619755,
7513507,0.79285485,
7513508,0.8264785,
7513509,0.64432806,
7513510,0.6661739,
7513511,0.6956176,
7513512,0.8442845,
7513513,0.87033916,
7513514,0.82024497,
7513515,0.80027425,
7513516,0.9072297,
7513517,0.79461676,
7513518,0.7058231,
7513519,0.7471521,
7513520,0.87581486,
7513521,0.8131494,
7513525,0.7512458,
7513526,0.77973235,
7513527,0.78260005,
7513528,0.6967202,
7513529,0.78162193,
7513531,0.6762665,
7513541,0.906242,
7513544,0.81364864,
7513545,0.84191006,
7513547,0.68699056,
7513548,0.7299543,
7513549,0.6750758,
7513550,0.69239604,
7513551,0.5448852,
7513552,0.6014685,
7513553,0.59463125,
7513555,0.51054823,
7513556,0.3720164,
7513557,0.8236214,
7513558,0.8737714,
7514620,0.7909351,
7514821,0.7906741,
7514822,0.72731787,
7514824,0.7928976,
7514825,0.703242,
7514882,0.25579187,
7515022,0.771256,
7515023,0.8321601,
7515024,0.7241885,
7515025,0.80474216,
7515026,0.68768394,
7515027,0.7209662,
7515030,0.65633005,
7515040,0.8291732,
7515091,0.6741666,
7515092,0.6482232,
7515099,0.68185437,
7515133,0.71300405,
7515134,0.82472587,
7515136,0.70218414,
7515138,0.63519317,
7515139,0.8030785,
7515250,0.8004352,
7515251,0.82347107,
7515252,0.8758427,
7515253,0.86056596,
7515254,0.6462989,
7515255,0.6112288,
7515256,0.7217496,
7515257,0.74889505,
7515258,0.5947739,
7515259,0.56680423,
7515274,0.53041285,
7515275,0.44373152,
7515278,0.48765734,
7515296,0.4642793,
7515311,0.5104727,
7515327,0.5638418,
7515348,0.6313003,
7515353,0.57965654,
7515368,0.5251721,
7515400,0.76857543,
7515401,0.8095158,
7515403,0.7648708,
7515404,0.79042214,
7515406,0.75918823,
7515407,0.7725291,
7515408,0.7772874,
7515416,0.7288633,
7515417,0.76601785,
7515418,0.88611895,
7515419,0.83445704,
7515420,0.8144599,
7515423,0.9378186,
7515424,0.8048602,
7515425,0.8088462,
7515426,0.8132935,
7515427,0.7605082,
7515428,0.73866045,
7515429,0.8313929,
7515430,0.7547531,
7515431,0.76883775,
7515432,0.76351315,
7515433,0.7258995,
7515437,0.75563675,
7515438,0.79028237,
7515439,0.70919573,
7515448,0.77345234,
7515449,0.8163939,
7515450,0.84868115,
7515451,0.58930403,
7515575,0.7252068,
7515701,0.85286784,
7515702,0.77070785,
7515703,0.8219488,
7515704,0.8178874,
7515705,0.7245934,
7515706,0.69823563,
7515707,0.8158486,
7515708,0.79991525,
7515710,0.8603639,
7515711,0.68000346,
7515712,0.6569337,
7515713,0.71130735,
7515714,0.7479064,
7515715,0.7229355,
7515717,0.7534784,
7515719,0.814401,
7515721,0.83682376,
7515723,0.806783,
7515725,0.8359677,
7515728,0.6942043,
7515729,0.73802114,
7515730,0.6028179,
7515732,0.78531706,
7515737,0.8138492,
7515739,0.7648021,
7515741,0.64131683,
7515742,0.65440303,
7515743,0.8254078,
7515746,0.7600251,
7515748,0.88120174,
7515750,0.8575237,
7515755,0.7747266,
7515756,0.739135,
7515757,0.789478,
7515758,0.7848273,
7515803,0.7634714,
7515813,0.73099107,
7515814,0.7540777,
7515815,0.58281714,
7515818,0.5690913,
7515827,0.8581241,
7515828,0.8385667,
7515829,0.8029911,
7515830,0.755879,
7515832,0.66403365,
7515833,0.8513638,
7515834,0.89797133,
7515843,0.6998401,
7515844,0.6409749,
7515850,0.815164,
7515851,0.80418074,
7515852,0.7414898,
7515853,0.5579443,
7515890,0.80367744,
7515891,0.7314004,
7515892,0.8032464,
7515893,0.83370733,
7515894,0.46293464,
7515895,0.69832486,
7515897,0.6659152,
7515906,0.81325996,
7515907,0.7148143,
7515908,0.7094416,
7515910,0.8495703,
7515911,0.84915346,
7515912,0.88743305,
7515913,0.64751285,
7515914,0.7421978,
7515915,0.7053123,
7515916,0.81713855,
7515917,0.7738213,
7515918,0.79697937,
7515919,0.7358166,
7515920,0.8508121,
7515921,0.84126157,
7515922,0.8220504,
7515923,0.8218906,
7515925,0.6170306,
7515926,0.706324,
7515927,0.8277493,
7515928,0.80246943,
7515967,0.86299133,
7515968,0.8086937,
7515969,0.7256901,
7515970,0.74822396,
7515971,0.7189876,
7515972,0.6818034,
7515973,0.67456555,
7515974,0.80550605,
7515975,0.856227,
7515977,0.7611426,
7515978,0.6563017,
7515979,0.6246284,
7515980,0.7896409,
7515981,0.80589646,
7515982,0.8659611,
7515984,0.57396114,
7515986,0.58653635,
7515987,0.51643777,
7516025,0.4942399,
7516026,0.46305168,
7516027,0.47708726,
7516109,0.5552047,
7516110,0.7121479,
7516111,0.83527064,
7516112,0.73486614,
7516114,0.7602213,
7516115,0.86568904,
7516116,0.46912685,
7516117,0.66916525,
7516286,0.60188884,
7516287,0.5452722,
7516288,0.6060685,
7516289,0.72479415,
7516290,0.7378579,
7516291,0.7193725,
7516422,0.6695435,
7516423,0.6488525,
7516424,0.62146866,
7516425,0.4788026,
7516426,0.37028885,
7516427,0.5849003,
7516428,0.59050786,
7516429,0.6968831,
7516454,0.6893656,
7516455,0.6789145,
7516552,0.82341975,
7516553,0.83852905,
7516630,0.89364916,
7516631,0.9145737,
7516661,0.8473428,
7516662,0.8103752,
7516667,0.8126131,
7516671,0.8621911,
7516676,0.902962,
7516678,0.7310727,
7516679,0.7524547,
7516680,0.7208298,
7516683,0.6347834,
7516686,0.695935,
7516687,0.7735249,
7516688,0.8567915,
7516689,0.74674344,
7516690,0.85812443,
7516691,0.6556515,
7516717,0.89317566,
7516970,0.32403722,
7517244,0.798528,
7517245,0.8545128,
7517246,0.8914094,
7517247,0.8564823,
7517307,0.8887204,
7517314,0.65213835,
7517315,0.55903614,
7517316,0.74907845,
7517317,0.6837618,
7517320,0.6339505,
7517321,0.7563461,
7517326,0.5107362,
7517328,0.7392871,
7517329,0.5222224,
7517330,0.7399855,
7517331,0.6562927,
7517332,0.66601044,
7517334,0.7341359,
7517335,0.6705972,
7517336,0.81999856,
7517337,0.7081869,
7517339,0.70110536,
7517350,0.8381813,
7517352,0.69823825,
7517354,0.76661676,
7517355,0.6858136,
7517357,0.869178,
7517358,0.83125645,
7517359,0.8166026,
7517362,0.8460919,
7517363,0.7743984,
7517364,0.772611,
7517365,0.56824595,
7517366,0.58486646,
7517367,0.709871,
7517368,0.62013984,
7517369,0.68247694,
7517370,0.75649726,
7517371,0.7765224,
7517373,0.5931314,
7517374,0.78216404,
7517375,0.83669275,
7517376,0.73115,
7517377,0.82096374,
7517378,0.80936474,
7517379,0.78645146,
7517380,0.6779215,
7517381,0.53790116,
7517382,0.46301594,
7517383,0.69143796,
7517384,0.69382846,
7517385,0.58555454,
7517386,0.85771877,
7517387,0.81137174,
7517388,0.7978098,
7517389,0.7842062,
7517390,0.70708317,
7517391,0.7358,
7517392,0.6889493,
7517393,0.70169723,
7517394,0.7270039,
7517395,0.79687953,
7517397,0.44590193,
7517398,0.69440925,
7517400,0.7695457,
7517401,0.7208068,
7517402,0.60994464,
7517508,0.828997,
7517509,0.8184592,
7517510,0.8061326,
7517511,0.8060433,
7517512,0.78928053,
7517513,0.5831687,
7517514,0.79038435,
7517515,0.5857955,
7517516,0.68232644,
7517518,0.72149986,
7517519,0.787921,
7517520,0.80484086,
7517521,0.4919425,
7517698,0.66288793,
7517880,0.71250343,
7517881,0.74125415,
7517882,0.6818105,
7517883,0.71031,
7517886,0.6400321,
7517887,0.67591786,
7517888,0.66745913,
7517889,0.6874329,
7517890,0.70159245,
7517891,0.7342435,
7517925,0.815684,
7517927,0.6217404,
7517929,0.58221775,
7517930,0.76401186,
7517966,0.7658091,
7518232,0.091554336,
7518233,0.10536417,
7518234,0.13640632,
7518235,0.13615096,
7518236,0.13680139,
7518237,0.15865786,
7518238,0.18039687,
7518239,0.10416421,
7518240,0.15462753,
7518241,0.10404532,
7518242,0.13172868,
7518243,0.13189591,
7518244,0.11370764,
7518477,0.7322329,
7518479,0.8273663,
7518480,0.8645096,
7518779,0.82711804,
7518780,0.83180684,
7518781,0.78490096,
7518782,0.8676515,
7518783,0.83483636,
7518784,0.56737435,
7518785,0.5351779,
7518786,0.6505952,
7518804,0.7310809,
7518805,0.68192744,
7518806,0.7148259,
7518807,0.6846766,
7518808,0.8131559,
7518809,0.8430265,
7518810,0.752386,
7518811,0.8700264,
7518812,0.83575463,
7518813,0.90885794,
7518814,0.8734615,
7518815,0.8640907,
7518816,0.84970343,
7518818,0.8215535,
7518819,0.7559677,
7518824,0.73584807,
7518825,0.7941243,
7518872,0.77556765,
7518873,0.72584116,
7518874,0.7744311,
7518875,0.58764666,
7518876,0.8243187,
7518880,0.65833145,
7518881,0.62578624,
7518882,0.6054722,
7518883,0.80677074,
7518884,0.55810165,
7518886,0.7376223,
7518888,0.7550444,
7518889,0.78436613,
7518910,0.56327105,
7518911,0.5961048,
7518925,0.8101875,
7518926,0.7573873,
7518927,0.56078625,
7518928,0.5651033,
7518929,0.8381297,
7518930,0.79842985,
7518931,0.6314495,
7518933,0.64995366,
7518934,0.66264033,
7518935,0.6780894,
7518936,0.7974511,
7518937,0.8382493,
7519052,0.8450388,
7519143,0.7892127,
7519144,0.85257685,
7519145,0.84232575,
7519146,0.7727466,
7519147,0.76659083,
7519148,0.771926,
7519149,0.8170271,
7519150,0.8039549,
7519151,0.79571664,
7519152,0.7488409,
7519153,0.74987876,
7519154,0.38025436,
7519155,0.9183222,
7519156,0.88521886,
7519157,0.6954457,
7519158,0.7121037,
7519159,0.841287,
7519160,0.8065986,
7519161,0.7061507,
7519162,0.8517859,
7519163,0.82071674,
7519165,0.84239143,
7519166,0.78401184,
7519167,0.6449257,
7519168,0.7128412,
7519169,0.5592925,
7519170,0.56706077,
7519171,0.56568205,
7519187,0.84824467,
7519189,0.80498993,
7519192,0.8385828,
7519193,0.77919227,
7519194,0.68465614,
7519195,0.80469,
7519196,0.77638865,
7519197,0.76734996,
7519198,0.55507106,
7519200,0.80082095,
7519201,0.725657,
7519202,0.6799576,
7519203,0.7221627,
7519204,0.75289524,
7519205,0.8077728,
7519206,0.6311828,
7519207,0.6604406,
7519208,0.74649537,
7519210,0.82626224,
7519211,0.5508177,
7519212,0.8960862,
7519213,0.5099191,
7519214,0.64616406,
7519232,0.8506977,
7519233,0.76020706,
7519235,0.7463269,
7519236,0.534857,
7519237,0.7112112,
7519238,0.74298346,
7519239,0.69328463,
7519240,0.48080987,
7519241,0.8561191,
7519242,0.6296702,
7519253,0.65119785,
7519409,0.57236266,
7519418,0.65075094,
7519419,0.5556202,
7519420,0.87592274,
7519455,0.8166675,
7519456,0.62101734,
7519459,0.78000575,
7519524,0.69357914,
7519546,0.84384614,
7519553,0.7614312,
7519554,0.7858299,
7519555,0.74907327,
7519556,0.75407773,
7519557,0.6674306,
7519558,0.42242056,
7519559,0.43558288,
7519560,0.41931722,
7519561,0.4357438,
7519563,0.6131856,
7519564,0.69000673,
7519567,0.5776302,
7519570,0.5211776,
7519571,0.69196415,
7519572,0.48112515,
7519573,0.5478975,
7519575,0.41067198,
7519576,0.37891364,
7519577,0.47723907,
7519674,0.7784142,
7519677,0.81555974,
7519697,0.84697187,
7519698,0.7200467,
7519699,0.51432973,
7519700,0.5301825,
7519701,0.7035369,
7519702,0.6621286,
7519703,0.5042082,
7519717,0.65602964,
7519718,0.65112907,
7519719,0.5763879,
7519852,0.8548689,
7519853,0.84341395,
7519854,0.8167557,
7519855,0.82718045,
7519856,0.7950261,
7519857,0.77026165,
7519858,0.8458308,
7519859,0.698658,
7519860,0.8923274,
7519861,0.8028273,
7519862,0.86791074,
7520082,0.8995529,
7520095,0.6784238,
7520096,0.54919076,
7520132,0.83111024,
7520133,0.801694,
7520134,0.66768765,
7520135,0.69045395,
7520136,0.8681882,
7520139,0.76535535,
7520140,0.70323235,
7520141,0.79829764,
7520142,0.78739053,
7520143,0.78144395,
7520144,0.71913916,
7520145,0.72068167,
7520146,0.7269021,
7520147,0.7720077,
7520148,0.770017,
7520150,0.77224606,
7520151,0.65607935,
7520153,0.5549608,
7520154,0.7575888,
7520155,0.5217841,
7520156,0.5630271,
7520157,0.6882117,
7520158,0.84467673,
7520159,0.8416121,
7520165,0.8363016,
7520166,0.78085107,
7520167,0.75729144,
7520168,0.8042445,
7520169,0.758417,
7520170,0.828648,
7520171,0.78578186,
7520172,0.8180386,
7520173,0.6861074,
7520174,0.7626218,
7520176,0.8176057,
7520177,0.8228338,
7520178,0.81300664,
7520180,0.7009181,
7520181,0.5526262,
7520182,0.9255673,
7520183,0.8250894,
7520184,0.594545,
7520185,0.74774337,
7520186,0.7578893,
7520188,0.86611325,
7520189,0.8457525,
7520190,0.76300323,
7520191,0.7561129,
7520192,0.69402844,
7520194,0.5824183,
7520195,0.8235823,
7520196,0.71042347,
7520197,0.82365656,
7520199,0.6755233,
7520200,0.6525831,
7520201,0.792949,
7520202,0.81278455,
7520203,0.7503114,
7520204,0.67638975,
7520205,0.6378431,
7520206,0.71473616,
7520207,0.6228323,
7520208,0.78290075,
7520209,0.69264495,
7520210,0.72580326,
7520211,0.8375506,
7520212,0.8322781,
7520213,0.7584845,
7520214,0.90688944,
7520215,0.8858129,
7520216,0.7305642,
7520217,0.88583344,
7520218,0.75680864,
7520219,0.78162426,
7520220,0.8730721,
7520221,0.671456,
7520222,0.7181517,
7520223,0.83275795,
7520224,0.47251564,
7520227,0.80870277,
7520229,0.7947049,
7520230,0.796118,
7520231,0.66136205,
7520233,0.6624577,
7520234,0.85526466,
7520235,0.8246415,
7520240,0.8161986,
7520241,0.8805172,
7520242,0.85162854,
7520243,0.64349,
7520254,0.73326015,
7520255,0.6971184,
7520257,0.7631492,
7520258,0.77580994,
7520259,0.8697949,
7520260,0.83553964,
7520261,0.8327516,
7520262,0.68528813,
7520263,0.72022045,
7520264,0.7052701,
7520265,0.6034741,
7520266,0.55289644,
7520267,0.8485747,
7520268,0.7625494,
7520269,0.837008,
7520271,0.91243625,
7520272,0.88207144,
7520273,0.9114365,
7520274,0.8903944,
7520275,0.71618044,
7520276,0.69729555,
7520277,0.69275004,
7520278,0.78686875,
7520279,0.81604457,
7520447,0.72943676,
7520448,0.91050565,
7520449,0.8138252,
7520452,0.8485668,
7520453,0.7505044,
7520454,0.81876665,
7520455,0.88710076,
7520456,0.90121937,
7520457,0.90002984,
7520466,0.66412205,
7520467,0.77053386,
7520468,0.61583525,
7520469,0.77595675,
7520470,0.6945389,
7520471,0.7070962,
7520472,0.710392,
7520473,0.7553491,
7520474,0.7396714,
7520475,0.81935024,
7520484,0.89556056,
7520485,0.8200227,
7520486,0.55497307,
7520488,0.6129452,
7520489,0.8709268,
7520490,0.8247336,
7520491,0.73046327,
7520492,0.70913357,
7520493,0.57571965,
7520494,0.6191093,
7520495,0.7661095,
7520499,0.64000773,
7520502,0.69845045,
7520504,0.61332756,
7520505,0.77422893,
7520509,0.7904433,
7520514,0.87741554,
7520516,0.68021864,
7520518,0.69945174,
7520519,0.49093768,
7520531,0.8492048,
7520532,0.6873545,
7520533,0.5466925,
7520534,0.821246,
7520535,0.74531037,
7520542,0.76288235,
7520543,0.88676775,
7520544,0.8211867,
7520545,0.86697257,
7520549,0.85336405,
7520550,0.6401367,
7520551,0.68778056,
7520552,0.7904488,
7520553,0.74077934,
7520554,0.7248691,
7520555,0.7530432,
7520556,0.80816483,
7520557,0.6763938,
7520558,0.67840827,
7520559,0.72072977,
7520560,0.757009,
7520561,0.9158982,
7520562,0.83019483,
7520563,0.896725,
7520564,0.92712665,
7520565,0.7437773,
7520566,0.91928214,
7520567,0.9294989,
7520568,0.8095198,
7520571,0.79551095,
7520574,0.7915107,
7520575,0.5556914,
7520576,0.58998144,
7520577,0.58835816,
7520578,0.62129325,
7520581,0.7334223,
7520594,0.5044283,
7520595,0.7132869,
7520596,0.5099196,
7520597,0.71781015,
7520598,0.604402,
7520599,0.7417738,
7520600,0.7833486,
7520601,0.75201356,
7520602,0.5556553,
7520604,0.8306362,
7520606,0.791993,
7520610,0.8184122,
7520622,0.5119221,
7520623,0.86571366,
7520624,0.7641671,
7520627,0.80609494,
7520628,0.82342637,
7520629,0.8058349,
7520630,0.73555887,
7520631,0.59862876,
7520756,0.7769891,
7520757,0.7460203,
7520758,0.7341021,
7520760,0.78524274,
7520761,0.667498,
7520762,0.77501404,
7520763,0.7119347,
7520764,0.8530185,
7520765,0.77253383,
7520767,0.68868446,
7520769,0.59879273,
7520771,0.71155095,
7520773,0.7226558,
7520774,0.9098863,
7520776,0.61789346,
7520777,0.8244246,
7520779,0.8944127,
7520782,0.8505927,
7520879,0.60938853,
7520881,0.5967355,
7520882,0.63833964,
7520883,0.6143509,
7520886,0.848317,
7520887,0.8498927,
7520888,0.8172892,
7520889,0.783329,
7520890,0.80907375,
7520891,0.71916306,
7520918,0.6991499,
7520919,0.66863894,
7520920,0.62880856,
7520921,0.6680224,
7520922,0.727003,
7520923,0.7204201,
7520924,0.83383054,
7520925,0.8025296,
7520926,0.83192945,
7520927,0.8555722,
7520928,0.8152853,
7520930,0.7397317,
7520931,0.70179117,
7520932,0.7014189,
7520934,0.686732,
7520935,0.64139664,
7520936,0.7802684,
7521024,0.7684789,
7521025,0.8690543,
7521026,0.88367134,
7521027,0.8825495,
7521028,0.90034854,
7521029,0.88657767,
7521031,0.7771174,
7521032,0.77986526,
7521033,0.8002869,
7521034,0.79405576,
7521035,0.6189896,
7521036,0.5200181,
7521037,0.8434005,
7521038,0.8328456,
7521039,0.85119253,
7521040,0.7323005,
7521041,0.73913175,
7521042,0.7216226,
7521043,0.7025265,
7521056,0.81085306,
7521057,0.9184455,
7521060,0.77103156,
7521061,0.7863219,
7521062,0.7193005,
7521063,0.78738946,
7521064,0.79351294,
7521065,0.72102606,
7521066,0.76342374,
7521067,0.89104486,
7521069,0.87877476,
7521146,0.6806054,
7521147,0.7246793,
7521148,0.73593664,
7521170,0.70822203,
7521171,0.5048598,
7521172,0.7978834,
7521173,0.80208683,
7521174,0.7811841,
7521175,0.8427638,
7521176,0.84443426,
7521213,0.8660208,
7521214,0.82563287,
7521215,0.8248814,
7521216,0.8853183,
7521217,0.8841953,
7521218,0.85912955,
7521219,0.8497567,
7521220,0.7359537,
7521222,0.7975215,
7521225,0.7745845,
7521226,0.56165224,
7521227,0.8001823,
7521228,0.82276034,
7521229,0.87952995,
7521230,0.8883035,
7521231,0.8437407,
7521233,0.758315,
7521235,0.8878453,
7521236,0.7481878,
7521237,0.78051317,
7521238,0.89657104,
7521239,0.5526762,
7521240,0.86244833,
7521241,0.8788983,
7521242,0.6964468,
7521261,0.66745925,
7521262,0.9026024,
7521263,0.8730737,
7521264,0.69850624,
7521265,0.86777025,
7521266,0.89567053,
7521267,0.89443636,
7521268,0.87382036,
7521269,0.8713272,
7521271,0.88984644,
7521272,0.90617156,
7521273,0.8511174,
7521274,0.90671504,
7521275,0.87410307,
7521276,0.88900167,
7521310,0.8980576,
7521311,0.69303596,
7521317,0.85878074,
7521325,0.8153645,
7521326,0.815881,
7521327,0.81326216,
7521328,0.8330334,
7521329,0.7914014,
7521330,0.66280425,
7521331,0.7527581,
7521332,0.67694604,
7521333,0.7969424,
7521334,0.655907,
7521335,0.7288168,
7521336,0.77937245,
7521338,0.7690683,
7521339,0.89031136,
7521340,0.89396566,
7521343,0.90535164,
7521344,0.8196449,
7521345,0.89501494,
7521346,0.8177644,
7521347,0.7650698,
7521348,0.82775706,
7521349,0.918548,
7521350,0.8671986,
7521351,0.7507147,
7521352,0.86150163,
7521353,0.9022577,
7521354,0.8941399,
7521355,0.8678221,
7521356,0.7086789,
7521357,0.8305416,
7521358,0.89543843,
7521359,0.6101402,
7521360,0.87900203,
7521362,0.6925854,
7521363,0.7949718,
7521364,0.7762498,
7521365,0.8957605,
7521366,0.785298,
7521367,0.73216254,
7521368,0.7903248,
7521369,0.8551912,
7521370,0.8630098,
7521371,0.86947596,
7521372,0.8692854,
7521373,0.82626325,
7521374,0.82083595,
7521375,0.8306785,
7521376,0.76447886,
7521377,0.83651227,
7521378,0.90439236,
7521379,0.921892,
7521422,0.85034007,
7521423,0.89690226,
7521424,0.84035856,
7521425,0.8636415,
7521426,0.92285955,
7521427,0.90024036,
7521428,0.8745859,
7521439,0.7481475,
7521440,0.84814197,
7521441,0.8951048,
7521442,0.8625493,
7521443,0.82600594,
7521444,0.6969129,
7521445,0.8314856,
7521496,0.62916595,
7521497,0.49892434,
7521498,0.6081033,
7521499,0.45683166,
7521500,0.46031502,
7521501,0.51594627,
7521502,0.58292377,
7521503,0.5109306,
7521505,0.5820002,
7521506,0.8394226,
7521508,0.45809668,
7521509,0.47345838,
7521510,0.36220732,
7521511,0.50841933,
7521546,0.73395634,
7521547,0.5903669,
7521548,0.5982366,
7521549,0.8189655,
7521550,0.7369419,
7521551,0.80238974,
7521553,0.789558,
7521554,0.8747756,
7521555,0.6707572,
7521556,0.5861767,
7521557,0.80468833,
7521558,0.9216977,
7521559,0.79596627,
7521560,0.838934,
7521561,0.82707936,
7521562,0.8248203,
7521565,0.81746894,
7521566,0.83396685,
7521573,0.6998659,
7521575,0.85879356,
7521576,0.6524748,
7521579,0.8538188,
7521581,0.7780765,
7521583,0.9075816,
7521599,0.6856544,
7521606,0.880337,
7521607,0.8854619,
7521628,0.7198393,
7521630,0.7096035,
7521638,0.7162718,
7521639,0.6863606,
7521641,0.6865237,
7521642,0.6839223,
7521643,0.73766184,
7521644,0.6613094,
7521645,0.58179295,
7521678,0.8382269,
7521684,0.8628771,
7521686,0.9123374,
7521875,0.7080542,
7521879,0.7105591,
7521880,0.91846347,
7521881,0.90145016,
7521882,0.854828,
7521883,0.39429507,
7521884,0.35386658,
7521885,0.61318743,
7521886,0.62334394,
7521887,0.6650324,
7521888,0.6340577,
7521889,0.68574977,
7521890,0.70771337,
7521891,0.5712698,
7521892,0.63615096,
7521893,0.6798468,
7521894,0.65564847,
7521895,0.6403935,
7521996,0.8614917,
7521997,0.84595734,
7522000,0.70801365,
7522157,0.585933,
7522158,0.73389095,
7522159,0.47445256,
7522160,0.6785862,
7522161,0.7451231,
7522164,0.62435955,
7522282,0.8272416,
7522283,0.74638885,
7522284,0.77625906,
7522285,0.7756546,
7522290,0.7738871,
7522292,0.71361005,
7522293,0.6747147,
7522294,0.8026945,
7522295,0.81559503,
7522296,0.85176927,
7522297,0.82397336,
7522298,0.6269672,
7522299,0.8141268,
7522301,0.88236296,
7522302,0.8586013,
7522303,0.7284574,
7522305,0.69999695,
7522306,0.8715152,
7522307,0.73913985,
7522308,0.7926441,
7522309,0.6997334,
7522310,0.8205461,
7522311,0.7517011,
7522312,0.74325216,
7522313,0.6243073,
7522314,0.82282615,
7522319,0.86617225,
7522320,0.9091573,
7522321,0.8620909,
7522322,0.8424561,
7522323,0.7631714,
7522324,0.7365983,
7522325,0.6507909,
7522326,0.7027596,
7522331,0.8010575,
7522367,0.8109306,
7522368,0.8299135,
7522369,0.780599,
7522370,0.72966427,
7522371,0.8915133,
7522373,0.82607293,
7522375,0.82834464,
7522376,0.8734597,
7522380,0.9078986,
7522381,0.9072619,
7522382,0.85576683,
7522383,0.6880289,
7522471,0.85504085,
7522472,0.7526033,
7522473,0.88727516,
7522474,0.8818775,
7522477,0.72513443,
7522478,0.7238774,
7522480,0.8285734,
7522481,0.80498713,
7522483,0.777574,
7522485,0.55999726,
7522489,0.77398705,
7522490,0.79720193,
7522491,0.7826048,
7522502,0.60517085,
7522510,0.6304479,
7522511,0.657111,
7522512,0.7353836,
7522513,0.6614223,
7522514,0.7245668,
7522515,0.8303663,
7522517,0.810439,
7522518,0.8107076,
7522519,0.8675568,
7522520,0.7140578,
7522521,0.58547324,
7522522,0.88270533,
7522523,0.79246885,
7522524,0.704335,
7522525,0.7920287,
7522526,0.68825746,
7522527,0.7417705,
7522528,0.8207189,
7522529,0.6757027,
7522537,0.91475457,
7522538,0.7151139,
7522539,0.70183414,
7522540,0.81243783,
7522541,0.7754531,
7522542,0.78434515,
7522544,0.69747496,
7522545,0.47787127,
7522608,0.8664727,
7522610,0.7505807,
7522611,0.7834721,
7522638,0.74942505,
7522767,0.91678876,
7522769,0.868341,
7522770,0.8166719,
7522772,0.86951196,
7522773,0.88548523,
7522774,0.73904127,
7522781,0.8078179,
7522782,0.9292344,
7522783,0.9325627,
7522784,0.89349675,
7522887,0.34536168,
7522888,0.46548107,
7522889,0.409118,
7522890,0.45962477,
7522979,0.9086947,
7522980,0.86329854,
7522981,0.8548417,
7522982,0.7809135,
7522983,0.7363407,
7522984,0.849553,
7522985,0.87468785,
7522986,0.839414,
7522987,0.8462076,
7522988,0.80285215,
7522989,0.83833253,
7523004,0.6681614,
7523079,0.67924756,
7523186,0.754441,
7523237,0.7536632,
7523238,0.7395668,
7523240,0.78651506,
7523241,0.7156642,
7523242,0.6306089,
7523243,0.61019397,
7523271,0.7894896,
7523272,0.87004393,
7523273,0.8107566,
7523275,0.7229695,
7523276,0.68586624,
7523277,0.53468454,
7523278,0.7603773,
7523279,0.85204273,
7523280,0.8404702,
7523281,0.8476719,
7523282,0.74748516,
7523283,0.7657526,
7523284,0.74633485,
7523288,0.74754035,
7523291,0.7210738,
7523294,0.68635386,
7523295,0.69247633,
7523296,0.7847485,
7523297,0.6803811,
7523298,0.7126538,
7523299,0.7059883,
7523300,0.5360332,
7523301,0.857387,
7523302,0.7686972,
7523303,0.52694714,
7523315,0.8307724,
7523317,0.7965492,
7523321,0.8944903,
7523323,0.7282877,
7523324,0.8448204,
7523327,0.7539216,
7523328,0.9002758,
7523329,0.74601257,
7523330,0.7878666,
7523331,0.6193018,
7523332,0.7109985,
7523333,0.73588985,
7523334,0.7376767,
7523335,0.79656,
7523336,0.6368795,
7523337,0.7045364,
7523338,0.69156283,
7523339,0.8024812,
7523340,0.8596986,
7523341,0.76830304,
7523342,0.741393,
7523343,0.69130194,
7523344,0.6983515,
7523346,0.79312253,
7523347,0.77708274,
7523351,0.68479925,
7523352,0.84070724,
7523353,0.82144773,
7523354,0.7690205,
7523444,0.7565927,
7523445,0.6657546,
7523446,0.77973956,
7523447,0.7092611,
7523492,0.8667814,
7523493,0.87685037,
7523494,0.8364895,
7523495,0.83414155,
7523496,0.6268421,
7523497,0.5460992,
7523504,0.6618318,
7523628,0.7875814,
7523629,0.82436204,
7523630,0.8390852,
7523631,0.7878037,
7523632,0.8307499,
7523634,0.85171545,
7523635,0.734532,
7523636,0.74609464,
7523639,0.63882726,
7523640,0.7794441,
7523641,0.74798876,
7523642,0.68168724,
7523643,0.7130285,
7523646,0.6630306,
7523661,0.80207527,
7523662,0.8015192,
7523664,0.73878247,
7523665,0.8675474,
7523737,0.7853872,
7523909,0.8050181,
7523910,0.84832335,
7523911,0.7739338,
7523913,0.8292621,
7523914,0.81572104,
7523917,0.71792316,
7523918,0.7240315,
7523919,0.7800747,
7523922,0.8141393,
7523923,0.8802467,
7523924,0.8742971,
7523925,0.80803853,
7523927,0.8118949,
7523929,0.8827732,
7523930,0.94243836,
7523931,0.9024852,
7523932,0.889416,
7523933,0.8260993,
7523934,0.6965347,
7523935,0.716648,
7523936,0.8518543,
7523937,0.83737016,
7523940,0.6826161,
7523941,0.8753718,
7523944,0.8128494,
7523945,0.792561,
7523948,0.836444,
7523951,0.70688003,
7523953,0.67440164,
7523955,0.8073279,
7523956,0.7756685,
7524006,0.4919501,
7524007,0.47138497,
7524009,0.737294,
7524013,0.77337766,
7524014,0.894056,
7524015,0.89613986,
7524016,0.6501107,
7524036,0.7066966,
7524038,0.7945477,
7524039,0.7204567,
7524040,0.6537619,
7524044,0.6020135,
7524065,0.78710335,
7524067,0.5052029,
7524070,0.7583547,
7524071,0.73127615,
7524072,0.8342369,
7524078,0.76943046,
7524080,0.74157554,
7524091,0.7862696,
7524093,0.6685362,
7524095,0.8170937,
7524097,0.7241476,
7524104,0.6159633,
7524115,0.8712532,
7524119,0.57026565,
7524128,0.82403934,
7524131,0.8062865,
7524134,0.7558804,
7524135,0.74712294,
7524136,0.6380797,
7524142,0.6860342,
7524403,0.76548886,
7524404,0.64989567,
7524420,0.892869,
7524499,0.6824912,
7524500,0.6249059,
7524595,0.760755,
7524600,0.865408,
7524601,0.76578337,
7524602,0.73754424,
7524603,0.7057682,
7524604,0.7371038,
7524605,0.68628997,
7524613,0.91615295,
7524614,0.85829693,
7524698,0.71347815,
7524711,0.72631025,
7524712,0.7576936,
7524713,0.8944885,
7524714,0.78346574,
7524718,0.6126988,
7524719,0.7231711,
7524720,0.7846932,
7524721,0.72960186,
7524728,0.584257,
7524731,0.5790486,
7524733,0.5260597,
7524738,0.57984656,
7524739,0.5980883,
7524740,0.5995702,
7524741,0.58022326,
7524744,0.8493896,
7524745,0.78896785,
7524762,0.6933062,
7524765,0.5814348,
7524766,0.6350117,
7524767,0.8264335,
7524768,0.82410896,
7524769,0.6759794,
7524770,0.6451634,
7524830,0.5217487,
7524833,0.5106412,
7524834,0.503381,
7524849,0.54885256,
7524850,0.6617388,
7524851,0.5946394,
7524852,0.60780036,
7524853,0.8457662,
7524854,0.77987206,
7524855,0.82562643,
7524857,0.7066775,
7524858,0.7307026,
7524859,0.56969064,
7524860,0.67463183,
7524861,0.76331556,
7524947,0.72991896,
7524948,0.86881703,
7524949,0.76684475,
7524959,0.6471295,
7525004,0.746755,
7525005,0.6545784,
7525053,0.8000904,
7525054,0.72770935,
7525055,0.62635475,
7525056,0.7538421,
7525057,0.7600829,
7525058,0.7896328,
7525059,0.73335916,
7525060,0.8246479,
7525061,0.82763034,
7525062,0.7208164,
7525064,0.7690675,
7525065,0.7812373,
7525066,0.52586436,
7525067,0.74133813,
7525068,0.7076175,
7525069,0.5954606,
7525070,0.78728163,
7525071,0.78999287,
7525072,0.7224644,
7525073,0.8699963,
7525074,0.8149311,
7525075,0.82790637,
7525076,0.8065148,
7525077,0.7254631,
7525078,0.86991775,
7525079,0.89899856,
7525085,0.7943483,
7525086,0.7815067,
7525088,0.7521529,
7525089,0.5789535,
7525090,0.81082475,
7525091,0.7946371,
7525111,0.8951021,
7525112,0.81228817,
7525113,0.3439345,
7525114,0.5171903,
7525115,0.8642203,
7525116,0.7319537,
7525117,0.7533118,
7525118,0.7104521,
7525119,0.7969576,
7525120,0.77636117,
7525121,0.61891663,
7525122,0.71293855,
7525123,0.7417715,
7525124,0.8323604,
7525125,0.6839988,
7525126,0.72779286,
7525127,0.7462317,
7525128,0.77005404,
7525129,0.74465436,
7525130,0.71642023,
7525131,0.50652206,
7525132,0.82714415,
7525133,0.57763875,
7525134,0.69964904,
7525135,0.7554894,
7525136,0.73071116,
7525152,0.84814125,
7525153,0.7789441,
7525154,0.46216318,
7525155,0.7061524,
7525157,0.7505111,
7525158,0.8098316,
7525159,0.6564684,
7525160,0.8387036,
7525161,0.78633547,
7525162,0.7251235,
7525163,0.5459432,
7525164,0.71196795,
7525165,0.70738274,
7525166,0.81228155,
7525167,0.81188345,
7525168,0.72161305,
7525169,0.61891294,
7525170,0.75607127,
7525171,0.8435802,
7525173,0.77922153,
7525174,0.80808383,
7525176,0.83131194,
7525177,0.85119605,
7525248,0.65949094,
7525249,0.6618165,
7525250,0.5027397,
7525256,0.75042105,
7525257,0.70557183,
7525258,0.72821087,
7525259,0.6906504,
7525260,0.6356395,
7525373,0.8158917,
7525374,0.6991212,
7525382,0.9100712,
7525383,0.89911735,
7525386,0.82494426,
7525387,0.792729,
7525388,0.7338486,
7525389,0.83627784,
7525392,0.6447233,
7525396,0.79262567,
7525397,0.8802447,
7525399,0.85278934,
7525400,0.84750825,
7525401,0.83669496,
7525402,0.8758813,
7525403,0.84698343,
7525404,0.7103702,
7525405,0.7026463,
7525429,0.47420713,
7525432,0.54074067,
7525433,0.5212327,
7525440,0.707528,
7525442,0.76772314,
7525443,0.82358974,
7525444,0.795563,
7525445,0.77870363,
7525446,0.7974412,
7525448,0.89337873,
7525450,0.7124811,
7525451,0.87356037,
7525452,0.8060554,
7525453,0.8398953,
7525454,0.817091,
7525455,0.85590595,
7525456,0.7393603,
7525457,0.81782514,
7525460,0.65893793,
7525461,0.7281831,
7525462,0.76016986,
7525463,0.72649366,
7525464,0.71378726,
7525465,0.73815995,
7525466,0.5744914,
7525467,0.7085518,
7525469,0.7724447,
7525470,0.8694279,
7525473,0.8437053,
7525474,0.73053116,
7525476,0.76231956,
7525522,0.769475,
7525523,0.86981183,
7525524,0.8311425,
7525525,0.74754167,
7525526,0.7766727,
7525528,0.7930209,
7525530,0.81862104,
7525532,0.8181315,
7525533,0.8484983,
7525534,0.82282174,
7525535,0.6868518,
7525536,0.63040894,
7525537,0.8248612,
7525538,0.72458905,
7525539,0.8308299,
7525540,0.7773973,
7525541,0.8193808,
7525542,0.73726046,
7525544,0.8683222,
7525545,0.7631466,
7525546,0.6605506,
7525547,0.6320823,
7525549,0.7445835,
7525550,0.7401453,
7525551,0.8459866,
7525553,0.63845843,
7525554,0.5612728,
7525555,0.80598634,
7525561,0.49279335,
7525564,0.39783964,
7525565,0.41920838,
7525566,0.37827757,
7525567,0.37790707,
7525568,0.42780107,
7525569,0.35689646,
7525570,0.42829573,
7525571,0.43106204,
7525572,0.43173167,
7525573,0.39405906,
7525574,0.3925226,
7525575,0.44325608,
7525576,0.43350205,
7525579,0.7949871,
7525580,0.7718864,
7525581,0.8488107,
7525582,0.8367031,
7525583,0.78742063,
7525584,0.71010065,
7525585,0.8209032,
7525589,0.84661216,
7525591,0.7813495,
7525592,0.82202953,
7525594,0.8765202,
7525595,0.83623266,
7525596,0.8754427,
7525597,0.75195915,
7525598,0.7921028,
7525599,0.8745732,
7525600,0.75937116,
7525601,0.77607125,
7525602,0.76545274,
7525604,0.75376517,
7525605,0.7247382,
7525606,0.7656078,
7525607,0.91370124,
7525608,0.9099386,
7525609,0.8342761,
7525613,0.7938447,
7525615,0.7397096,
7525617,0.78068525,
7525618,0.7697532,
7525624,0.756934,
7525626,0.7671865,
7525746,0.6880157,
7525747,0.71531254,
7525772,0.8040168,
7525773,0.8451759,
7525774,0.6356217,
7525775,0.76589614,
7525776,0.7409878,
7525777,0.6771613,
7525778,0.76061285,
7525779,0.7743898,
7525780,0.7886779,
7525781,0.79577464,
7525782,0.8175878,
7525783,0.80163395,
7525784,0.7924956,
7525785,0.6302327,
7525786,0.6933528,
7525787,0.6853303,
7525788,0.691349,
7525789,0.5923531,
7525790,0.7380696,
7525791,0.69817734,
7525792,0.6969731,
7525793,0.5839921,
7525794,0.7601952,
7525795,0.7692775,
7525796,0.8016095,
7525799,0.8215545,
7525800,0.682295,
7525802,0.65208256,
7525809,0.61408186,
7525810,0.5303962,
7525811,0.5331846,
7525812,0.6564317,
7525813,0.6322993,
7525815,0.40379527,
7525818,0.8576601,
7525819,0.7818847,
7525820,0.89236915,
7525823,0.8048031,
7525825,0.77952397,
7525832,0.6579727,
7525865,0.7007771,
7525866,0.7227994,
7525868,0.7341554,
7525870,0.6655163,
7525906,0.7297735,
7525944,0.2828875,
7526014,0.40983278,
7526016,0.5832512,
7526021,0.6519251,
7526022,0.8205621,
7526023,0.4904071,
7526024,0.6196186,
7526025,0.7196963,
7526026,0.7871167,
7526027,0.8308026,
7526028,0.74761605,
7526029,0.67706585,
7526030,0.7111954,
7526032,0.74870265,
7526033,0.79927784,
7526034,0.54201907,
7526035,0.80572414,
7526036,0.7310792,
7526037,0.83032274,
7526038,0.8386826,
7526039,0.6055914,
7526040,0.85416627,
7526041,0.72439384,
7526042,0.6817836,
7526044,0.50696945,
7526046,0.2758316,
7526047,0.17748734,
7526048,0.2815692,
7526049,0.27258533,
7526050,0.31814492,
7526051,0.3347707,
7526052,0.31692022,
7526053,0.24680036,
7526055,0.25159633,
7526057,0.26453835,
7526058,0.24740335,
7526059,0.29395956,
7526060,0.30062726,
7526061,0.23678444,
7526062,0.25313038,
7526063,0.30078563,
7526064,0.25162733,
7526065,0.34220225,
7526066,0.3370089,
7526067,0.39678514,
7526079,0.84352183,
7526082,0.6677109,
7526135,0.6281643,
7526156,0.38186842,
7526201,0.8270956,
7526204,0.6467082,
7526205,0.8282103,
7526249,0.7601802,
7526251,0.67442644,
7526252,0.6615002,
7526253,0.5507141,
7526254,0.47417644,
7526279,0.839385,
7526285,0.7554522,
7526302,0.73230445,
7526333,0.35218984,
7526414,0.8353659,
7526416,0.8386854,
7526417,0.84602636,
7526420,0.7846624,
7526421,0.6806452,
7526422,0.80556566,
7526423,0.7635829,
7526427,0.87792933,
7526429,0.87299436,
7526431,0.9094634,
7526432,0.7800942,
7526434,0.57511294,
7526435,0.78215986,
7526436,0.8045069,
7526439,0.839962,
7526440,0.82650304,
7526441,0.84790635,
7526442,0.82414526,
7526444,0.84352076,
7526445,0.80971915,
7526509,0.2402123,
7526510,0.2510849,
7526511,0.3416138,
7526512,0.36048606,
7526513,0.31579503,
7526514,0.33089283,
7526515,0.3622291,
7526516,0.27970496,
7526517,0.30024377,
7526518,0.25076362,
7526519,0.24173534,
7526520,0.30055988,
7526521,0.2873253,
7526522,0.27827188,
7526523,0.26375213,
7526524,0.28071746,
7526525,0.25743192,
7526526,0.20648585,
7526527,0.2721677,
7526528,0.41636115,
7526529,0.46311,
7526530,0.26582864,
7526531,0.38541025,
7526532,0.26014206,
7526533,0.25888082,
7526534,0.25657243,
7526535,0.29489326,
7526536,0.29877535,
7526537,0.35192,
7526538,0.31549677,
7526539,0.29558858,
7526540,0.31251344,
7526541,0.25417283,
7526542,0.29602888,
7526543,0.3124721,
7526544,0.30120793,
7526545,0.26174036,
7526546,0.29091856,
7526547,0.3108432,
7526548,0.27558947,
7526549,0.267247,
7526550,0.32723853,
7526551,0.308703,
7526552,0.36724576,
7526553,0.34266767,
7526554,0.33783484,
7526555,0.2795433,
7526556,0.43917242,
7526557,0.31607306,
7526558,0.32932362,
7526559,0.33285347,
7526560,0.37614772,
7526561,0.31929427,
7526562,0.23555139,
7526563,0.3608476,
7526564,0.31778157,
7526613,0.685159,
7526614,0.82045454,
7526615,0.8370819,
7526616,0.84610814,
7526617,0.87792134,
7526619,0.8572829,
7526620,0.69985604,
7526621,0.7404462,
7526622,0.7521867,
7526623,0.8441286,
7526624,0.805258,
7526625,0.7658194,
7526626,0.827526,
7526627,0.67854214,
7526628,0.82954663,
7526629,0.8145709,
7526630,0.7761712,
7526631,0.9003357,
7526632,0.82486826,
7526633,0.82084227,
7526634,0.7428894,
7526635,0.85256594,
7526636,0.7029301,
7526637,0.62375385,
7526638,0.73872155,
7526639,0.75605816,
7526642,0.85270226,
7526651,0.27873752,
7526652,0.32595265,
7526653,0.34591913,
7526654,0.2676556,
7526655,0.27638072,
7526656,0.34113097,
7526657,0.32977626,
7526658,0.8157531,
7526663,0.65316993,
7526664,0.6710226,
7526665,0.57835793,
7526666,0.7795463,
7526667,0.8712655,
7526668,0.8366259,
7526669,0.84007716,
7526670,0.90875864,
7526671,0.9065962,
7526674,0.80731845,
7526676,0.80262434,
7526678,0.7173768,
7526679,0.7870646,
7526680,0.61478835,
7526683,0.87194586,
7526690,0.71726894,
7526691,0.7334741,
7526692,0.83326876,
7526693,0.7453236,
7526694,0.7667292,
7526696,0.83764756,
7526697,0.34201288,
7526698,0.31996742,
7526699,0.33795604,
7526700,0.3176876,
7526926,0.7176334,
7526927,0.80736226,
7526936,0.8613663,
7526996,0.7145018,
7526997,0.56596524,
7527149,0.7932645,
7527161,0.7775915,
7527162,0.77978647,
7527163,0.7790805,
7527164,0.8547817,
7527186,0.77512664,
7527187,0.80758387,
7527188,0.6826579,
7527189,0.6692045,
7527190,0.7690477,
7527197,0.70497495,
7527200,0.56481713,
7527201,0.49890032,
7527205,0.8788041,
7527206,0.7222681,
7527207,0.7711978,
7527208,0.8123952,
7527210,0.80353755,
7527228,0.54061705,
7527229,0.7058389,
7527346,0.69870836,
7527347,0.71743804,
7527348,0.7239621,
7527349,0.60365665,
7527350,0.6538119,
7527351,0.75556564,
7527352,0.73050445,
7527353,0.88948447,
7527374,0.7512445,
7527375,0.6756718,
7527376,0.5081318,
7527437,0.7850665,
7527459,0.89960724,
7527550,0.7314486,
7527551,0.5572777,
7527552,0.6681673,
7527553,0.7896815,
7527554,0.80737716,
7527555,0.80656064,
7527559,0.8225811,
7527561,0.67055166,
7527569,0.8125449,
7527570,0.5780297,
7527571,0.7119245,
7527573,0.73980415,
7527575,0.85170233,
7527576,0.7301688,
7527577,0.7316531,
7527578,0.7824157,
7527593,0.7712356,
7527594,0.7182274,
7527625,0.85505986,
7527626,0.8635547,
7527627,0.8904129,
7527740,0.77578205,
7527741,0.8402725,
7527742,0.8806393,
7527765,0.86406684,
7527766,0.8801192,
7527768,0.72377133,
7527783,0.77836156,
7527787,0.8869293,
7527788,0.63196415,
7527789,0.7320086,
7527791,0.7196894,
7527792,0.69801605,
7527793,0.5063181,
7527794,0.8173901,
7527795,0.7457286,
7527796,0.70263004,
7527797,0.7652953,
7527798,0.84300596,
7527799,0.86298907,
7527800,0.8883715,
7527801,0.8707056,
7527802,0.7589124,
7527806,0.8006187,
7527807,0.7474423,
7527808,0.76215667,
7527814,0.81930226,
7527815,0.82716167,
7527817,0.8403823,
7527818,0.77964616,
7527819,0.8180463,
7527858,0.6726226,
7527859,0.5637926,
7527860,0.77823246,
7527861,0.73716843,
7527862,0.75917417,
7527863,0.66978884,
7527864,0.6966729,
7527969,0.8482305,
7527970,0.78665066,
7527971,0.8459556,
7527972,0.8927847,
7527973,0.8156308,
7527974,0.8868006,
7528028,0.83049256,
7528030,0.7832458,
7528031,0.7557277,
7528032,0.8249653,
7528034,0.8120526,
7528036,0.8503271,
7528039,0.85445315,
7528040,0.90505147,
7528042,0.9146031,
7528046,0.89228743,
7528049,0.8903009,
7528052,0.8474183,
7528055,0.8284684,
7528058,0.92528164,
7528071,0.7595265,
7528095,0.71589607,
7528096,0.6839469,
7528098,0.70616394,
7528099,0.70474637,
7528115,0.7418336,
7528116,0.72910976,
7528118,0.70475173,
7528119,0.6610435,
7528120,0.84090334,
7528124,0.66996413,
7528125,0.77954787,
7528129,0.83403623,
7528132,0.8133967,
7528133,0.823758,
7528134,0.5525204,
7528135,0.63923055,
7528136,0.5000463,
7528139,0.82133067,
7528140,0.8833962,
7528141,0.64246494,
7528142,0.5810091,
7528143,0.799437,
7528144,0.7863316,
7528145,0.6014195,
7528146,0.66529083,
7528148,0.85250777,
7528149,0.51292884,
7528150,0.62684405,
7528151,0.7531743,
7528152,0.70686346,
7528153,0.6622648,
7528157,0.63810194,
7528162,0.77990425,
7528163,0.7907682,
7528164,0.8365836,
7528165,0.8036086,
7528313,0.80769634,
7528315,0.7747669,
7528317,0.8320827,
7528319,0.73574865,
7528321,0.6917945,
7528551,0.8372943,
7528571,0.75539047,
7528597,0.3470417,
7528598,0.21040161,
7528599,0.28469104,
7528600,0.26117638,
7528601,0.26152757,
7528602,0.34490457,
7528603,0.28805995,
7528604,0.2700093,
7528605,0.27213004,
7528606,0.2861433,
7528607,0.32481322,
7528608,0.25223103,
7528609,0.33343643,
7528610,0.40938842,
7528650,0.75880784,
7528651,0.78129023,
7528652,0.61812913,
7528660,0.42464578,
7528661,0.39800215,
7528867,0.6996043,
7528868,0.73670673,
7528957,0.74421453,
7528958,0.7897906,
7528963,0.9192051,
7528964,0.861503,
7528990,0.8680241,
7528991,0.79164386,
7528992,0.7666626,
7529075,0.8405676,
7529076,0.846149,
7529146,0.8271753,
7529147,0.8662184,
7529148,0.8889352,
7529149,0.8356619,
7529224,0.8824226,
7529225,0.9116879,
7529227,0.9210881,
7529228,0.789619,
7529229,0.8193187,
7529231,0.81952983,
7529232,0.83849275,
7529233,0.613106,
7529234,0.9107911,
7529235,0.9216342,
7529236,0.91799474,
7529237,0.77878153,
7529238,0.9120442,
7529239,0.8940558,
7529240,0.8366493,
7529241,0.8459132,
7529242,0.7649342,
7529247,0.89675504,
7529248,0.87158406,
7529317,0.84411067,
7529406,0.8166957,
7529410,0.9244565,
7529421,0.79172426,
7529422,0.9215294,
7529423,0.89921093,
7529424,0.9372341,
7529436,0.9243941,
7529437,0.91980916,
7529438,0.9117637,
7529439,0.9117637,
7529452,0.895007,
7529453,0.8857697,
7529457,0.9078931,
7529459,0.91798824,
7529566,0.85074484,
7529567,0.7891234,
7529568,0.8577271,
7529569,0.839526,
7529573,0.83397377,
7529574,0.90262026,
7529575,0.8171818,
7529576,0.8141431,
7529577,0.8563688,
7529578,0.78317165,
7529593,0.8123745,
7529603,0.837294,
7529604,0.90055305,
7529605,0.9041094,
7529606,0.35070983,
7529692,0.68794113,
7529694,0.6042438,
7529695,0.8581323,
7529696,0.72035754,
7529697,0.5477091,
7529698,0.8620224,
7529699,0.8599985,
7529700,0.7201939,
7529701,0.83747005,
7529702,0.6374635,
7529703,0.6531101,
7529704,0.6787186,
7529705,0.6936838,
7529706,0.7709783,
7529707,0.7299628,
7529708,0.6889704,
7529709,0.8420354,
7529710,0.7700888,
7529712,0.7456331,
7529713,0.76899004,
7529719,0.43046317,
7529754,0.8134214,
7529755,0.7518788,
7529756,0.82960564,
7529757,0.77799743,
7529758,0.73997384,
7529760,0.844273,
7529761,0.8470036,
7529762,0.65797806,
7529763,0.6438159,
7529765,0.6668005,
7530211,0.8749654,
7530271,0.85790277,
7530277,0.8535398,
7530278,0.84703726,
7530279,0.83294076,
7530390,0.64233905,
7530391,0.67466694,
7530392,0.6004233,
7530393,0.5274782,
7530394,0.60564786,
7530395,0.5948625,
7530534,0.8628762,
7530535,0.7861159,
7530536,0.636093,
7530537,0.71771723,
7530538,0.52479535,
7530539,0.60233295,
7530540,0.80503875,
7530541,0.83612484,
7530542,0.81852263,
7530543,0.83045286,
7530544,0.8434421,
7530549,0.732199,
7530550,0.8728409,
7530551,0.7593878,
7530552,0.8205787,
7530555,0.40079823,
7530556,0.50002277,
7530557,0.45512885,
7530558,0.4913641,
7530559,0.59185094,
7530560,0.7743875,
7530561,0.74649215,
7530562,0.84753567,
7530563,0.7668797,
7530564,0.6030318,
7530565,0.7403741,
7530566,0.61918837,
7530569,0.7015885,
7530570,0.8428422,
7530571,0.74733555,
7530572,0.6734126,
7530573,0.7293971,
7530574,0.78168875,
7530575,0.74898785,
7530576,0.6912337,
7530577,0.67055106,
7530578,0.7611989,
7530581,0.85868067,
7530584,0.69900525,
7530585,0.7456258,
7530586,0.4469735,
7530587,0.53614634,
7530588,0.82816595,
7530589,0.84280604,
7530590,0.8910914,
7530591,0.7825666,
7530592,0.7198004,
7530593,0.49198183,
7530595,0.68534285,
7530596,0.54592365,
7530597,0.7775574,
7530598,0.791595,
7530599,0.7848346,
7530600,0.7281908,
7530601,0.5337468,
7530602,0.7840402,
7530603,0.74981236,
7530604,0.7304888,
7530605,0.8883305,
7530606,0.8226635,
7530607,0.71144307,
7530609,0.62727696,
7530610,0.83473086,
7530611,0.58040464,
7530612,0.81687343,
7530613,0.8374482,
7530614,0.7852899,
7530615,0.7105285,
7530616,0.8151996,
7530622,0.70981145,
7530623,0.72846836,
7530624,0.7940545,
7530625,0.86574376,
7530628,0.777058,
7530629,0.74409956,
7530630,0.6514142,
7530631,0.8959634,
7530632,0.47406602,
7530633,0.86923444,
7530634,0.89736205,
7530635,0.7616649,
7530636,0.81540114,
7530637,0.8284873,
7530639,0.73925793,
7530640,0.8184046,
7530641,0.88222986,
7530642,0.84552217,
7530643,0.48543954,
7530644,0.66616774,
7530645,0.79184556,
7530646,0.6728158,
7530647,0.70257473,
7530648,0.7485467,
7530649,0.6893834,
7530650,0.7922217,
7530651,0.78538203,
7530666,0.84798384,
7530667,0.73714894,
7530668,0.85925156,
7530669,0.77789813,
7530670,0.8529593,
7530671,0.82538295,
7530672,0.7174354,
7530718,0.84222406,
7530721,0.7286495,
7530724,0.7502855,
7530725,0.91011316,
7530726,0.7791228,
7530730,0.63459164,
7530734,0.8500299,
7530735,0.7757317,
7530738,0.5304813,
7530754,0.78873754,
7530759,0.85985017,
7530765,0.74973667,
7530776,0.62307733,
7530777,0.6999373,
7530779,0.720048,
7530780,0.86765367,
7530781,0.87820905,
7530782,0.6465738,
7530784,0.77213985,
7530787,0.78065294,
7530788,0.7248208,
7530789,0.8218332,
7530790,0.869837,
7530791,0.84177136,
7530814,0.8414782,
7530817,0.68814677,
7530819,0.63350457,
7530824,0.90544057,
7530832,0.7992927,
7530864,0.893623,
7530865,0.8799309,
7530875,0.87727153,
7531401,0.78003895,
7531406,0.6985593,
7531407,0.7855512,
7531408,0.75183445,
7531409,0.8004306,
7531410,0.5929175,
7531411,0.544635,
7531412,0.72038627,
7531413,0.85022515,
7531415,0.5615978,
7531416,0.7426215,
7531422,0.7958044,
7531423,0.7627357,
7531424,0.7782241,
7531425,0.5781825,
7531485,0.75997585,
7531486,0.7232796,
7531488,0.7542999,
7531491,0.7293613,
7531492,0.6947792,
7531504,0.8737069,
7531505,0.8410867,
7531506,0.7428663,
7531507,0.83582276,
7531523,0.72985005,
7531525,0.6158679,
7531527,0.7622964,
7531529,0.72306013,
7531536,0.7535413,
7531537,0.7054464,
7531669,0.9263638,
7531672,0.57814527,
7531673,0.7967422,
7531674,0.87593204,
7531675,0.8682764,
7531677,0.76628786,
7531678,0.76981884,
7531681,0.84096366,
7531682,0.8742874,
7531683,0.82761943,
7531689,0.8318209,
7531690,0.46818075,
7531691,0.8381006,
7531692,0.76305324,
7531693,0.82921654,
7531696,0.9096634,
7531697,0.82441694,
7531698,0.85332096,
7531699,0.75381696,
7531700,0.81985265,
7531703,0.7456096,
7531712,0.7737516,
7531741,0.7141922,
7531744,0.80698186,
7531745,0.88241786,
7531746,0.7277581,
7531747,0.69850177,
7531748,0.66015065,
7531749,0.7381195,
7531750,0.9150601,
7531751,0.88696384,
7531752,0.8363565,
7531753,0.6876155,
7531754,0.8170248,
7531755,0.601031,
7531768,0.64316106,
7531769,0.6273966,
7531770,0.6280748,
7531771,0.8375954,
7531772,0.84804094,
7531773,0.87016356,
7531778,0.7778039,
7531781,0.6995427,
7531782,0.5762993,
7531784,0.7369202,
7531785,0.772133,
7531789,0.72338367,
7531790,0.71605086,
7531792,0.8794301,
7531794,0.910045,
7531795,0.89687616,
7531796,0.8803834,
7531798,0.8331453,
7531799,0.9241766,
7531801,0.8367217,
7531802,0.8922026,
7531803,0.81118196,
7531810,0.7753241,
7531849,0.7813149,
7531850,0.7316947,
7531851,0.77099305,
7531853,0.8383359,
7531854,0.70363224,
7531860,0.6781819,
7531861,0.689374,
7531862,0.6633614,
7531863,0.8796208,
7531864,0.89037067,
7531865,0.9099309,
7531866,0.84903085,
7531867,0.89006025,
7531868,0.90116507,
7531869,0.65520674,
7531870,0.74401855,
7531871,0.71717066,
7531872,0.73600376,
7531878,0.5664077,
7531879,0.46154705,
7531880,0.5150065,
7531881,0.5287372,
7531886,0.8885804,
7531914,0.79951435,
7531915,0.7142182,
7531916,0.8239283,
7531917,0.8371149,
7531918,0.86395216,
7531919,0.8670298,
7531920,0.83087206,
7531963,0.41879973,
7531964,0.52035195,
7531978,0.7341728,
7532001,0.49582747,
7532027,0.6300055,
7532029,0.6749694,
7532030,0.7748817,
7532031,0.72693694,
7532032,0.71184415,
7532033,0.73618126,
7532045,0.6606826,
7532046,0.6437547,
7532047,0.6955609,
7532054,0.7009504,
7532055,0.8011662,
7532064,0.8043737,
7532070,0.65943,
7532098,0.6480823,
7532274,0.8917671,
7532275,0.8028379,
7532276,0.8503126,
7532277,0.82854027,
7532278,0.748044,
7532279,0.76961786,
7532280,0.7044825,
7532281,0.6938843,
7532282,0.7570119,
7532283,0.8468607,
7532284,0.8325809,
7532285,0.8243053,
7532286,0.558434,
7532287,0.73849034,
7532288,0.8258522,
7532289,0.80454814,
7532290,0.86172974,
7532291,0.8061806,
7532294,0.7216683,
7532295,0.75339293,
7532356,0.7993644,
7532359,0.8396409,
7532361,0.7817476,
7532504,0.7781381,
7532505,0.74457455,
7532517,0.7394445,
7532534,0.87572336,
7532622,0.7577649,
7532632,0.84466314,
7532633,0.82483745,
7532635,0.8224646,
7532644,0.7126983,
7532653,0.79795265,
7532654,0.71258503,
7532655,0.821614,
7533066,0.82796603,
7533070,0.5378192,
7533072,0.6609939,
7533074,0.885518,
7533075,0.79733115,
7533076,0.7939622,
7533362,0.8509496,
7533363,0.49926257,
7533388,0.8743711,
7533389,0.87306416,
7533392,0.813611,
7533393,0.86876255,
7533395,0.87113637,
7533396,0.891479,
7533397,0.8520378,
7533398,0.9079966,
7533399,0.8821455,
7533400,0.6635771,
7533511,0.8174899,
7533512,0.9090661,
7533513,0.7263911,
7533515,0.6662787,
7533516,0.8564203,
7533996,0.8173772,
7534112,0.62460476,
7534113,0.7188717,
7534146,0.74045104,
7534147,0.705682,
7534148,0.751179,
7534149,0.8524067,
7534150,0.8645825,
7534151,0.90336037,
7534153,0.899182,
7534154,0.8717231,
7534155,0.8903028,
7534156,0.8591236,
7534157,0.8574162,
7534158,0.8425458,
7534159,0.8983954,
7534160,0.8235663,
7534168,0.86995304,
7534169,0.6547228,
7534170,0.9029263,
7534180,0.7967534,
7534189,0.68176687,
7534201,0.8803713,
7534210,0.8406594,
7534221,0.80156523,
7534235,0.9178726,
7534244,0.90773034,
7534251,0.85531175,
7534252,0.8409357,
7534253,0.8700066,
7534280,0.78553027,
7534281,0.8068146,
7534282,0.8710486,
7534283,0.7091827,
7534284,0.7863979,
7534285,0.80216247,
7534531,0.79489505,
7534535,0.76720357,
7534536,0.7014712,
7534538,0.63320476,
7534539,0.75396293,
7534540,0.8168949,
7534543,0.77996653,
7534545,0.8631786,
7534547,0.74788046,
7534550,0.75361454,
7534551,0.7308942,
7534552,0.75166124,
7534553,0.72039783,
7534554,0.7723499,
7534555,0.7766651,
7534556,0.88529253,
7534559,0.7846491,
7534561,0.8635427,
7534564,0.7664529,
7534565,0.74110466,
7534566,0.70965886,
7534567,0.81925046,
7534568,0.8369525,
7534571,0.7676435,
7534575,0.7291498,
7534581,0.8707734,
7534582,0.6996592,
7534583,0.72530556,
7534584,0.7789672,
7534594,0.8243141,
7534603,0.8332858,
7534604,0.8406896,
7534608,0.64310306,
7534609,0.7294056,
7534621,0.72870284,
7534624,0.7093465,
7534625,0.69134057,
7534626,0.675908,
7534627,0.69325113,
7534630,0.755362,
7534633,0.78334486,
7534634,0.76616055,
7534636,0.7187666,
7534640,0.8309705,
7534642,0.7230015,
7534643,0.8717986,
7534644,0.8332615,
7534647,0.8810987,
7534649,0.8887618,
7534650,0.8857321,
7534659,0.85179216,
7534660,0.8625919,
7534662,0.39224222,
7534664,0.8533073,
7534665,0.7643131,
7534944,0.85443395,
7534968,0.7427159,
7534969,0.729248,
7534974,0.7826147,
7534975,0.8690295,
7534976,0.7093734,
7534977,0.8020747,
7534978,0.7244479,
7534979,0.73545176,
7534980,0.7532509,
7534981,0.76286733,
7535183,0.7306088,
7535186,0.764635,
7535187,0.7446982,
7535188,0.8621418,
7535189,0.8139669,
7535383,0.86524653,
7535384,0.8978719,
7535385,0.868165,
7535386,0.81412977,
7535387,0.79894423,
7535388,0.63273865,
7535392,0.7772954,
7535393,0.64163566,
7535642,0.864218,
7535643,0.84377426,
7535644,0.89595324,
7535645,0.8658121,
7535646,0.8326453,
7536363,0.7421227,
7536368,0.8349284,
7536371,0.7574203,
7536374,0.7458723,
7536375,0.72842884,
7536376,0.7067404,
7536377,0.826846,
7536378,0.66908765,
7536379,0.5959724,
7536380,0.8423707,
7536381,0.79298174,
7536382,0.7872828,
7536383,0.7392372,
7536384,0.82600015,
7536390,0.6368598,
7536391,0.86485666,
7536392,0.66279185,
7536393,0.6611432,
7536394,0.74133927,
7536395,0.78821445,
7536396,0.74738276,
7536397,0.80927,
7536398,0.7256996,
7536399,0.7207633,
7536400,0.7954374,
7536401,0.68588644,
7536402,0.61142254,
7536418,0.88319147,
7536428,0.8738678,
7536442,0.7189634,
7536449,0.71690065,
7536473,0.64067477,
7536477,0.6870999,
7536489,0.9080093,
7536490,0.88833594,
7536492,0.8592577,
7536493,0.65870214,
7536494,0.5955424,
7536495,0.73359036,
7536498,0.73868155,
7536499,0.88695407,
7536501,0.72956735,
7536505,0.54974663,
7536511,0.8772989,
7536515,0.76386034,
7536516,0.55158794,
7536517,0.54039365,
7536524,0.77275866,
7536534,0.7913223,
7536541,0.8442185,
7536542,0.85184515,
7536543,0.88896346,
7536546,0.9025016,
7536547,0.8827572,
7536548,0.88449675,
7536553,0.540143,
7536554,0.5774667,
7536555,0.4676315,
7536556,0.7638293,
7536557,0.83019835,
7536559,0.70040387,
7536560,0.88633615,
7536562,0.5378213,
7536563,0.7254982,
7536564,0.7684287,
7536567,0.6511982,
7536592,0.8245778,
7536606,0.8334564,
7536610,0.7018847,
7536615,0.6934029,
7536620,0.8154684,
7536622,0.4993785,
7536624,0.6539323,
7536632,0.6461316,
7536660,0.6931863,
7536661,0.71765614,
7536663,0.72513163,
7536664,0.79804444,
7536665,0.78539723,
7536666,0.80462754,
7536667,0.81226933,
7536668,0.72889847,
7536669,0.7327282,
7536670,0.82859874,
7536671,0.5469734,
7536672,0.60559714,
7536673,0.738485,
7536674,0.78423554,
7536679,0.81649566,
7536739,0.8569963,
7536740,0.8135156,
7536741,0.7239276,
7536742,0.658838,
7536743,0.77965176,
7536744,0.75317925,
7536746,0.62026006,
7537573,0.70474243,
7537574,0.81103843,
7537575,0.77810484,
7537576,0.82377625,
7537580,0.81248796,
7537583,0.8488956,
7537901,0.6723624,
7537902,0.68026775,
7538093,0.7942144,
7538095,0.764649,
7538096,0.654682,
7538206,0.6880683,
7538226,0.76409495,
7538227,0.8059476,
7538228,0.8556922,
7538234,0.77400434,
7538235,0.45836356,
7538236,0.7566595,
7538238,0.6146466,
7538323,0.62697506,
7538335,0.73386014,
7538336,0.72586524,
7538337,0.77786297,
7538338,0.8112463,
7538339,0.80040044,
7538340,0.8002764,
7538341,0.8838715,
7538342,0.86194825,
7538343,0.9034713,
7538344,0.78825766,
7538345,0.77967,
7538346,0.76448655,
7538347,0.8031681,
7538348,0.8222705,
7538384,0.7405411,
7538385,0.70081115,
7538389,0.6517249,
7538390,0.7749696,
7538391,0.7253379,
7538392,0.6256058,
7538393,0.67901593,
7538400,0.54738855,
7538405,0.68212855,
7538406,0.7758924,
7538407,0.80913025,
7538408,0.7787138,
7538409,0.64352393,
7538414,0.7423033,
7538415,0.8587836,
7538416,0.6893358,
7538417,0.65271163,
7538616,0.63094175,
7538617,0.7085885,
7538618,0.6977923,
7538620,0.81081235,
7538621,0.8188867,
7538622,0.6174508,
7538623,0.6037356,
7538625,0.80387145,
7538626,0.553108,
7538633,0.8282891,
7538634,0.70914435,
7538635,0.75386965,
7538637,0.84392166,
7538638,0.74114007,
7538639,0.8066983,
7538640,0.86670846,
7538641,0.7813124,
7538642,0.6423339,
7538643,0.7149772,
7538644,0.57818073,
7538645,0.64718026,
7538646,0.67019254,
7538647,0.7721928,
7538648,0.7869202,
7538649,0.755392,
7538650,0.75445527,
7538658,0.7811226,
7538659,0.75352716,
7538660,0.8516393,
7538661,0.49638796,
7538662,0.6398809,
7538663,0.8274995,
7538664,0.89201486,
7538668,0.8549427,
7538669,0.61406136,
7538670,0.6337701,
7538671,0.82062495,
7538672,0.88267374,
7538673,0.80768216,
7538674,0.6789223,
7538675,0.6690655,
7538676,0.73736596,
7538678,0.90500695,
7538679,0.8424763,
7538681,0.81818116,
7538682,0.7855917,
7538683,0.88211185,
7538684,0.90981203,
7538685,0.6400572,
7538686,0.79947823,
7538690,0.7690276,
7538730,0.79298186,
7538731,0.72574914,
7538735,0.60282946,
7538736,0.6125934,
7538737,0.8533098,
7538738,0.86692053,
7538739,0.8948012,
7538740,0.89194727,
7538741,0.7540039,
7538742,0.7758284,
7538743,0.7637425,
7538744,0.84640783,
7538745,0.8295713,
7538746,0.76371807,
7538747,0.7394656,
7538748,0.8931211,
7538749,0.883528,
7538825,0.89468646,
7538826,0.78336287,
7538827,0.8735573,
7538828,0.82676464,
7538829,0.79050916,
7538830,0.78527004,
7538831,0.73497087,
7538913,0.67549056,
7538922,0.47542173,
7538942,0.7998146,
7539066,0.67544866,
7539067,0.72966236,
7539141,0.8546774,
7539142,0.83022696,
7539143,0.8003243,
7539144,0.8215555,
7539145,0.8970871,
7539146,0.8505,
7539147,0.8589758,
7539148,0.790823,
7539149,0.74567866,
7539150,0.85777617,
7539506,0.63467336,
7539507,0.68453634,
7539526,0.76084703,
7539547,0.8282626,
7539548,0.80904156,
7540121,0.79093915,
7540122,0.82941914,
7540175,0.85193765,
7540177,0.8330392,
7540184,0.6367236,
7540185,0.7508782,
7540195,0.72596604,
7540203,0.7222316,
7540215,0.63705015,
7540218,0.61623067,
7540311,0.7222293,
7540349,0.88239485,
7540718,0.8257594,
7540767,0.69895446,
7540782,0.7154681,
7540786,0.6114033,
7540790,0.73941046,
7540794,0.7526994,
7540795,0.8521736,
7540797,0.69439036,
7540798,0.7797067,
7540799,0.8205312,
7540800,0.77647704,
7540804,0.79185843,
7540806,0.6993878,
7540807,0.73778284,
7540815,0.8428915,
7540816,0.7794895,
7540817,0.87071705,
7540827,0.8361037,
7540846,0.6641599,
7540848,0.7411504,
7540849,0.71492755,
7540850,0.63699543,
7540851,0.6732906,
7540852,0.7160768,
7540853,0.70939386,
7540854,0.8118848,
7540857,0.86502165,
7540950,0.63381475,
7540951,0.83618665,
7540952,0.73611426,
7540953,0.7558335,
7540995,0.27272847,
7540996,0.26888928,
7541025,0.9055826,
7541026,0.84869057,
7541027,0.8819028,
7541112,0.84374046,
7541267,0.38295344,
7541282,0.29110664,
7541301,0.32619208,
7541302,0.29905778,
7541303,0.32863232,
7541759,0.25299835,
7541763,0.28776437,
7541781,0.2847351,
7541782,0.23241003,
7542070,0.9109526,
7542071,0.87057126,
7542072,0.7264325,
7542073,0.79896706,
7542074,0.73114014,
7542075,0.78601104,
7542076,0.6631084,
7542077,0.5285742,
7542162,0.69757473,
7542163,0.7794458,
7542164,0.41762364,
7542165,0.59643286,
7542166,0.75844014,
7542167,0.6950957,
7542168,0.66368365,
7542169,0.5140397,
7542170,0.5785221,
7542171,0.6705912,
7542172,0.75435543,
7542173,0.6532328,
7542174,0.7598776,
7542333,0.7994923,
7542697,0.59594053,
7542914,0.7145152,
7542915,0.7452491,
7542916,0.57600254,
7542917,0.48109987,
7542955,0.69482625,
7542956,0.7358658,
7542958,0.7501728,
7543438,0.86866826,
7543440,0.8585298,
7543441,0.86216515,
7543445,0.8960044,
7543447,0.8478201,
7543453,0.71800184,
7543454,0.6110603,
7543824,0.7998196,
7543826,0.8498135,
7543828,0.78383946,
7543830,0.84619194,
7543831,0.80490863,
7543837,0.8045294,
7543838,0.7144426,
7543839,0.80410063,
7543841,0.80933285,
7543848,0.69187194,
7543849,0.79869664,
7543850,0.8143188,
7543851,0.6804894,
7543891,0.81384516,
7543892,0.80163217,
7543893,0.8473658,
7543894,0.78564364,
7543900,0.8471681,
7543902,0.7985942,
7543930,0.42758965,
7543931,0.4948286,
7543935,0.51602006,
7543936,0.85151464,
7543937,0.67854494,
7544084,0.820298,
7544223,0.79460925,
7544224,0.80292994,
7544225,0.79087895,
7544226,0.8407712,
7544227,0.7370857,
7544228,0.7312191,
7544230,0.84121937,
7544235,0.7732957,
7544236,0.75014,
7544665,0.8114357,
7544675,0.808841,
7544676,0.81214523,
7544677,0.744575,
7544679,0.87519854,
7544686,0.8123691,
7544699,0.87951577,
7544713,0.9076708,
7544715,0.9029202,
7544716,0.916683,
7544723,0.824822,
7544738,0.7685154,
7544739,0.7852112,
7544742,0.7679675,
7544744,0.8120308,
7544747,0.7575004,
7544751,0.8398942,
7544752,0.78484094,
7544753,0.76739854,
7544754,0.81372434,
7544755,0.80808353,
7544798,0.84604263,
7544806,0.8363363,
7544811,0.9104674,
7544813,0.86134976,
7544814,0.7967065,
7544815,0.8015402,
7544817,0.8797443,
7544819,0.8084968,
7544821,0.85742235,
7544822,0.8469026,
7544879,0.7319072,
7544880,0.8989763,
7544890,0.82236737,
7544892,0.7851536,
7544938,0.4616683,
7544939,0.5139352,
7544984,0.87517107,
7545088,0.8771204,
7545089,0.90762955,
7545103,0.90964854,
7545128,0.8932651,
7545129,0.90148056,
7545130,0.9136572,
7545196,0.8513021,
7545200,0.8779167,
7545201,0.89643383,
7545202,0.8431213,
7545203,0.8159714,
7545204,0.8440389,
7545206,0.83557355,
7545207,0.7996723,
7545208,0.7543038,
7545209,0.70678,
7545211,0.80076545,
7545212,0.7638443,
7545213,0.67333215,
7545222,0.81479365,
7545224,0.7723649,
7545225,0.82184887,
7545226,0.7520475,
7545228,0.8501835,
7545229,0.7907335,
7545232,0.83740056,
7545233,0.8642343,
7545271,0.84029156,
7545272,0.7703225,
7545273,0.7368235,
7545274,0.7738768,
7545275,0.7656021,
7545276,0.81675905,
7545277,0.75696224,
7545279,0.77695316,
7545280,0.78498095,
7545281,0.77837235,
7545284,0.8240324,
7545285,0.90548694,
7545286,0.81179917,
7545287,0.8666921,
7545289,0.85866386,
7545290,0.84356606,
7545303,0.69497406,
7545306,0.84908396,
7545316,0.7622271,
7545340,0.84982693,
7545341,0.8535122,
7545342,0.84753585,
7545343,0.8498771,
7545344,0.7690659,
7545363,0.8740516,
7545364,0.91190463,
7545365,0.92340547,
7545366,0.8890572,
7545367,0.8947158,
7545368,0.76160115,
7545369,0.724278,
7545370,0.77411526,
7545371,0.90448374,
7545440,0.7153654,
7545453,0.6717403,
7545460,0.72199494,
7545471,0.64660966,
7545598,0.659099,
7545599,0.66201854,
7545668,0.824121,
7545669,0.85332066,
7545671,0.77393013,
7545672,0.8145657,
7545675,0.78718257,
7545677,0.8968473,
7545678,0.90885353,
7545679,0.90327996,
7545680,0.81242424,
7545681,0.80970865,
7545682,0.7791706,
7545683,0.713349,
7545684,0.89552224,
7545685,0.9066072,
7545686,0.8088551,
7545687,0.8073995,
7545688,0.8387704,
7545689,0.7872868,
7545696,0.8115161,
7545699,0.9343473,
7545700,0.8646652,
7545702,0.86462635,
7545712,0.92360115,
7545716,0.9089918,
7545782,0.8003447,
7545789,0.8389182,
7545790,0.85162336,
7545791,0.810195,
7545884,0.7102189,
7545922,0.81058955,
7545923,0.811976,
7545924,0.7826322,
7545925,0.8258413,
7545927,0.8262689,
7545928,0.8246414,
7545929,0.7537888,
7545982,0.8252018,
7545983,0.83360726,
7545984,0.8396631,
7545998,0.7130779,
7546022,0.7289977,
7546023,0.64423114,
7546024,0.6988377,
7546025,0.7077671,
7546026,0.71315974,
7546027,0.72964114,
7546236,0.8192381,
7546237,0.75245655,
7546238,0.75840575,
7546239,0.71557736,
7546240,0.79807997,
7546262,0.8732185,
7546268,0.7905593,
7546296,0.80201805,
7546325,0.7929488,
7546328,0.8657291,
7546336,0.86992043,
7546337,0.82673776,
7546338,0.799981,
7546347,0.83823764,
7546348,0.82088697,
7546349,0.8081287,
7546350,0.9053079,
7546360,0.83398896,
7546361,0.7556176,
7546368,0.82849234,
7546369,0.8952106,
7546370,0.7532335,
7546371,0.831235,
7546373,0.87390995,
7546374,0.82646567,
7546384,0.82050806,
7546385,0.8567892,
7546386,0.8847173,
7546391,0.9067803,
7546392,0.8930726,
7546393,0.8315019,
7546394,0.8844409,
7546397,0.8061745,
7546398,0.84107614,
7546399,0.84176666,
7546400,0.8232681,
7546401,0.86686945,
7546402,0.882008,
7546403,0.8819113,
7546404,0.88911253,
7546407,0.8742345,
7546408,0.9105008,
7546409,0.9000182,
7546410,0.9080667,
7546411,0.8987384,
7546412,0.86120456,
7546429,0.6565206,
7546430,0.628531,
7546431,0.57222784,
7546432,0.6687858,
7546433,0.8387417,
7546441,0.7421284,
7546444,0.7779951,
7546445,0.8051258,
7546446,0.78237426,
7546447,0.80171037,
7546449,0.793501,
7546450,0.7347081,
7546457,0.8052181,
7546458,0.75482094,
7546459,0.70919883,
7546464,0.83548045,
7546465,0.8138565,
7546466,0.8459764,
7546467,0.8704889,
7546468,0.71687996,
7546469,0.7938136,
7546470,0.74835604,
7546478,0.82009065,
7546479,0.7554363,
7546480,0.81169933,
7546481,0.83809984,
7546482,0.77407527,
7546498,0.6533592,
7546501,0.46054092,
7546505,0.7922811,
7546507,0.7057491,
7546513,0.61927736,
7546514,0.6387627,
7546515,0.7189192,
7546516,0.59975964,
7546517,0.74774915,
7546519,0.6680439,
7546520,0.74310285,
7546521,0.5205035,
7546522,0.68688273,
7546524,0.6678969,
7547030,0.79957837,
7547058,0.82108474,
7547059,0.74672955,
7547060,0.85382515,
7547062,0.8710213,
7547063,0.84340185,
7547065,0.8399862,
7547067,0.77616787,
7547068,0.76228255,
7547071,0.79092383,
7547072,0.78692055,
7547073,0.74283177,
7547074,0.7573669,
7547075,0.7936967,
7547076,0.80265284,
7547078,0.7142855,
7547079,0.84629977,
7547080,0.6900714,
7547081,0.6600977,
7547082,0.7630018,
7547083,0.7957989,
7547084,0.77723867,
7547086,0.6023117,
7547098,0.7127912,
7547103,0.7406839,
7547105,0.71027523,
7547106,0.91086274,
7547108,0.7430996,
7547109,0.78177375,
7547115,0.67776245,
7547118,0.713673,
7547198,0.72998244,
7547212,0.40883997,
7547219,0.62483835,
7547225,0.8115867,
7547227,0.7348001,
7547254,0.7989411,
7547258,0.6735214,
7547330,0.8195753,
7547345,0.9076711,
7547348,0.6577235,
7547636,0.7864693,
7547731,0.6694672,
7548273,0.8701691,
7548277,0.6769553,
7548278,0.64164114,
7548281,0.8288965,
7548282,0.84629315,
7548284,0.6475141,
7548285,0.7144143,
7548286,0.7882091,
7548287,0.74509984,
7548291,0.7007602,
7548292,0.82856834,
7548293,0.8848697,
7548294,0.65310055,
7548295,0.71026504,
7548296,0.7398811,
7548297,0.68338305,
7548298,0.70684826,
7548300,0.8605612,
7548301,0.8453783,
7548302,0.8943638,
7548303,0.83036363,
7548308,0.8100718,
7548315,0.8417654,
7548316,0.82288843,
7548317,0.83052516,
7548319,0.83571666,
7548320,0.8629169,
7548321,0.85790145,
7548327,0.6107103,
7548339,0.84535205,
7548340,0.87134135,
7548341,0.88803655,
7548342,0.92267543,
7548360,0.80222297,
7548361,0.83207047,
7548362,0.7864518,
7548363,0.8478598,
7548364,0.80712485,
7548365,0.8895785,
7548366,0.86815697,
7548367,0.7932022,
7548370,0.8040422,
7548371,0.6821787,
7548372,0.7972453,
7548373,0.7962904,
7548374,0.8102026,
7548375,0.5510398,
7548376,0.7127274,
7548377,0.82215375,
7548378,0.59105027,
7548379,0.6851911,
7548380,0.7063299,
7548381,0.6694832,
7548382,0.8812601,
7548383,0.8871451,
7548396,0.82847434,
7548399,0.82145846,
7548402,0.7773029,
7548403,0.6279451,
7548407,0.8862115,
7548535,0.8632362,
7548536,0.8943669,
7548537,0.9019569,
7548538,0.86298627,
7548552,0.7224254,
7548553,0.8553844,
7548767,0.78473914,
7548768,0.82433814,
7548769,0.8045547,
7548770,0.7959056,
7548771,0.7959637,
7548772,0.8584239,
7548773,0.7781726,
7548774,0.6113192,
7548930,0.8331415,
7548933,0.87366897,
7548942,0.75704175,
7548947,0.8421854,
7548948,0.8544277,
7548949,0.8922422,
7548950,0.86615586,
7548954,0.8337555,
7548957,0.85819787,
7548958,0.88069206,
7548966,0.79443514,
7548981,0.8903247,
7548982,0.9386275,
7548983,0.90061074,
7548984,0.9185752,
7548990,0.90707093,
7549250,0.8196006,
7549251,0.7648732,
7549255,0.82556975,
7549258,0.8226829,
7549259,0.83645165,
7549260,0.8523276,
7549261,0.8728671,
7549262,0.8239043,
7549273,0.8054701,
7549274,0.86735773,
7549275,0.8276699,
7549276,0.84689814,
7549277,0.8639696,
7549278,0.91038114,
7549279,0.9094807,
7549280,0.7812532,
7549286,0.60894203,
7549287,0.8597322,
7549341,0.91892964,
7549418,0.58288836,
7549419,0.56262404,
7549420,0.6721226,
7549588,0.7166195,
7549589,0.80082244,
7549590,0.758652,
7549591,0.80070305,
7549592,0.7347133,
7549593,0.72579247,
7549607,0.8842048,
7549608,0.84365433,
7549614,0.6596502,
7549615,0.860045,
7549616,0.88760495,
7549617,0.87346596,
7549619,0.9172459,
7549620,0.8881257,
7549621,0.73132896,
7549622,0.68294597,
7549623,0.5855787,
7549624,0.6125992,
7549625,0.78874123,
7549626,0.78791654,
7549627,0.87167597,
7549628,0.82943684,
7549629,0.7661541,
7549630,0.77568626,
7549631,0.60273254,
7549632,0.7779261,
7549639,0.66161996,
7549654,0.7025797,
7549655,0.73200643,
7549656,0.70888096,
7549657,0.7034369,
7549658,0.62141436,
7549659,0.6118175,
7549665,0.78812796,
7549666,0.80051225,
7549667,0.8172435,
7549669,0.73096436,
7549670,0.6964829,
7549671,0.68711334,
7549672,0.75389147,
7549673,0.71142405,
7549674,0.7940104,
7549675,0.89456934,
7549677,0.9011365,
7549827,0.8191014,
7549829,0.8532641,
7549831,0.7435705,
7549832,0.7261518,
7549833,0.6926698,
7549834,0.7807339,
7549835,0.7524783,
7549837,0.49389485,
7549838,0.66110957,
7549846,0.7882969,
7549847,0.8744095,
7549848,0.7269011,
7549849,0.90227413,
7549850,0.8782313,
7549870,0.7685285,
7549871,0.8575936,
7549872,0.81095225,
7549873,0.784153,
7549874,0.77309215,
7550151,0.8344245,
7550152,0.6740726,
7550158,0.86918205,
7550160,0.86807585,
7550172,0.8798317,
7550176,0.87646145,
7550177,0.7756425,
7550178,0.7733064,
7550179,0.5887463,
7550180,0.7607593,
7550181,0.7504393,
7550196,0.8034101,
7550197,0.8619677,
7550202,0.7323387,
7550209,0.6479107,
7550236,0.69511753,
7550241,0.82950956,
7550242,0.718811,
7550243,0.7776211,
7550244,0.76722986,
7550245,0.7885741,
7550248,0.79534185,
7550256,0.8035682,
7550259,0.6142865,
7550333,0.9261229,
7550335,0.8940347,
7550337,0.8513044,
7550338,0.8112019,
7550339,0.8981144,
7550358,0.48581114,
7550359,0.79492205,
7550360,0.885074,
7550361,0.8009567,
7550362,0.71256506,
7550363,0.6913986,
7550364,0.839612,
7550365,0.7267495,
7550371,0.6826662,
7550382,0.72242963,
7550383,0.74010986,
7550510,0.6607984,
7550511,0.7117484,
7550542,0.723445,
7550543,0.8259467,
7550553,0.7153281,
7550554,0.7127289,
7550555,0.66768456,
7550556,0.7013049,
7550557,0.71136576,
7550558,0.8373023,
7550559,0.8194302,
7550560,0.9005894,
7550561,0.85670215,
7550562,0.88165015,
7550563,0.8962991,
7550567,0.6487934,
7550568,0.61416984,
7550569,0.6111083,
7550570,0.507062,
7550571,0.5505391,
7550572,0.768137,
7550573,0.7518289,
7551134,0.9282103,
7551378,0.7737866,
7551379,0.7337283,
7551380,0.7965277,
7551381,0.80455273,
7551415,0.7396482,
7551418,0.8321979,
7551422,0.773591,
7551528,0.82336926,
7551535,0.8286702,
7551536,0.8545495,
7551540,0.5843372,
7551541,0.56476444,
7551542,0.69483227,
7551543,0.7268411,
7551544,0.58767956,
7551545,0.6275366,
7551546,0.7316118,
7551547,0.7691161,
7551576,0.6413835,
7551577,0.6172733,
7551578,0.69919986,
7551625,0.72795147,
7551626,0.7240996,
7551627,0.71626586,
7551628,0.66206926,
7551629,0.574546,
7551632,0.8181351,
7551681,0.8610152,
7551682,0.8845666,
7552263,0.87422293,
7552395,0.65163,
7552396,0.71391535,
7552674,0.7917048,
7552675,0.8875767,
7552708,0.6220462,
7552722,0.6246576,
7552723,0.7206004,
7552731,0.7030454,
7552734,0.8042082,
7552736,0.7312253,
7552739,0.81050056,
7552753,0.66932285,
7552758,0.78527385,
7552786,0.7883401,
7552870,0.8784979,
7552900,0.58173835,
7553150,0.8000766,
7553204,0.88923323,
7553216,0.90574396,
7553217,0.9039197,
7553218,0.8756238,
7553219,0.86714655,
7553221,0.9019932,
7553510,0.9148141,
7553511,0.8732517,
7553512,0.70381284,
7553513,0.75007844,
7553549,0.84265816,
7553552,0.9307582,
7553583,0.31439528,
7553663,0.8397776,
7553681,0.8843346,
7553682,0.709817,
7554073,0.8632412,
7554088,0.871289,
7554107,0.8821554,
7554110,0.91503626,
7554111,0.9079738,
7554112,0.9334118,
7554113,0.9032353,
7554244,0.9214223,
7554253,0.87584627,
7554259,0.9031401,
7554261,0.9180013,
7554262,0.91474223,
7554515,0.8016389,
7554516,0.55727476,
7554517,0.80648285,
7554518,0.8247229,
7554519,0.8598618,
7554520,0.72328895,
7554521,0.79937583,
7554614,0.6489133,
7554615,0.77488863,
7554616,0.83950526,
7554617,0.8603086,
7554618,0.7657115,
7554619,0.68831086,
7554627,0.65571266,
7554628,0.73508877,
7554629,0.6434281,
7554630,0.6220416,
7554631,0.64616466,
7554632,0.6293723,
7554633,0.84889305,
7554635,0.7947864,
7554777,0.76013446,
7554778,0.7440518,
7555047,0.69096845,
7555052,0.7973561,
7555100,0.82508636,
7555101,0.7462744,
7555102,0.90555584,
7555153,0.80508196,
7555155,0.8682206,
7555156,0.9212567,
7555158,0.913838,
7555164,0.91047597,
7555165,0.8394706,
7555166,0.9246877,
7555167,0.83414066,
7555169,0.8163924,
7555170,0.75336003,
7555171,0.8216323,
7555251,0.8941291,
7555458,0.89668965,
7555461,0.9006905,
7555463,0.83521444,
7555464,0.8837035,
7555470,0.88369906,
7555480,0.9033134,
7555504,0.7467878,
7555507,0.8032362,
7555508,0.8823055,
7555509,0.91267467,
7555579,0.73118126,
7555869,0.51504195,
7555870,0.8366874,
7555872,0.646094,
7555873,0.6006687,
7555874,0.6853871,
7555875,0.75482374,
7555876,0.8230087,
7555877,0.76285315,
7555879,0.7642829,
7555880,0.6866116,
7555881,0.8418426,
7555882,0.84375244,
7555883,0.81307685,
7555884,0.7161166,
7555887,0.791581,
7555888,0.8957382,
7555889,0.83278954,
7555890,0.5312092,
7555891,0.6645307,
7555892,0.57665414,
7555893,0.7164186,
7555894,0.67772293,
7555895,0.70480716,
7555896,0.6999015,
7555897,0.83490676,
7555898,0.79079443,
7555899,0.79671013,
7555900,0.766871,
7555901,0.82007945,
7555903,0.12824798,
7555904,0.8795104,
7555905,0.6753408,
7555906,0.6276939,
7555908,0.854734,
7555909,0.7250755,
7555910,0.767549,
7555913,0.79695344,
7555917,0.66078323,
7555918,0.4494778,
7555919,0.5826812,
7555921,0.6517192,
7555939,0.8591221,
7555948,0.81136733,
7555950,0.7355604,
7555954,0.8383014,
7555955,0.7674153,
7555956,0.7434826,
7555958,0.5033133,
7555959,0.6812801,
7555960,0.7729986,
7555961,0.84619826,
7555962,0.65824676,
7555963,0.6840284,
7555976,0.5399317,
7556017,0.6643732,
7556019,0.47671193,
7556157,0.7106052,
7556158,0.47300878,
7556159,0.49665266,
7556160,0.5294657,
7556161,0.49043787,
7556162,0.51192594,
7556164,0.5671828,
7556521,0.75946295,
7556522,0.7287784,
7556523,0.63256514,
7556524,0.7663052,
7556526,0.6830973,
7556527,0.8164168,
7556528,0.6745559,
7556529,0.7996928,
7556530,0.74755424,
7556531,0.7589021,
7556532,0.8760493,
7556573,0.25831893,
7556802,0.643163,
7556803,0.75612426,
7556804,0.7669398,
7556805,0.8309605,
7556806,0.89524364,
7556807,0.86918086,
7557090,0.39870033,
7557091,0.7565358,
7557092,0.70274687,
7557093,0.8154881,
7557276,0.7602716,
7557277,0.78979456,
7557278,0.74567944,
7557279,0.7622117,
7557280,0.72185856,
7557281,0.77931184,
7557282,0.68898547,
7557283,0.687166,
7557284,0.67567325,
7557285,0.8545167,
7557286,0.8078034,
7557287,0.706059,
7557288,0.80237716,
7557289,0.7628681,
7557290,0.7270155,
7557291,0.51857114,
7557292,0.7459106,
7557293,0.59126824,
7557295,0.7073712,
7557296,0.7187223,
7557297,0.75890374,
7557298,0.57845217,
7557299,0.64167345,
7557300,0.6534391,
7557301,0.81407475,
7557302,0.71138245,
7557303,0.65528077,
7557316,0.79703003,
7557317,0.7409702,
7557318,0.50328434,
7557319,0.7684217,
7557320,0.7832794,
7557321,0.8157643,
7557324,0.79153883,
7557326,0.74752504,
7557327,0.71777225,
7557328,0.76347274,
7557329,0.7686481,
7557330,0.5862238,
7557331,0.70461583,
7557332,0.7798994,
7557335,0.7121836,
7557722,0.6998608,
7557723,0.69869274,
7557725,0.79564357,
7557839,0.6891988,
7557840,0.6873327,
7557841,0.6665239,
7557842,0.733454,
7557845,0.75922436,
7557846,0.7879066,
7557855,0.7622713,
7557856,0.64829737,
7557858,0.686494,
7557859,0.8724263,
7557860,0.81490993,
7557861,0.8495693,
7557862,0.668001,
7557863,0.7779329,
7557864,0.76044273,
7557865,0.8671867,
7557867,0.3807229,
7557868,0.8639413,
7557873,0.6257781,
7557874,0.80550164,
7557875,0.72617775,
7557876,0.68475676,
7557877,0.6595956,
7557878,0.6714021,
7557879,0.73793197,
7557880,0.7650456,
7557881,0.80066,
7557883,0.70305455,
7557884,0.9002209,
7557885,0.83423895,
7557886,0.86627746,
7557887,0.78199434,
7557888,0.8404965,
7558087,0.12893647,
7558321,0.86652476,
7558330,0.73451024,
7558331,0.6603612,
7558332,0.69488174,
7558338,0.6634549,
7558339,0.6661224,
7558340,0.83237743,
7558341,0.7821615,
7558342,0.60784227,
7558343,0.7069606,
7558344,0.7625161,
7558345,0.7810918,
7558346,0.51445645,
7558347,0.4673673,
7558348,0.553712,
7558392,0.8669001,
7558415,0.83910155,
7558482,0.59798497,
7558661,0.79438716,
7558772,0.7896561,
7558782,0.47811243,
7558783,0.9315146,
7558784,0.86342406,
7558785,0.52122533,
7558787,0.8416872,
7558791,0.85193074,
7558794,0.855925,
7558795,0.7780593,
7558796,0.8522052,
7558797,0.7296326,
7558798,0.8111126,
7558799,0.8720415,
7558802,0.8957847,
7558803,0.778407,
7558804,0.69237375,
7558805,0.8004621,
7558806,0.8410967,
7558807,0.8961472,
7558808,0.9014547,
7558809,0.880361,
7558810,0.9243063,
7558811,0.8876115,
7558812,0.86264604,
7558813,0.9022414,
7558814,0.88518953,
7558815,0.6678474,
7558816,0.8208727,
7558819,0.8501736,
7558820,0.7756041,
7558821,0.9256502,
7558825,0.85205346,
7558826,0.8882461,
7558827,0.8876363,
7558828,0.82441723,
7558829,0.84915555,
7558830,0.8546975,
7558831,0.85439366,
7558832,0.83934927,
7558833,0.8758303,
7558834,0.85049564,
7558835,0.8943945,
7558836,0.7862043,
7558837,0.8946695,
7558839,0.89943737,
7558843,0.8935597,
7558847,0.8399536,
7558848,0.8604821,
7558849,0.83658314,
7558865,0.6844093,
7558897,0.85374504,
7558898,0.7521523,
7558899,0.8731754,
7558900,0.8720837,
7558901,0.8737349,
7558902,0.8884776,
7558903,0.84897226,
7558904,0.84517413,
7559164,0.5857919,
7559165,0.6137813,
7559184,0.64403546,
7559185,0.6913896,
7559259,0.91825134,
7559335,0.80102897,
7559336,0.8379402,
7559407,0.68519455,
7559408,0.6125044,
7559623,0.7630491,
7559624,0.837505,
7559625,0.790674,
7559635,0.81105685,
7559639,0.7817884,
7559641,0.8076723,
7559642,0.75000423,
7559646,0.8071962,
7559647,0.76899284,
7559649,0.8654458,
7559651,0.78951263,
7559652,0.786686,
7559653,0.84456176,
7559736,0.7898248,
7559737,0.7969635,
7559760,0.8921725,
7559761,0.8959684,
7559762,0.6024282,
7560386,0.8320856,
7560387,0.7723057,
7560388,0.81608284,
7560418,0.81342536,
7560801,0.71339554,
7560842,0.84808606,
7560843,0.7983954,
7560844,0.89017075,
7560845,0.8337596,
7561081,0.8848349,
7561109,0.84575593,
7561237,0.813657,
7561238,0.8556303,
7561239,0.8873818,
7561240,0.6609535,
7561241,0.75154203,
7561271,0.6776361,
7561272,0.73873407,
7561275,0.88251215,
7561675,0.8660027,
7561757,0.754738,
7561758,0.68800163,
7561759,0.71301985,
7561760,0.8952476,
7561761,0.869182,
7561762,0.64436805,
7561763,0.7759438,
7561814,0.6189291,
7561977,0.9192981,
7561978,0.93634886,
7561979,0.8888799,
7562017,0.6577281,
7562018,0.7022736,
7562025,0.7289334,
7562026,0.9000003,
7562028,0.67926335,
7562029,0.4477042,
7562030,0.5898606,
7562032,0.77326816,
7562046,0.7185765,
7562047,0.65541804,
7562048,0.65215176,
7562049,0.76200193,
7562057,0.8654734,
7562059,0.62688255,
7562063,0.88981766,
7562067,0.8193603,
7562068,0.7806377,
7562069,0.6814131,
7562073,0.6239749,
7562074,0.8103469,
7562076,0.8153872,
7562081,0.60500497,
7562082,0.88489026,
7562085,0.79425716,
7562086,0.75163275,
7562087,0.6704318,
7562088,0.6461421,
7562089,0.8857749,
7562091,0.85348004,
7562092,0.7935991,
7562094,0.7349309,
7562096,0.5926509,
7562102,0.7122921,
7562110,0.6328375,
7562114,0.49335095,
7562118,0.7970615,
7562119,0.7144334,
7562125,0.8010563,
7562130,0.80096406,
7562135,0.77722657,
7562139,0.77550954,
7562144,0.8824655,
7562147,0.8326194,
7562165,0.8279128,
7562167,0.7934802,
7562199,0.68373466,
7562242,0.44169962,
7562243,0.8296818,
7562244,0.8544161,
7562245,0.6828705,
7562246,0.78468823,
7562247,0.8007383,
7562248,0.7443515,
7562249,0.77347106,
7562251,0.83680946,
7562254,0.73637664,
7562255,0.71214044,
7562256,0.73312724,
7562258,0.8548526,
7562260,0.81742454,
7562261,0.7552491,
7562262,0.833118,
7562263,0.8143607,
7562264,0.6540147,
7562265,0.8973068,
7562271,0.604064,
7562272,0.645882,
7562273,0.8005725,
7562274,0.85676396,
7562275,0.8677349,
7562276,0.8357439,
7562278,0.73325473,
7562280,0.86325705,
7562281,0.8836207,
7562282,0.798885,
7562283,0.8668032,
7562285,0.7729831,
7562286,0.8639711,
7562287,0.88710076,
7562289,0.9369865,
7562549,0.5895175,
7562754,0.6894369,
7562755,0.7866228,
7562791,0.78869915,
7562794,0.8363225,
7562795,0.8408493,
7562864,0.8352948,
7562865,0.7466439,
7562943,0.7418326,
7562944,0.8044921,
7562945,0.82084435,
7562946,0.8160329,
7562947,0.75320214,
7562948,0.81664735,
7562951,0.8604009,
7562955,0.8919788,
7562956,0.8602807,
7562957,0.8676075,
7562958,0.763032,
7562959,0.7833993,
7562961,0.8069256,
7562962,0.7513506,
7562963,0.7514024,
7562964,0.7180342,
7562965,0.85367435,
7562966,0.7422069,
7562967,0.7173046,
7562968,0.7316143,
7562969,0.79810894,
7562970,0.65071964,
7562971,0.72758734,
7562972,0.8643317,
7562973,0.88020146,
7563006,0.73582184,
7563017,0.8022713,
7563018,0.84283704,
7563050,0.7554898,
7563051,0.6773633,
7563052,0.87416995,
7563053,0.82476306,
7563054,0.69471604,
7563055,0.8301941,
7563056,0.6996636,
7563059,0.68399954,
7563060,0.80564225,
7563181,0.87574524,
7563182,0.8875548,
7563183,0.9112066,
7563184,0.90109265,
7563185,0.86867976,
7563186,0.904149,
7563187,0.9179243,
7563188,0.8961492,
7563189,0.88044614,
7563300,0.8758179,
7563301,0.822198,
7563302,0.7145849,
7563303,0.54395133,
7563304,0.8483179,
7563530,0.8341859,
7563543,0.68940884,
7563868,0.9121693,
7563870,0.7734261,
7563873,0.8014174,
7563874,0.8186069,
7563875,0.8172277,
7563876,0.8844377,
7563877,0.82521534,
7563991,0.7410925,
7563992,0.8178145,
7564058,0.65225405,
7564059,0.708295,
7564082,0.85018003,
7564083,0.86587757,
7564084,0.87085086,
7564507,0.6726652,
7564532,0.74805576,
7564759,0.27774593,
7565002,0.86025643,
7565004,0.6414927,
7565005,0.8277717,
7565011,0.7812005,
7565012,0.89254546,
7565013,0.8866262,
7565014,0.8178633,
7565015,0.81398326,
7565016,0.8192816,
7565017,0.7256162,
7565020,0.7970907,
7565021,0.77572805,
7565022,0.6316275,
7565023,0.84653115,
7565024,0.86822367,
7565025,0.79955715,
7565026,0.6871554,
7565028,0.7361586,
7565029,0.70825356,
7565032,0.59600234,
7565033,0.5943174,
7565034,0.78087693,
7565040,0.7986588,
7565041,0.80865645,
7565042,0.85294104,
7565043,0.8172069,
7565044,0.8646961,
7565046,0.89495736,
7565047,0.7455092,
7565117,0.6050663,
7565118,0.6777755,
7565256,0.41903824,
7565685,0.7202056,
7565925,0.89312786,
7565926,0.84603196,
7565927,0.8013662,
7565934,0.569826,
7565935,0.84351635,
7565936,0.8125935,
7565938,0.44351736,
7565939,0.46473396,
7565950,0.81386226,
7565952,0.8852561,
7566169,0.84479785,
7566171,0.8180504,
7566173,0.7630719,
7566174,0.7514494,
7566175,0.81426257,
7566176,0.8890314,
7566177,0.7550085,
7566178,0.61991394,
7566179,0.6118851,
7566180,0.6867454,
7566181,0.7253305,
7566182,0.7692304,
7566183,0.75189877,
7566184,0.8270564,
7566185,0.7822275,
7566186,0.57203203,
7566187,0.8920465,
7566188,0.86883324,
7566189,0.838692,
7566191,0.6460274,
7566192,0.51671624,
7566194,0.7822548,
7566203,0.77056324,
7566204,0.83747053,
7566205,0.6462761,
7566207,0.8890067,
7566208,0.8624142,
7566209,0.6995979,
7566211,0.8349999,
7566212,0.8132701,
7566213,0.8209057,
7566214,0.80157185,
7566217,0.9205532,
7566219,0.84387714,
7566223,0.75886124,
7566228,0.71743375,
7566235,0.8217729,
7566239,0.79230464,
7566240,0.8036371,
7566247,0.8166801,
7566250,0.4066917,
7566393,0.9261241,
7566522,0.82461065,
7566523,0.8733521,
7566524,0.7785114,
7566938,0.8748843,
7566939,0.7198529,
7566944,0.76032555,
7566946,0.8649546,
7566947,0.75778896,
7566948,0.7576315,
7566949,0.72911847,
7566953,0.8476501,
7566954,0.8533932,
7566955,0.8714375,
7566957,0.8268878,
7566958,0.81155825,
7566965,0.8530647,
7566966,0.7828161,
7566967,0.8148133,
7566968,0.83594656,
7566969,0.87885,
7566970,0.8641151,
7566971,0.8848711,
7566972,0.76815003,
7566973,0.81034726,
7566974,0.8271898,
7567016,0.7613763,
7567017,0.6483548,
7567019,0.7801599,
7567021,0.824324,
7567023,0.7398233,
7567218,0.23171109,
7567219,0.23841219,
7567544,0.7681065,
7567546,0.8595846,
7567551,0.63214993,
7567615,0.6737763,
7567844,0.6602458,
7567845,0.7185719,
7568066,0.71488184,
7568075,0.73102796,
7568128,0.6001401,
7568288,0.85301006,
7568289,0.8910609,
7568292,0.7115806,
7568295,0.663603,
7568296,0.8370701,
7568298,0.9083214,
7568299,0.8752628,
7568306,0.78490883,
7568309,0.6570208,
7568337,0.66653144,
7568338,0.65734243,
7568339,0.5425366,
7568340,0.6301701,
7568341,0.4979714,
7568342,0.8530946,
7568343,0.8081943,
7568344,0.81439525,
7568346,0.85637265,
7568347,0.8235314,
7568348,0.86737424,
7568349,0.7387917,
7568350,0.6698983,
7568351,0.6431265,
7568352,0.7823772,
7568353,0.8228662,
7568354,0.8510992,
7568355,0.84194833,
7568356,0.7952888,
7568357,0.82341725,
7568360,0.51921326,
7568361,0.69964534,
7568362,0.7169505,
7568363,0.69601446,
7568364,0.86915696,
7568366,0.8913081,
7568368,0.5284683,
7568371,0.8364172,
7568372,0.744411,
7568373,0.77563685,
7568374,0.8748274,
7568375,0.91579103,
7568376,0.5302231,
7568381,0.69473183,
7568384,0.7769751,
7568385,0.81655693,
7568386,0.53331155,
7568388,0.55716705,
7568390,0.7915723,
7568392,0.8138112,
7568394,0.74630934,
7568395,0.6896722,
7568396,0.7360092,
7568397,0.7704773,
7568398,0.7739902,
7568399,0.7700343,
7568400,0.6748807,
7568401,0.66959256,
7568403,0.802584,
7568405,0.83214253,
7568412,0.85600173,
7568413,0.8877546,
7568414,0.8912914,
7568415,0.8482189,
7568432,0.87653387,
7568433,0.83519125,
7568434,0.86217064,
7568435,0.8449112,
7568436,0.7898426,
7568437,0.85258377,
7568441,0.7267694,
7568443,0.65835667,
7568449,0.81876314,
7568451,0.8145829,
7568452,0.8169585,
7568453,0.7717598,
7568455,0.84024036,
7568456,0.87210435,
7568809,0.67066765,
7568942,0.8554443,
7568943,0.9136257,
7568944,0.8570418,
7568945,0.83778423,
7568983,0.8106019,
7568986,0.62616,
7569035,0.8737736,
7569036,0.8514033,
7569037,0.89962804,
7569074,0.7378082,
7569179,0.8340567,
7569180,0.83020854,
7569183,0.6514163,
7569184,0.6071788,
7569185,0.8253959,
7569186,0.8519547,
7569187,0.8390262,
7569188,0.8078885,
7569189,0.79899865,
7569190,0.8172081,
7569390,0.31451666,
7569396,0.48343986,
7569403,0.78634334,
7569404,0.7613213,
7569411,0.8060259,
7569412,0.8099205,
7569413,0.8221782,
7569414,0.85701185,
7569416,0.7857756,
7569417,0.8276679,
7569418,0.776139,
7569419,0.72691065,
7569423,0.7563901,
7569424,0.7857946,
7569425,0.82057744,
7569426,0.75849384,
7569427,0.7636099,
7569428,0.76809096,
7569429,0.71030146,
7569432,0.7946959,
7569433,0.76832116,
7569438,0.7079699,
7569442,0.8662835,
7569444,0.8638877,
7569453,0.7881214,
7569462,0.5263151,
7569463,0.5599788,
7569464,0.8105522,
7569467,0.87111056,
7569468,0.703925,
7569470,0.64719796,
7569473,0.8801691,
7569475,0.9254075,
7569476,0.87592435,
7569480,0.8029071,
7569481,0.68196654,
7569482,0.6602337,
7569483,0.7767933,
7569486,0.75097567,
7569487,0.7468772,
7569488,0.6988783,
7569490,0.8423895,
7569491,0.899469,
7569493,0.8083172,
7569494,0.88456035,
7569508,0.6887028,
7569509,0.7691797,
7569510,0.73545706,
7569511,0.84535563,
7569512,0.7702718,
7569513,0.741333,
7569514,0.7538786,
7569515,0.67412597,
7569516,0.7054105,
7569517,0.73892605,
7569518,0.7757825,
7569519,0.7648207,
7569522,0.69899756,
7569523,0.6808331,
7569828,0.8738084,
7569832,0.76195097,
7569835,0.815238,
7569900,0.7923927,
7569901,0.8460312,
7569919,0.90576553,
7570217,0.7929698,
7570218,0.84056723,
7570219,0.7791391,
7570222,0.8110913,
7570223,0.8033879,
7570225,0.65432256,
7570228,0.7385192,
7570229,0.7551482,
7570306,0.9121406,
7570307,0.8961321,
7570308,0.923959,
7570309,0.7070181,
7570310,0.738554,
7570311,0.76312494,
7570318,0.73436505,
7570319,0.71309847,
7570342,0.88510084,
7570343,0.78507185,
7570344,0.8705945,
7570360,0.76384133,
7570365,0.80210555,
7570367,0.78998697,
7570803,0.26441205,
7570804,0.22398385,
7570805,0.23095132,
7570807,0.21987346,
7570808,0.23104599,
7570809,0.23904166,
7570891,0.26179025,
7570974,0.74041474,
7570976,0.8407615,
7570979,0.80768776,
7570980,0.8361793,
7570981,0.74154955,
7570985,0.5903102,
7571039,0.7454482,
7571043,0.83963364,
7571045,0.67326355,
7571047,0.7254148,
7571048,0.7835126,
7571122,0.60828584,
7571133,0.88296187,
7571134,0.9080592,
7571204,0.75767446,
7571205,0.4496159,
7571206,0.33737668,
7571207,0.47176406,
7571208,0.8277125,
7571209,0.81428367,
7571213,0.8633302,
7571216,0.8369278,
7571217,0.8475392,
7571219,0.49219003,
7571220,0.5177337,
7571645,0.7372903,
7571646,0.5837931,
7571647,0.6429053,
7571666,0.92239964,
7571678,0.78969795,
7571699,0.19179298,
7571798,0.6827311,
7571799,0.45275065,
7572018,0.91286916,
7572019,0.8365085,
7572025,0.77583486,
7572026,0.8346983,
7572083,0.8447034,
7572153,0.46492127,
7572189,0.8335719,
7572208,0.79318684,
7572300,0.815072,
7572302,0.8335461,
7572314,0.78536266,
7572473,0.73041874,
7572475,0.5951752,
7572477,0.5856977,
7572495,0.6874762,
7572499,0.7106833,
7572508,0.7414881,
7572509,0.72228855,
7572510,0.81532425,
7572511,0.8119364,
7572512,0.77627677,
7572514,0.80696213,
7572515,0.76831186,
7572517,0.8218907,
7572519,0.7231463,
7572520,0.862206,
7572809,0.8218598,
7572810,0.47438306,
7572811,0.76950055,
7572812,0.7447306,
7572813,0.7645602,
7573085,0.7659181,
7573318,0.77905023,
7573335,0.83189034,
7573339,0.7128391,
7573345,0.82608324,
7573347,0.6993766,
7573348,0.71243256,
7573349,0.77505946,
7573352,0.71225506,
7573356,0.7884703,
7573357,0.749627,
7573358,0.8233845,
7573359,0.73724407,
7573360,0.81826645,
7573362,0.8367001,
7573363,0.8514411,
7573366,0.8544586,
7573369,0.8074027,
7573370,0.8645274,
7573371,0.79332274,
7573372,0.8391181,
7573378,0.7213937,
7573388,0.7448942,
7573781,0.77778023,
7573782,0.74423903,
7573901,0.66653085,
7573902,0.6313173,
7573903,0.69035006,
7574086,0.7433571,
7574892,0.7402412,
7574894,0.6961444,
7574912,0.7618809,
7574913,0.720933,
7574914,0.7379694,
7574915,0.7669218,
7574916,0.80912095,
7574917,0.8206282,
7574918,0.6838567,
7574928,0.7195191,
7574932,0.91104287,
7575627,0.67836344,
7575628,0.79236,
7576362,0.8349301,
7576363,0.8516928,
7576364,0.8796244,
7576365,0.8893277,
7576368,0.8684505,
7576370,0.5940536,
7576371,0.6290819,
7576372,0.5974086,
7576465,0.4483552,
7576466,0.83393973,
7576467,0.62932473,
7576468,0.63124394,
7576469,0.90149814,
7576470,0.8425481,
7576472,0.87859195,
7577406,0.76711774,
7577407,0.8607443,
7577408,0.8057417,
7577409,0.85069203,
7577410,0.84951895,
7577411,0.8243788,
7577412,0.8144888,
7577413,0.6833327,
7577895,0.84565294,
7577994,0.69132286,
7578369,0.5759939,
7578578,0.84935826,
7578579,0.860715,
7578879,0.83813834,
7579041,0.925616,
7579104,0.8015485,
7579105,0.8048419,
7579106,0.80669194,
7579107,0.60956365,
7579108,0.57998157,
7579110,0.73925066,
7579111,0.7982032,
7579875,0.68244666,
7579896,0.7278426,
7579897,0.725527,
7579898,0.8452111,
7579899,0.8019856,
7579900,0.6696057,
7579901,0.7332583,
7579902,0.5926387,
7579904,0.85063595,
7579905,0.627404,
7580613,0.8140134,
7580614,0.8675177,
7580615,0.8057615,
7580616,0.8490107,
7581631,0.64053726,
7581642,0.8594303,
7581643,0.7225146,
7582882,0.7547573,